run_id,seed,N,phi,operator_name,operator_family,topology_identity_before,topology_identity_after,valid_before,valid_after,Theta_NM_before,Theta_NM_after,Delta_Theta_NM,Theta_sum_before,Theta_sum_after,Delta_Theta_sum,Theta_shape_before,Theta_shape_after,Delta_Theta_shape,B_rms_before,B_rms_after,Delta_B_rms,S_pred_before,S_pred_after,Delta_S_pred,du_rms_before,du_rms_after,Delta_du_rms,du_max_before,du_max_after,Delta_du_max,U_overlap_before,U_overlap_after,Delta_U_overlap,max_overlap_before,max_overlap_after,Delta_max_overlap,radius_ratio_before,radius_ratio_after,degree_radius_corr_before,degree_radius_corr_after,time_sec,success_left,success_down,success_diagonal,status,notes
0,6000,576,8.39999999999999969e-01,bounded_ricci_du010,sum_channel,voro_radical,voro_radical_fixed_topology,1,1,1.17974262783143283e-01,1.13652904188127568e-01,-4.32135859501571462e-03,7.35738568177581181e-02,5.81711272377717498e-02,-1.54027295799863684e-02,1.17460733244344542e-01,1.16124356261749356e-01,-1.33637698259518600e-03,5.34834314009275502e-01,4.21381148041386377e-01,-1.13453165967889125e-01,1.40001227406915746e+02,1.06327330911830757e+02,-3.36738964950849891e+01,1.48645972054075731e-01,1.23547801281836678e-01,-2.50981707722390535e-02,6.33962044370051103e-01,5.56373383303598534e-01,-7.75886610664525689e-02,1.22844283691834599e-03,1.89676047698985606e-01,1.88447604862067269e-01,4.71472371064951545e-03,9.89075054080470473e-02,9.41927816973975318e-02,4.74246217406952830e+00,4.83298172853047525e+00,8.06748591938601045e-01,8.54730072943127528e-01,1.10433372500000360e+00,1,1,1,ok,relative_bounded_ricci
0,6000,576,8.39999999999999969e-01,box_shear_aspect,shape_channel,voro_radical,voro_radical_rebuilt,1,1,1.17974262783143283e-01,1.17973393575716443e-01,-8.69207426840157282e-07,7.35738568177581181e-02,7.35738568177581181e-02,0.00000000000000000e+00,1.17460733244344542e-01,1.17460295949178450e-01,-4.37295166091922205e-07,5.34834314009275502e-01,5.34834314009275502e-01,0.00000000000000000e+00,1.40001227406915746e+02,1.40001227406915746e+02,0.00000000000000000e+00,1.48645972054075731e-01,1.48645972054075731e-01,0.00000000000000000e+00,6.33962044370051103e-01,6.33962044370051103e-01,0.00000000000000000e+00,1.22844283691834599e-03,1.22628824901584665e-03,-2.15458790249934036e-06,4.71472371064951545e-03,4.70523291230140472e-03,-9.49079834811072942e-06,4.74246217406952830e+00,4.74246217406952830e+00,8.06748591938601045e-01,8.06748591938601045e-01,1.23580860259999952e+01,0,1,0,ok,aspect-only box strain; shear omitted for rectangular voro++ container
0,6000,576,8.39999999999999969e-01,compression_step,coupled,voro_radical,voro_radical_rebuilt,1,1,1.17974262783143283e-01,1.17974262783143130e-01,-1.52655665885959024e-16,7.35738568177581181e-02,7.35738568177580765e-02,-4.16333634234433703e-17,1.17460733244344542e-01,1.17460733244344542e-01,0.00000000000000000e+00,5.34834314009275502e-01,5.34834314009275502e-01,0.00000000000000000e+00,1.40001227406915746e+02,1.40001227406915746e+02,0.00000000000000000e+00,1.48645972054075731e-01,1.48645972054075731e-01,0.00000000000000000e+00,6.33962044370051103e-01,6.33962044370051103e-01,0.00000000000000000e+00,1.22844283691834599e-03,0.00000000000000000e+00,-1.22844283691834599e-03,4.71472371064951545e-03,0.00000000000000000e+00,-4.71472371064951545e-03,4.74246217406952830e+00,4.74246217406952830e+00,8.06748591938601045e-01,8.06748591938601045e-01,9.50711798599999725e+00,1,0,0,ok,local phi scan best endpoint
0,6000,576,8.39999999999999969e-01,free_ricci,sum_channel,voro_radical,voro_radical_fixed_topology,1,1,1.17974262783143283e-01,1.10383561992771009e-01,-7.59070079037227341e-03,7.35738568177581181e-02,6.81171533603923995e-12,-7.35738568109464003e-02,1.17460733244344542e-01,1.13390271958102903e-01,-4.07046128624163894e-03,5.34834314009275502e-01,4.88389946270090924e-11,-5.34834313960436458e-01,1.40001227406915746e+02,1.75411775582006132e-08,-1.40001227389374577e+02,1.48645972054075731e-01,2.25639929242406119e-10,-1.48645971828435808e-01,6.33962044370051103e-01,4.57061842041635968e-10,-6.33962043912989270e-01,1.22844283691834599e-03,9.04871683096131818e+00,9.04748838812439971e+00,4.71472371064951545e-03,7.40771357537858943e-01,7.36056633827209428e-01,4.74246217406952830e+00,5.47364666742605177e+00,8.06748591938601045e-01,9.23984898722775005e-01,9.03420481000011932e-01,1,1,1,ok,converged: max_abs_K < tol
0,6000,576,8.39999999999999969e-01,post_voro_surgery,topology,voro_radical,post_surgery_nonradical,1,1,1.17974262783143283e-01,1.32553527809868010e-01,1.45792650267247276e-02,7.35738568177581181e-02,6.82499220571122639e-02,-5.32393476064585425e-03,1.17460733244344542e-01,1.38305808298267441e-01,2.08450750539228985e-02,5.34834314009275502e-01,4.97139828460804178e-01,-3.76944855484713237e-02,1.40001227406915746e+02,1.00093985846114052e+02,-3.99072415608016939e+01,1.48645972054075731e-01,1.40428163520810528e-01,-8.21780853326520289e-03,6.33962044370051103e-01,4.78515387517506552e-01,-1.55446656852544551e-01,1.22844283691834599e-03,1.22844283691834599e-03,0.00000000000000000e+00,4.71472371064951545e-03,4.71472371064951545e-03,0.00000000000000000e+00,4.74246217406952830e+00,4.74246217406952830e+00,8.06748591938601045e-01,8.30391354992464081e-01,5.04668294393999986e+02,1,0,0,ok,light topology surgery; no longer radical
0,6000,576,8.39999999999999969e-01,radius_label_swap,sum_channel,voro_radical,voro_radical_rebuilt,1,1,1.17974262783143283e-01,1.17974262783143283e-01,0.00000000000000000e+00,7.35738568177581181e-02,7.35738568177581181e-02,0.00000000000000000e+00,1.17460733244344542e-01,1.17460733244344542e-01,0.00000000000000000e+00,5.34834314009275502e-01,5.34834314009275502e-01,0.00000000000000000e+00,1.40001227406915746e+02,1.40001227406915746e+02,0.00000000000000000e+00,1.48645972054075731e-01,1.48645972054075731e-01,0.00000000000000000e+00,6.33962044370051103e-01,6.33962044370051103e-01,0.00000000000000000e+00,1.22844283691834599e-03,1.22844283691834599e-03,0.00000000000000000e+00,4.71472371064951545e-03,4.71472371064951545e-03,0.00000000000000000e+00,4.74246217406952830e+00,4.74246217406952830e+00,8.06748591938601045e-01,8.06748591938601045e-01,1.16134222729999692e+01,0,0,0,ok,radius labels permuted; distribution exactly preserved
0,6000,576,8.39999999999999969e-01,shape_descent,shape_channel,voro_radical,voro_radical_rebuilt,1,1,1.17974262783143283e-01,1.17962330015457639e-01,-1.19327676856434417e-05,7.35738568177581181e-02,7.35738568177581181e-02,0.00000000000000000e+00,1.17460733244344542e-01,1.17453562644074985e-01,-7.17060026955707031e-06,5.34834314009275502e-01,5.34834314009275502e-01,0.00000000000000000e+00,1.40001227406915746e+02,1.40001227406915746e+02,0.00000000000000000e+00,1.48645972054075731e-01,1.48645972054075731e-01,0.00000000000000000e+00,6.33962044370051103e-01,6.33962044370051103e-01,0.00000000000000000e+00,1.22844283691834599e-03,1.23197384292124271e-03,3.53100600289672426e-06,4.71472371064951545e-03,4.71472371064951545e-03,0.00000000000000000e+00,4.74246217406952830e+00,4.74246217406952830e+00,8.06748591938601045e-01,8.06748591938601045e-01,1.68154675359999999e+01,0,1,0,ok,stochastic coordinate shape descent
1,6001,576,8.39999999999999969e-01,bounded_ricci_du010,sum_channel,voro_radical,voro_radical_fixed_topology,1,1,1.18930628660624663e-01,1.15320182907328539e-01,-3.61044575329612372e-03,7.01798219966494469e-02,5.68027846181196200e-02,-1.33770373785298269e-02,1.20113654900885714e-01,1.18849275934066842e-01,-1.26437896681887152e-03,5.08387484015149216e-01,4.09944349276368136e-01,-9.84431347387810796e-02,1.06326599752158117e+02,8.41691265214226263e+01,-2.21574732307354907e+01,1.44723130324403454e-01,1.22943251230948347e-01,-2.17798790934551068e-02,4.96276440344299852e-01,4.47604849686985662e-01,-4.86715906573141899e-02,2.46571237642286435e-03,1.88865680773391609e-01,1.86399968396968735e-01,6.81125454725273194e-03,1.06550514520010520e-01,9.97392599727577878e-02,4.74246217406952830e+00,4.72319861563500698e+00,8.22361461352012491e-01,8.63150042348787672e-01,8.83082364000017606e-01,1,1,1,ok,relative_bounded_ricci
1,6001,576,8.39999999999999969e-01,box_shear_aspect,shape_channel,voro_radical,voro_radical_rebuilt,1,1,1.18930628660624663e-01,1.18930493849919133e-01,-1.34810705529342378e-07,7.01798219966494469e-02,7.01798219966494469e-02,0.00000000000000000e+00,1.20113654900885714e-01,1.20113227590479862e-01,-4.27310405851089037e-07,5.08387484015149216e-01,5.08387484015149216e-01,0.00000000000000000e+00,1.06326599752158117e+02,1.06326599752158117e+02,0.00000000000000000e+00,1.44723130324403454e-01,1.44723130324403454e-01,0.00000000000000000e+00,4.96276440344299852e-01,4.96276440344299852e-01,0.00000000000000000e+00,2.46571237642286435e-03,2.46381354878714553e-03,-1.89882763571881663e-06,6.81125454725273194e-03,6.87532475413998867e-03,6.40702068872567310e-05,4.74246217406952830e+00,4.74246217406952830e+00,8.22361461352012491e-01,8.22361461352012491e-01,1.34138209879999977e+01,0,1,0,ok,aspect-only box strain; shear omitted for rectangular voro++ container
1,6001,576,8.39999999999999969e-01,compression_step,coupled,voro_radical,voro_radical_rebuilt,1,1,1.18930628660624663e-01,1.19051091385456539e-01,1.20462724831876811e-04,7.01798219966494469e-02,6.98144715692703977e-02,-3.65350427379049214e-04,1.20113654900885714e-01,1.20278454457498241e-01,1.64799556612527098e-04,5.08387484015149216e-01,5.06448256920421391e-01,-1.93922709472782451e-03,1.06326599752158117e+02,1.06174083953331603e+02,-1.52515798826513560e-01,1.44723130324403454e-01,1.44617504609532516e-01,-1.05625714870938303e-04,4.96276440344299852e-01,4.95864489420551890e-01,-4.11950923747961273e-04,2.46571237642286435e-03,0.00000000000000000e+00,-2.46571237642286435e-03,6.81125454725273194e-03,0.00000000000000000e+00,-6.81125454725273194e-03,4.74246217406952830e+00,4.74246217406952830e+00,8.22361461352012491e-01,8.22463875676057832e-01,9.51421012799997357e+00,1,0,0,ok,local phi scan best endpoint
1,6001,576,8.39999999999999969e-01,free_ricci,sum_channel,voro_radical,voro_radical_fixed_topology,1,1,1.18930628660624663e-01,1.13326048746430375e-01,-5.60457991419428814e-03,7.01798219966494469e-02,7.38001442548441674e-12,-7.01798219892694336e-02,1.20113654900885714e-01,1.16352867573633389e-01,-3.76078732725232401e-03,5.08387484015149216e-01,5.07010456048882426e-11,-5.08387483964448217e-01,1.06326599752158117e+02,1.81987857142948945e-08,-1.06326599733959327e+02,1.44723130324403454e-01,2.34211939444490491e-10,-1.44723130090191526e-01,4.96276440344299852e-01,4.58645077932486323e-10,-4.96276439885654785e-01,2.46571237642286435e-03,1.03682689430310901e+01,1.03658032306546666e+01,6.81125454725273194e-03,6.17480118615673312e-01,6.10668864068420580e-01,4.74246217406952830e+00,5.44207032832478976e+00,8.22361461352012491e-01,9.19430450299390967e-01,1.06138726100002145e+00,1,1,1,ok,converged: max_abs_K < tol
1,6001,576,8.39999999999999969e-01,post_voro_surgery,topology,voro_radical,post_surgery_nonradical,1,1,1.18930628660624663e-01,1.35894849538722939e-01,1.69642208780982767e-02,7.01798219966494469e-02,6.76322421763232290e-02,-2.54757982032621788e-03,1.20113654900885714e-01,1.42861074225496459e-01,2.27474193246107459e-02,5.08387484015149216e-01,4.86595337416886708e-01,-2.17921465982625073e-02,1.06326599752158117e+02,9.48697676215865044e+01,-1.14568321305716125e+01,1.44723130324403454e-01,1.42863794403271988e-01,-1.85933592113146640e-03,4.96276440344299852e-01,4.41493817948776401e-01,-5.47826223955234504e-02,2.46571237642286435e-03,2.46571237642286435e-03,0.00000000000000000e+00,6.81125454725273194e-03,6.81125454725273194e-03,0.00000000000000000e+00,4.74246217406952830e+00,4.74246217406952830e+00,8.22361461352012491e-01,8.38244364489458382e-01,4.97395932215000016e+02,1,0,0,ok,light topology surgery; no longer radical
1,6001,576,8.39999999999999969e-01,radius_label_swap,sum_channel,voro_radical,voro_radical_rebuilt,1,1,1.18930628660624663e-01,1.18928251123533987e-01,-2.37753709067534125e-06,7.01798219966494469e-02,7.01784683637687173e-02,-1.35363288072953836e-06,1.20113654900885714e-01,1.20113046423320685e-01,-6.08477565028353595e-07,5.08387484015149216e-01,5.08379430277947186e-01,-8.05373720202950949e-06,1.06326599752158117e+02,1.06322602496331257e+02,-3.99725582686016878e-03,1.44723130324403454e-01,1.44716899595437709e-01,-6.23072896574483615e-06,4.96276440344299852e-01,4.96276523430287331e-01,8.30859874789702246e-08,2.46571237642286435e-03,2.45773404114938950e-03,-7.97833527347484653e-06,6.81125454725273194e-03,6.81125454725273194e-03,0.00000000000000000e+00,4.74246217406952830e+00,4.74246217406952830e+00,8.22361461352012491e-01,8.22369348451469917e-01,1.49547055900000032e+01,1,1,1,ok,radius labels permuted; distribution exactly preserved
1,6001,576,8.39999999999999969e-01,shape_descent,shape_channel,voro_radical,voro_radical_rebuilt,1,1,1.18930628660624663e-01,1.18917150621203546e-01,-1.34780394211164722e-05,7.01798219966494469e-02,7.01798219966494469e-02,0.00000000000000000e+00,1.20113654900885714e-01,1.20106281374412358e-01,-7.37352647335598466e-06,5.08387484015149216e-01,5.08387484015149216e-01,0.00000000000000000e+00,1.06326599752158117e+02,1.06326599752158117e+02,0.00000000000000000e+00,1.44723130324403454e-01,1.44723130324403454e-01,0.00000000000000000e+00,4.96276440344299852e-01,4.96276440344299852e-01,0.00000000000000000e+00,2.46571237642286435e-03,2.53240056359906431e-03,6.66881871761999638e-05,6.81125454725273194e-03,6.81125454725273194e-03,0.00000000000000000e+00,4.74246217406952830e+00,4.74246217406952830e+00,8.22361461352012491e-01,8.22361461352012491e-01,1.82631408400000055e+01,0,1,0,ok,stochastic coordinate shape descent
2,6002,576,8.39999999999999969e-01,bounded_ricci_du010,sum_channel,voro_radical,voro_radical_fixed_topology,1,1,1.25036731106796029e-01,1.19864449541478360e-01,-5.17228156531766847e-03,7.63028601210439666e-02,6.04340617078373485e-02,-1.58687984132066182e-02,1.22282817489610868e-01,1.20773430092281309e-01,-1.50938739732955907e-03,5.65875553933832931e-01,4.45430531784824557e-01,-1.20445022149008374e-01,1.17054749913869045e+02,8.17713489036930241e+01,-3.52834010101760214e+01,1.53737371383565330e-01,1.26890792085537635e-01,-2.68465792980276952e-02,5.19851488431121500e-01,4.21491382608503939e-01,-9.83601058226175606e-02,1.23508138377197273e-02,2.62287047166333331e-01,2.49936233328613616e-01,1.43524599916640128e-02,1.23913673591593554e-01,1.09561213599929541e-01,4.74246217406952830e+00,4.76829746811463728e+00,7.95885692841571624e-01,8.48354024199795997e-01,8.27029213999992407e-01,1,1,1,ok,relative_bounded_ricci
2,6002,576,8.39999999999999969e-01,box_shear_aspect,shape_channel,voro_radical,voro_radical_rebuilt,1,1,1.25036731106796029e-01,1.25036390459273228e-01,-3.40647522800718860e-07,7.63028601210439666e-02,7.63028601210439666e-02,0.00000000000000000e+00,1.22282817489610868e-01,1.22280541335001380e-01,-2.27615460948737969e-06,5.65875553933832931e-01,5.65875553933832931e-01,0.00000000000000000e+00,1.17054749913869045e+02,1.17054749913869045e+02,0.00000000000000000e+00,1.53737371383565330e-01,1.53737371383565330e-01,0.00000000000000000e+00,5.19851488431121500e-01,5.19851488431121500e-01,0.00000000000000000e+00,1.23508138377197273e-02,1.23413253248510473e-02,-9.48851286868002131e-06,1.43524599916640128e-02,1.42646213945405442e-02,-8.78385971234685314e-05,4.74246217406952830e+00,4.74246217406952830e+00,7.95885692841571624e-01,7.95885692841571624e-01,1.17855992910000111e+01,0,1,0,ok,aspect-only box strain; shear omitted for rectangular voro++ container
2,6002,576,8.39999999999999969e-01,compression_step,coupled,voro_radical,voro_radical_rebuilt,1,1,1.25036731106796029e-01,1.25036731106796029e-01,0.00000000000000000e+00,7.63028601210439666e-02,7.63028601210439805e-02,1.38777878078144568e-17,1.22282817489610868e-01,1.22282817489610923e-01,5.55111512312578270e-17,5.65875553933832931e-01,5.65875553933832931e-01,0.00000000000000000e+00,1.17054749913869045e+02,1.17054749913869045e+02,0.00000000000000000e+00,1.53737371383565330e-01,1.53737371383565330e-01,0.00000000000000000e+00,5.19851488431121500e-01,5.19851488431121500e-01,0.00000000000000000e+00,1.23508138377197273e-02,0.00000000000000000e+00,-1.23508138377197273e-02,1.43524599916640128e-02,0.00000000000000000e+00,-1.43524599916640128e-02,4.74246217406952830e+00,4.74246217406952830e+00,7.95885692841571624e-01,7.95885692841571624e-01,7.41451087699999789e+00,0,0,0,ok,local phi scan best endpoint
2,6002,576,8.39999999999999969e-01,free_ricci,sum_channel,voro_radical,voro_radical_fixed_topology,1,1,1.25036731106796029e-01,1.14832406993459923e-01,-1.02043241133361051e-02,7.63028601210439666e-02,8.22702526388688303e-12,-7.63028601128169365e-02,1.22282817489610868e-01,1.17867201059520088e-01,-4.41561643009077964e-03,5.65875553933832931e-01,5.43536065424141410e-11,-5.65875553879479298e-01,1.17054749913869045e+02,1.90617800926069971e-08,-1.17054749894807259e+02,1.53737371383565330e-01,2.52295220006571437e-10,-1.53737371131270117e-01,5.19851488431121500e-01,4.55305747219726736e-10,-5.19851487975815707e-01,1.23508138377197273e-02,1.07976085320898818e+01,1.07852577182521614e+01,1.43524599916640128e-02,6.77376754482138965e-01,6.63024294490474952e-01,4.74246217406952830e+00,6.13017535146909243e+00,7.95885692841571624e-01,9.20598170702473517e-01,9.28715092999993885e-01,1,1,1,ok,converged: max_abs_K < tol
2,6002,576,8.39999999999999969e-01,post_voro_surgery,topology,voro_radical,post_surgery_nonradical,1,1,1.25036731106796029e-01,1.33484648349370988e-01,8.44791724257495935e-03,7.63028601210439666e-02,7.20126599085097463e-02,-4.29020021253422035e-03,1.22282817489610868e-01,1.36382144631397112e-01,1.40993271417862442e-02,5.65875553933832931e-01,5.33084005560149121e-01,-3.27915483736838098e-02,1.17054749913869045e+02,9.37768619514030490e+01,-2.32778879624659965e+01,1.53737371383565330e-01,1.46245180386998908e-01,-7.49219099656642240e-03,5.19851488431121500e-01,4.23147141316592645e-01,-9.67043471145288547e-02,1.23508138377197273e-02,1.23508138377197273e-02,0.00000000000000000e+00,1.43524599916640128e-02,1.43524599916640128e-02,0.00000000000000000e+00,4.74246217406952830e+00,4.74246217406952830e+00,7.95885692841571624e-01,8.12595548187470151e-01,4.91993447774999993e+02,1,0,0,ok,light topology surgery; no longer radical
2,6002,576,8.39999999999999969e-01,radius_label_swap,sum_channel,voro_radical,voro_radical_rebuilt,1,1,1.25036731106796029e-01,1.24852964218577583e-01,-1.83766888218445112e-04,7.63028601210439666e-02,7.63919639677511642e-02,8.91038467071975093e-05,1.22282817489610868e-01,1.22206582754270376e-01,-7.62347353404912997e-05,5.65875553933832931e-01,5.65166219137102965e-01,-7.09334796729965689e-04,1.17054749913869045e+02,1.16685546847521834e+02,-3.69203066347211006e-01,1.53737371383565330e-01,1.53139563358927977e-01,-5.97808024637352942e-04,5.19851488431121500e-01,5.20038609021075460e-01,1.87120589953959637e-04,1.23508138377197273e-02,1.23066160649285914e-02,-4.41977727911359308e-05,1.43524599916640128e-02,1.43524599916640128e-02,0.00000000000000000e+00,4.74246217406952830e+00,4.74246217406952830e+00,7.95885692841571624e-01,7.95876910122606529e-01,1.36727128119999861e+01,0,1,0,ok,radius labels permuted; distribution exactly preserved
2,6002,576,8.39999999999999969e-01,shape_descent,shape_channel,voro_radical,voro_radical_rebuilt,1,1,1.25036731106796029e-01,1.25039267550247524e-01,2.53644345149517392e-06,7.63028601210439666e-02,7.63028601210439666e-02,0.00000000000000000e+00,1.22282817489610868e-01,1.22288457791474167e-01,5.64030186329944616e-06,5.65875553933832931e-01,5.65875553933832931e-01,0.00000000000000000e+00,1.17054749913869045e+02,1.17054749913869045e+02,0.00000000000000000e+00,1.53737371383565330e-01,1.53737371383565330e-01,0.00000000000000000e+00,5.19851488431121500e-01,5.19851488431121500e-01,0.00000000000000000e+00,1.23508138377197273e-02,1.30705012574956585e-02,7.19687419775931134e-04,1.43524599916640128e-02,1.43524599916640128e-02,0.00000000000000000e+00,4.74246217406952830e+00,4.74246217406952830e+00,7.95885692841571624e-01,7.95885692841571624e-01,1.59942423749999989e+01,0,0,0,ok,stochastic coordinate shape descent
3,6003,576,8.39999999999999969e-01,bounded_ricci_du010,sum_channel,voro_radical,voro_radical_fixed_topology,1,1,1.19663896324682800e-01,1.14770829528833399e-01,-4.89306679584940174e-03,7.83444000628054499e-02,5.82650098922297757e-02,-2.00793901705756742e-02,1.19162689009560660e-01,1.17815128499691488e-01,-1.34756050986917231e-03,5.62097259702889374e-01,4.15909921978947661e-01,-1.46187337723941713e-01,1.24642257160761048e+02,8.53409512046303433e+01,-3.93013059561307045e+01,1.50068277927621091e-01,1.18404021711016313e-01,-3.16642562166047775e-02,5.66241311952062620e-01,4.67635806094847006e-01,-9.86055058572156140e-02,5.11738364152165316e-04,3.14863603836899653e-01,3.14351865472747460e-01,3.13922911108432956e-03,1.21141468010271591e-01,1.18002238899187262e-01,4.74246217406952830e+00,4.51073649960951872e+00,8.07523006986866521e-01,8.66196905563253683e-01,6.75164700999999923e-01,1,1,1,ok,relative_bounded_ricci
3,6003,576,8.39999999999999969e-01,box_shear_aspect,shape_channel,voro_radical,voro_radical_rebuilt,1,1,1.19663896324682800e-01,1.19663896324682800e-01,0.00000000000000000e+00,7.83444000628054499e-02,7.83444000628054499e-02,0.00000000000000000e+00,1.19162689009560660e-01,1.19162689009560660e-01,0.00000000000000000e+00,5.62097259702889374e-01,5.62097259702889374e-01,0.00000000000000000e+00,1.24642257160761048e+02,1.24642257160761048e+02,0.00000000000000000e+00,1.50068277927621091e-01,1.50068277927621091e-01,0.00000000000000000e+00,5.66241311952062620e-01,5.66241311952062620e-01,0.00000000000000000e+00,5.11738364152165316e-04,5.11738364152165316e-04,0.00000000000000000e+00,3.13922911108432956e-03,3.13922911108432956e-03,0.00000000000000000e+00,4.74246217406952830e+00,4.74246217406952830e+00,8.07523006986866521e-01,8.07523006986866521e-01,1.15968374770000082e+01,0,0,0,ok,aspect-only box strain; shear omitted for rectangular voro++ container
3,6003,576,8.39999999999999969e-01,compression_step,coupled,voro_radical,voro_radical_rebuilt,1,1,1.19663896324682800e-01,1.19663896324682897e-01,9.71445146547011973e-17,7.83444000628054499e-02,7.83444000628054360e-02,-1.38777878078144568e-17,1.19162689009560660e-01,1.19162689009560438e-01,-2.22044604925031308e-16,5.62097259702889374e-01,5.62097259702889374e-01,0.00000000000000000e+00,1.24642257160761048e+02,1.24642257160761048e+02,0.00000000000000000e+00,1.50068277927621091e-01,1.50068277927621091e-01,0.00000000000000000e+00,5.66241311952062620e-01,5.66241311952062620e-01,0.00000000000000000e+00,5.11738364152165316e-04,0.00000000000000000e+00,-5.11738364152165316e-04,3.13922911108432956e-03,0.00000000000000000e+00,-3.13922911108432956e-03,4.74246217406952830e+00,4.74246217406952830e+00,8.07523006986866521e-01,8.07523006986866521e-01,8.55581124500000101e+00,1,1,1,ok,local phi scan best endpoint
3,6003,576,8.39999999999999969e-01,free_ricci,sum_channel,voro_radical,voro_radical_fixed_topology,1,1,1.19663896324682800e-01,1.12897382364071291e-01,-6.76651396061150878e-03,7.83444000628054499e-02,8.06121634575302226e-12,-7.83444000547442315e-02,1.19162689009560660e-01,1.16173706978025371e-01,-2.98898203153528941e-03,5.62097259702889374e-01,5.34119527120156700e-11,-5.62097259649477432e-01,1.24642257160761048e+02,1.91189944033480422e-08,-1.24642257141642048e+02,1.50068277927621091e-01,2.45338011487736267e-10,-1.50068277682283091e-01,5.66241311952062620e-01,4.47761914961804897e-10,-5.66241311504300682e-01,5.11738364152165316e-04,8.81760267389665131e+00,8.81709093553249978e+00,3.13922911108432956e-03,5.95578348655364298e-01,5.92439119544279968e-01,4.74246217406952830e+00,5.58656827732477534e+00,8.07523006986866521e-01,9.14075271430248026e-01,8.28966274999999087e-01,1,1,1,ok,converged: max_abs_K < tol
3,6003,576,8.39999999999999969e-01,post_voro_surgery,topology,voro_radical,post_surgery_nonradical,1,1,1.19663896324682800e-01,1.29724325325943746e-01,1.00604290012609454e-02,7.83444000628054499e-02,6.82971535197370305e-02,-1.00472465430684194e-02,1.19162689009560660e-01,1.34401257822629572e-01,1.52385688130689118e-02,5.62097259702889374e-01,4.94577213102497248e-01,-6.75200466003921251e-02,1.24642257160761048e+02,8.17349425235279625e+01,-4.29073146372330854e+01,1.50068277927621091e-01,1.35397754449390478e-01,-1.46705234782306126e-02,5.66241311952062620e-01,3.90790476911836326e-01,-1.75450835040226294e-01,5.11738364152165316e-04,5.11738364152165316e-04,0.00000000000000000e+00,3.13922911108432956e-03,3.13922911108432956e-03,0.00000000000000000e+00,4.74246217406952830e+00,4.74246217406952830e+00,8.07523006986866521e-01,8.36252041556562964e-01,4.80825506981999979e+02,1,0,0,ok,light topology surgery; no longer radical
3,6003,576,8.39999999999999969e-01,radius_label_swap,sum_channel,voro_radical,voro_radical_rebuilt,1,1,1.19663896324682800e-01,1.19663896324682800e-01,0.00000000000000000e+00,7.83444000628054499e-02,7.83444000628054499e-02,0.00000000000000000e+00,1.19162689009560660e-01,1.19162689009560660e-01,0.00000000000000000e+00,5.62097259702889374e-01,5.62097259702889374e-01,0.00000000000000000e+00,1.24642257160761048e+02,1.24642257160761048e+02,0.00000000000000000e+00,1.50068277927621091e-01,1.50068277927621091e-01,0.00000000000000000e+00,5.66241311952062620e-01,5.66241311952062620e-01,0.00000000000000000e+00,5.11738364152165316e-04,5.11738364152165316e-04,0.00000000000000000e+00,3.13922911108432956e-03,3.13922911108432956e-03,0.00000000000000000e+00,4.74246217406952830e+00,4.74246217406952830e+00,8.07523006986866521e-01,8.07523006986866521e-01,1.64918465340000466e+01,0,0,0,ok,radius labels permuted; distribution exactly preserved
3,6003,576,8.39999999999999969e-01,shape_descent,shape_channel,voro_radical,voro_radical_rebuilt,1,1,1.19663896324682800e-01,1.19666351125381737e-01,2.45480069893666553e-06,7.83444000628054499e-02,7.90223692506623887e-02,6.77969187856938826e-04,1.19162689009560660e-01,1.18609967630333574e-01,-5.52721379227086307e-04,5.62097259702889374e-01,5.66930415551315181e-01,4.83315584842580748e-03,1.24642257160761048e+02,1.25964562320055308e+02,1.32230515929425962e+00,1.50068277927621091e-01,1.52027551833499502e-01,1.95927390587841144e-03,5.66241311952062620e-01,5.66330308501143520e-01,8.89965490808997117e-05,5.11738364152165316e-04,5.17170736640281173e-04,5.43237248811585718e-06,3.13922911108432956e-03,3.13922911108432956e-03,0.00000000000000000e+00,4.74246217406952830e+00,4.74246217406952830e+00,8.07523006986866521e-01,8.07114091521909494e-01,1.47728377430000251e+01,0,1,0,ok,stochastic coordinate shape descent
4,6004,576,8.39999999999999969e-01,bounded_ricci_du010,sum_channel,voro_radical,voro_radical_fixed_topology,1,1,1.17679688768118171e-01,1.14162470970791463e-01,-3.51721779732670770e-03,7.17487460947984629e-02,5.76936100659468376e-02,-1.40551360288516253e-02,1.17777853993765155e-01,1.16313754885478710e-01,-1.46409910828644574e-03,5.33951137934648434e-01,4.29387596950901285e-01,-1.04563540983747150e-01,1.24979605315353098e+02,8.94516286891046093e+01,-3.55279766262484884e+01,1.48599193965555598e-01,1.24839374222609004e-01,-2.37598197429465946e-02,5.72153791630607644e-01,4.71174004171147687e-01,-1.00979787459459958e-01,1.48207915913062911e-03,1.73121977817640244e-01,1.71639898658509621e-01,6.08073139136688923e-03,9.03083446688794922e-02,8.42276132775126030e-02,4.74246217406952830e+00,4.63034205636456342e+00,8.07338406656636365e-01,8.51876434894960899e-01,6.80178383999987091e-01,1,1,1,ok,relative_bounded_ricci
4,6004,576,8.39999999999999969e-01,box_shear_aspect,shape_channel,voro_radical,voro_radical_rebuilt,1,1,1.17679688768118171e-01,1.17680048074221472e-01,3.59306103300816027e-07,7.17487460947984629e-02,7.17487460947984629e-02,0.00000000000000000e+00,1.17777853993765155e-01,1.17778164041112188e-01,3.10047347032438303e-07,5.33951137934648434e-01,5.33951137934648434e-01,0.00000000000000000e+00,1.24979605315353098e+02,1.24979605315353098e+02,0.00000000000000000e+00,1.48599193965555598e-01,1.48599193965555598e-01,0.00000000000000000e+00,5.72153791630607644e-01,5.72153791630607644e-01,0.00000000000000000e+00,1.48207915913062911e-03,1.48153543748070701e-03,-5.43721649922095790e-07,6.08073139136688923e-03,6.14929914330630822e-03,6.85677519394189972e-05,4.74246217406952830e+00,4.74246217406952830e+00,8.07338406656636365e-01,8.07338406656636365e-01,1.11472727519999921e+01,0,0,0,ok,aspect-only box strain; shear omitted for rectangular voro++ container
4,6004,576,8.39999999999999969e-01,compression_step,coupled,voro_radical,voro_radical_rebuilt,1,1,1.17679688768118171e-01,1.17746733432218989e-01,6.70446641008182187e-05,7.17487460947984629e-02,7.15921726905638794e-02,-1.56573404234583435e-04,1.17777853993765155e-01,1.17923523243878725e-01,1.45669250113569793e-04,5.33951137934648434e-01,5.33547873193775279e-01,-4.03264740873154892e-04,1.24979605315353098e+02,1.24826950312759550e+02,-1.52655002593547806e-01,1.48599193965555598e-01,1.48303015261694288e-01,-2.96178703861310622e-04,5.72153791630607644e-01,5.72349447939120237e-01,1.95656308512592858e-04,1.48207915913062911e-03,0.00000000000000000e+00,-1.48207915913062911e-03,6.08073139136688923e-03,0.00000000000000000e+00,-6.08073139136688923e-03,4.74246217406952830e+00,4.74246217406952830e+00,8.07338406656636365e-01,8.08157047686393626e-01,7.68922224199999960e+00,1,0,0,ok,local phi scan best endpoint
4,6004,576,8.39999999999999969e-01,free_ricci,sum_channel,voro_radical,voro_radical_fixed_topology,1,1,1.17679688768118171e-01,1.10017414071878039e-01,-7.66227469624013169e-03,7.17487460947984629e-02,5.63586589642198740e-12,-7.17487460891625961e-02,1.17777853993765155e-01,1.12544429642904634e-01,-5.23342435086052160e-03,5.33951137934648434e-01,4.05538964139593048e-11,-5.33951137894094541e-01,1.24979605315353098e+02,1.48693981116972737e-08,-1.24979605300483698e+02,1.48599193965555598e-01,1.85198201480692444e-10,-1.48599193780357408e-01,5.72153791630607644e-01,3.77970423703862956e-10,-5.72153791252637212e-01,1.48207915913062911e-03,9.41209103269042657e+00,9.41060895353129645e+00,6.08073139136688923e-03,6.24740666784471044e-01,6.18659935393104154e-01,4.74246217406952830e+00,5.22764441648721512e+00,8.07338406656636365e-01,9.17504405764291597e-01,6.75257762000001094e-01,1,1,1,ok,converged: max_abs_K < tol
4,6004,576,8.39999999999999969e-01,post_voro_surgery,topology,voro_radical,post_surgery_nonradical,1,1,1.17679688768118171e-01,1.27554683041923411e-01,9.87499427380524042e-03,7.17487460947984629e-02,6.33948921000467569e-02,-8.35385399475170598e-03,1.17777853993765155e-01,1.35019768245436461e-01,1.72419142516713059e-02,5.33951137934648434e-01,4.65431160327539062e-01,-6.85199776071093725e-02,1.24979605315353098e+02,8.53401828854576081e+01,-3.96394224298954896e+01,1.48599193965555598e-01,1.32849459067458792e-01,-1.57497348980968066e-02,5.72153791630607644e-01,4.21918060986962051e-01,-1.50235730643645593e-01,1.48207915913062911e-03,1.48207915913062911e-03,0.00000000000000000e+00,6.08073139136688923e-03,6.08073139136688923e-03,0.00000000000000000e+00,4.74246217406952830e+00,4.74246217406952830e+00,8.07338406656636365e-01,8.36603690104822606e-01,5.06984438619000002e+02,1,0,0,ok,light topology surgery; no longer radical
4,6004,576,8.39999999999999969e-01,radius_label_swap,sum_channel,voro_radical,voro_radical_rebuilt,1,1,1.17679688768118171e-01,1.17679690022748237e-01,1.25463006650505804e-09,7.17487460947984629e-02,7.17487413596608337e-02,-4.73513762921928816e-09,1.17777853993765155e-01,1.17777847850966497e-01,-6.14279865862599195e-09,5.33951137934648434e-01,5.33951176395891736e-01,3.84612433013131749e-08,1.24979605315353098e+02,1.24979582697714477e+02,-2.26176386206589086e-05,1.48599193965555598e-01,1.48599146083351091e-01,-4.78822045069104973e-08,5.72153791630607644e-01,5.72153832457482081e-01,4.08268744367390468e-08,1.48207915913062911e-03,1.48207944352902587e-03,2.84398396759727445e-10,6.08073139136688923e-03,6.08073139136688923e-03,0.00000000000000000e+00,4.74246217406952830e+00,4.74246217406952830e+00,8.07338406656636365e-01,8.07338406656636365e-01,1.45237273980000055e+01,1,1,1,ok,radius labels permuted; distribution exactly preserved
4,6004,576,8.39999999999999969e-01,shape_descent,shape_channel,voro_radical,voro_radical_rebuilt,1,1,1.17679688768118171e-01,1.17632485614960966e-01,-4.72031531572048024e-05,7.17487460947984629e-02,7.17487460947984629e-02,0.00000000000000000e+00,1.17777853993765155e-01,1.17691751056885813e-01,-8.61029368793425620e-05,5.33951137934648434e-01,5.33951137934648434e-01,0.00000000000000000e+00,1.24979605315353098e+02,1.24979605315353098e+02,0.00000000000000000e+00,1.48599193965555598e-01,1.48599193965555598e-01,0.00000000000000000e+00,5.72153791630607644e-01,5.72153791630607644e-01,0.00000000000000000e+00,1.48207915913062911e-03,1.51546023862193444e-03,3.33810794913053273e-05,6.08073139136688923e-03,6.08073139136688923e-03,0.00000000000000000e+00,4.74246217406952830e+00,4.74246217406952830e+00,8.07338406656636365e-01,8.07338406656636365e-01,1.48209909660000108e+01,0,1,0,ok,stochastic coordinate shape descent
5,6005,576,8.39999999999999969e-01,bounded_ricci_du010,sum_channel,voro_radical,voro_radical_fixed_topology,1,1,1.23374758942622800e-01,1.18487195660017419e-01,-4.88756328260538109e-03,7.74609774710730975e-02,6.24424245486795773e-02,-1.50185529223935202e-02,1.20198353571234165e-01,1.18855094344990891e-01,-1.34325922624327354e-03,5.61220613511536959e-01,4.50608753303555876e-01,-1.10611860207981083e-01,1.49790725437120329e+02,1.20516595300588165e+02,-2.92741301365321647e+01,1.55500492367102755e-01,1.30295612335985661e-01,-2.52048800311170940e-02,6.54011751704209887e-01,6.01225042383230268e-01,-5.27867093209796190e-02,2.42679048953710558e-03,1.88663421928763120e-01,1.86236631439226002e-01,6.39250363998145055e-03,8.61449637847264693e-02,7.97524601447450188e-02,4.74246217406952830e+00,4.85439744126071204e+00,8.06107573961799440e-01,8.54675470189373954e-01,6.48573185000003605e-01,1,1,1,ok,relative_bounded_ricci
5,6005,576,8.39999999999999969e-01,box_shear_aspect,shape_channel,voro_radical,voro_radical_rebuilt,1,1,1.23374758942622800e-01,1.23374758942622800e-01,0.00000000000000000e+00,7.74609774710730975e-02,7.74609774710730975e-02,0.00000000000000000e+00,1.20198353571234165e-01,1.20198353571234165e-01,0.00000000000000000e+00,5.61220613511536959e-01,5.61220613511536959e-01,0.00000000000000000e+00,1.49790725437120329e+02,1.49790725437120329e+02,0.00000000000000000e+00,1.55500492367102755e-01,1.55500492367102755e-01,0.00000000000000000e+00,6.54011751704209887e-01,6.54011751704209887e-01,0.00000000000000000e+00,2.42679048953710558e-03,2.42679048953710558e-03,0.00000000000000000e+00,6.39250363998145055e-03,6.39250363998145055e-03,0.00000000000000000e+00,4.74246217406952830e+00,4.74246217406952830e+00,8.06107573961799440e-01,8.06107573961799440e-01,1.18522332420000112e+01,0,0,0,ok,aspect-only box strain; shear omitted for rectangular voro++ container
5,6005,576,8.39999999999999969e-01,compression_step,coupled,voro_radical,voro_radical_rebuilt,1,1,1.23374758942622800e-01,1.23546295346742205e-01,1.71536404119404517e-04,7.74609774710730975e-02,7.66781544093306511e-02,-7.82823061742446424e-04,1.20198353571234165e-01,1.20223325540606496e-01,2.49719693723310376e-05,5.61220613511536959e-01,5.58222940013895497e-01,-2.99767349764146207e-03,1.49790725437120329e+02,1.70436159209321261e+02,2.06454337722009313e+01,1.55500492367102755e-01,1.55437283833915502e-01,-6.32085331872533907e-05,6.54011751704209887e-01,7.28759490677028055e-01,7.47477389728181674e-02,2.42679048953710558e-03,0.00000000000000000e+00,-2.42679048953710558e-03,6.39250363998145055e-03,0.00000000000000000e+00,-6.39250363998145055e-03,4.74246217406952830e+00,4.74246217406952830e+00,8.06107573961799440e-01,8.05744411889929069e-01,7.10264797299998918e+00,1,0,0,ok,local phi scan best endpoint
5,6005,576,8.39999999999999969e-01,free_ricci,sum_channel,voro_radical,voro_radical_fixed_topology,1,1,1.23374758942622800e-01,1.13304332263791233e-01,-1.00704266788315677e-02,7.74609774710730975e-02,6.75458319922628029e-12,-7.74609774643185145e-02,1.20198353571234165e-01,1.15895177014067902e-01,-4.30317655716626335e-03,5.61220613511536959e-01,4.87529574693491561e-11,-5.61220613462783957e-01,1.49790725437120329e+02,1.77893639956503848e-08,-1.49790725419330954e+02,1.55500492367102755e-01,2.22223021159859596e-10,-1.55500492144879737e-01,6.54011751704209887e-01,4.38800940199384519e-10,-6.54011751265408892e-01,2.42679048953710558e-03,9.31802713226121604e+00,9.31560034177167928e+00,6.39250363998145055e-03,5.35699884865888931e-01,5.29307381225907481e-01,4.74246217406952830e+00,8.72894819223864893e+00,8.06107573961799440e-01,9.21821862940013226e-01,7.20465187999991485e-01,1,1,1,ok,converged: max_abs_K < tol
5,6005,576,8.39999999999999969e-01,post_voro_surgery,topology,voro_radical,post_surgery_nonradical,1,1,1.23374758942622800e-01,1.40449095451702699e-01,1.70743365090798987e-02,7.74609774710730975e-02,6.77168990733734294e-02,-9.74407839769966810e-03,1.20198353571234165e-01,1.45497899208352210e-01,2.52995456371180455e-02,5.61220613511536959e-01,4.84329972299416656e-01,-7.68906412121203031e-02,1.49790725437120329e+02,8.10064840394947367e+01,-6.87842413976255926e+01,1.55500492367102755e-01,1.37438632013441780e-01,-1.80618603536609745e-02,6.54011751704209887e-01,3.77565412989352089e-01,-2.76446338714857798e-01,2.42679048953710558e-03,2.42679048953710558e-03,0.00000000000000000e+00,6.39250363998145055e-03,6.39250363998145055e-03,0.00000000000000000e+00,4.74246217406952830e+00,4.74246217406952830e+00,8.06107573961799440e-01,8.41567317130070602e-01,4.91263762148999945e+02,1,0,0,ok,light topology surgery; no longer radical
5,6005,576,8.39999999999999969e-01,radius_label_swap,sum_channel,voro_radical,voro_radical_rebuilt,1,1,1.23374758942622800e-01,1.23374758942622800e-01,0.00000000000000000e+00,7.74609774710730975e-02,7.74609774710730975e-02,0.00000000000000000e+00,1.20198353571234165e-01,1.20198353571234165e-01,0.00000000000000000e+00,5.61220613511536959e-01,5.61220613511536959e-01,0.00000000000000000e+00,1.49790725437120329e+02,1.49790725437120329e+02,0.00000000000000000e+00,1.55500492367102755e-01,1.55500492367102755e-01,0.00000000000000000e+00,6.54011751704209887e-01,6.54011751704209887e-01,0.00000000000000000e+00,2.42679048953710558e-03,2.42679048953710558e-03,0.00000000000000000e+00,6.39250363998145055e-03,6.39250363998145055e-03,0.00000000000000000e+00,4.74246217406952830e+00,4.74246217406952830e+00,8.06107573961799440e-01,8.06107573961799440e-01,1.72034412240000165e+01,0,0,0,ok,radius labels permuted; distribution exactly preserved
5,6005,576,8.39999999999999969e-01,shape_descent,shape_channel,voro_radical,voro_radical_rebuilt,1,1,1.23374758942622800e-01,1.23349567137275087e-01,-2.51918053477129256e-05,7.74609774710730975e-02,7.74609774710730697e-02,-2.77555756156289135e-17,1.20198353571234165e-01,1.20175564878789123e-01,-2.27886924450415584e-05,5.61220613511536959e-01,5.61220613511536959e-01,0.00000000000000000e+00,1.49790725437120329e+02,1.49790725437120329e+02,0.00000000000000000e+00,1.55500492367102755e-01,1.55500492367102755e-01,0.00000000000000000e+00,6.54011751704209887e-01,6.54011751704209887e-01,0.00000000000000000e+00,2.42679048953710558e-03,2.54163493389939323e-03,1.14844444362287648e-04,6.39250363998145055e-03,6.39250363998145055e-03,0.00000000000000000e+00,4.74246217406952830e+00,4.74246217406952830e+00,8.06107573961799440e-01,8.06107573961799440e-01,1.50280961360000163e+01,1,1,1,ok,stochastic coordinate shape descent
6,6006,576,8.39999999999999969e-01,bounded_ricci_du010,sum_channel,voro_radical,voro_radical_fixed_topology,1,1,1.20863101301631845e-01,1.17083524385189444e-01,-3.77957691644240090e-03,7.34888065488552567e-02,5.83739729209176925e-02,-1.51148336279375642e-02,1.22243173014834783e-01,1.20922687850114105e-01,-1.32048516472067778e-03,5.31776722207617847e-01,4.20019783170150207e-01,-1.11756939037467640e-01,1.74056023799844269e+02,1.27617386199838933e+02,-4.64386376000053360e+01,1.48814598420076827e-01,1.23367800840544620e-01,-2.54467975795322071e-02,7.56008574821128709e-01,6.45307590270619680e-01,-1.10700984550509030e-01,1.37601617497411905e-03,2.30995954695186467e-01,2.29619938520212341e-01,5.03894456074149844e-03,8.39955206037350521e-02,7.89565760429935537e-02,4.74246217406952830e+00,4.92312672450702049e+00,8.12246260758036520e-01,8.60474472166782411e-01,1.02599422199998003e+00,1,1,1,ok,relative_bounded_ricci
6,6006,576,8.39999999999999969e-01,box_shear_aspect,shape_channel,voro_radical,voro_radical_rebuilt,1,1,1.20863101301631845e-01,1.20863085603768017e-01,-1.56978638282678773e-08,7.34888065488552567e-02,7.34888065488552567e-02,0.00000000000000000e+00,1.22243173014834783e-01,1.22243155688356406e-01,-1.73264783770443742e-08,5.31776722207617847e-01,5.31776722207617847e-01,0.00000000000000000e+00,1.74056023799844269e+02,1.74056023799844269e+02,0.00000000000000000e+00,1.48814598420076827e-01,1.48814598420076827e-01,0.00000000000000000e+00,7.56008574821128709e-01,7.56008574821128709e-01,0.00000000000000000e+00,1.37601617497411905e-03,1.37596259015028530e-03,-5.35848238337501004e-08,5.03894456074149844e-03,5.03814828942905635e-03,-7.96271312442087265e-07,4.74246217406952830e+00,4.74246217406952830e+00,8.12246260758036520e-01,8.12246260758036520e-01,1.15077578669999809e+01,0,1,0,ok,aspect-only box strain; shear omitted for rectangular voro++ container
6,6006,576,8.39999999999999969e-01,compression_step,coupled,voro_radical,voro_radical_rebuilt,1,1,1.20863101301631845e-01,1.20988594027751431e-01,1.25492726119585951e-04,7.34888065488552567e-02,7.34254574856954695e-02,-6.33490631597871667e-05,1.22243173014834783e-01,1.22357765383029324e-01,1.14592368194540994e-04,5.31776722207617847e-01,5.32180566037264380e-01,4.03843829646532981e-04,1.74056023799844269e+02,1.74206408499145596e+02,1.50384699301326918e-01,1.48814598420076827e-01,1.48963454868069528e-01,1.48856447992701257e-04,7.56008574821128709e-01,7.56202115026833543e-01,1.93540205704834101e-04,1.37601617497411905e-03,0.00000000000000000e+00,-1.37601617497411905e-03,5.03894456074149844e-03,0.00000000000000000e+00,-5.03894456074149844e-03,4.74246217406952830e+00,4.74246217406952830e+00,8.12246260758036520e-01,8.10115896264074542e-01,8.88759227299999566e+00,1,0,0,ok,local phi scan best endpoint
6,6006,576,8.39999999999999969e-01,free_ricci,sum_channel,voro_radical,voro_radical_fixed_topology,1,1,1.20863101301631845e-01,1.15329075216732649e-01,-5.53402608489919623e-03,7.34888065488552567e-02,8.60403215436654193e-12,-7.34888065402512225e-02,1.22243173014834783e-01,1.18658240112314947e-01,-3.58493290251983565e-03,5.31776722207617847e-01,5.67008456556872777e-11,-5.31776722150916981e-01,1.74056023799844269e+02,1.98133469167161322e-08,-1.74056023780030927e+02,1.48814598420076827e-01,2.63249890295050901e-10,-1.48814598156826933e-01,7.56008574821128709e-01,4.63452726178613287e-10,-7.56008574357675989e-01,1.37601617497411905e-03,1.00811413699629462e+01,1.00797653537879714e+01,5.03894456074149844e-03,5.88562545122905956e-01,5.83523600562164457e-01,4.74246217406952830e+00,5.72349863203715969e+00,8.12246260758036520e-01,9.26370246537750908e-01,9.78182427000007237e-01,1,1,1,ok,converged: max_abs_K < tol
6,6006,576,8.39999999999999969e-01,post_voro_surgery,topology,voro_radical,post_surgery_nonradical,1,1,1.20863101301631845e-01,1.33017963764927888e-01,1.21548624632960428e-02,7.34888065488552567e-02,6.85603486121185157e-02,-4.92845793673674093e-03,1.22243173014834783e-01,1.40274309552827325e-01,1.80311365379925426e-02,5.31776722207617847e-01,4.91033848722041921e-01,-4.07428734855759256e-02,1.74056023799844269e+02,8.50230711442177096e+01,-8.90329526556265591e+01,1.48814598420076827e-01,1.38035104132990943e-01,-1.07794942870858834e-02,7.56008574821128709e-01,4.01357793811412067e-01,-3.54650781009716642e-01,1.37601617497411905e-03,1.37601617497411905e-03,0.00000000000000000e+00,5.03894456074149844e-03,5.03894456074149844e-03,0.00000000000000000e+00,4.74246217406952830e+00,4.74246217406952830e+00,8.12246260758036520e-01,8.37635022786665684e-01,5.03497844912999994e+02,1,0,0,ok,light topology surgery; no longer radical
6,6006,576,8.39999999999999969e-01,radius_label_swap,sum_channel,voro_radical,voro_radical_rebuilt,1,1,1.20863101301631845e-01,1.20863780939039864e-01,6.79637408018685107e-07,7.34888065488552567e-02,7.34898952231864550e-02,1.08867433119830270e-06,1.22243173014834783e-01,1.22242858623622358e-01,-3.14391212424824928e-07,5.31776722207617847e-01,5.31776092339122042e-01,-6.29868495805041562e-07,1.74056023799844269e+02,1.74059772768173417e+02,3.74896832914828337e-03,1.48814598420076827e-01,1.48816865139876769e-01,2.26671979994264028e-06,7.56008574821128709e-01,7.56015994815592340e-01,7.41999446363106330e-06,1.37601617497411905e-03,1.38200895631151273e-03,5.99278133739367634e-06,5.03894456074149844e-03,5.03894456074149844e-03,0.00000000000000000e+00,4.74246217406952830e+00,4.74246217406952830e+00,8.12246260758036520e-01,8.12247002782311434e-01,1.32276228039999069e+01,0,1,0,ok,radius labels permuted; distribution exactly preserved
6,6006,576,8.39999999999999969e-01,shape_descent,shape_channel,voro_radical,voro_radical_rebuilt,1,1,1.20863101301631845e-01,1.20861443301782778e-01,-1.65799984906678244e-06,7.34888065488552567e-02,7.34888065488552567e-02,0.00000000000000000e+00,1.22243173014834783e-01,1.22241137410672662e-01,-2.03560416212056339e-06,5.31776722207617847e-01,5.31776722207617847e-01,0.00000000000000000e+00,1.74056023799844269e+02,1.74056023799844269e+02,0.00000000000000000e+00,1.48814598420076827e-01,1.48814598420076827e-01,0.00000000000000000e+00,7.56008574821128709e-01,7.56008574821128709e-01,0.00000000000000000e+00,1.37601617497411905e-03,1.39609788117090990e-03,2.00817061967908505e-05,5.03894456074149844e-03,5.03894456074149844e-03,0.00000000000000000e+00,4.74246217406952830e+00,4.74246217406952830e+00,8.12246260758036520e-01,8.12246260758036520e-01,1.48132733930000029e+01,0,1,0,ok,stochastic coordinate shape descent
7,6007,576,8.39999999999999969e-01,bounded_ricci_du010,sum_channel,voro_radical,voro_radical_fixed_topology,1,1,1.19026057340421973e-01,1.14416021736276310e-01,-4.61003560414566249e-03,7.53269798867883672e-02,5.92745466937334292e-02,-1.60524331930549380e-02,1.17238737148882111e-01,1.15978778567713228e-01,-1.25995858116888237e-03,5.43612397354144017e-01,4.26325036762411402e-01,-1.17287360591732615e-01,1.42828743982749103e+02,1.00717583208662404e+02,-4.21111607740866987e+01,1.46178063673598035e-01,1.19663800704396459e-01,-2.65142629692015769e-02,6.51436152077560671e-01,5.40565442760095327e-01,-1.10870709317465344e-01,9.85749338964949626e-05,1.84088965668209925e-01,1.83990390734313419e-01,1.39745358754117532e-03,8.97607004060754221e-02,8.83632468185342468e-02,4.74246217406952830e+00,4.86475845217953218e+00,8.07708116818045663e-01,8.58496996254734857e-01,7.92644047999999657e-01,1,1,1,ok,relative_bounded_ricci
7,6007,576,8.39999999999999969e-01,box_shear_aspect,shape_channel,voro_radical,voro_radical_rebuilt,1,1,1.19026057340421973e-01,1.19025976583412588e-01,-8.07570093852572057e-08,7.53269798867883672e-02,7.53269798867883811e-02,1.38777878078144568e-17,1.17238737148882111e-01,1.17238579481533087e-01,-1.57667349023893344e-07,5.43612397354144017e-01,5.43612397354144017e-01,0.00000000000000000e+00,1.42828743982749103e+02,1.42828743982749103e+02,0.00000000000000000e+00,1.46178063673598035e-01,1.46178063673598035e-01,0.00000000000000000e+00,6.51436152077560671e-01,6.51436152077560671e-01,0.00000000000000000e+00,9.85749338964949626e-05,9.85621261833258825e-05,-1.28077131690800938e-08,1.39745358754117532e-03,1.39868649675234380e-03,1.23290921116847585e-06,4.74246217406952830e+00,4.74246217406952830e+00,8.07708116818045663e-01,8.07708116818045663e-01,1.03588867819999848e+01,0,1,0,ok,aspect-only box strain; shear omitted for rectangular voro++ container
7,6007,576,8.39999999999999969e-01,compression_step,coupled,voro_radical,voro_radical_rebuilt,1,1,1.19026057340421973e-01,1.19270333082526589e-01,2.44275742104616000e-04,7.53269798867883672e-02,7.57693054132690808e-02,4.42325526480713549e-04,1.17238737148882111e-01,1.17283278594060889e-01,4.45414451787778942e-05,5.43612397354144017e-01,5.47045179316639874e-01,3.43278196249585665e-03,1.42828743982749103e+02,1.43019829599645789e+02,1.91085616896685906e-01,1.46178063673598035e-01,1.46828506061526504e-01,6.50442387928468202e-04,6.51436152077560671e-01,6.50457168201843849e-01,-9.78983875716821217e-04,9.85749338964949626e-05,0.00000000000000000e+00,-9.85749338964949626e-05,1.39745358754117532e-03,0.00000000000000000e+00,-1.39745358754117532e-03,4.74246217406952830e+00,4.74246217406952830e+00,8.07708116818045663e-01,8.01488968694187398e-01,6.52377509499999064e+00,0,0,0,ok,local phi scan best endpoint
7,6007,576,8.39999999999999969e-01,free_ricci,sum_channel,voro_radical,voro_radical_fixed_topology,1,1,1.19026057340421973e-01,1.11412862257980985e-01,-7.61319508244098775e-03,7.53269798867883672e-02,6.67776537390388298e-12,-7.53269798801105978e-02,1.17238737148882111e-01,1.14230337581075148e-01,-3.00839956780696305e-03,5.43612397354144017e-01,4.77888929458438953e-11,-5.43612397306355133e-01,1.42828743982749103e+02,1.71124569532100801e-08,-1.42828743965636647e+02,1.46178063673598035e-01,2.19904962019490824e-10,-1.46178063453693080e-01,6.51436152077560671e-01,4.41934684320225224e-10,-6.51436151635625960e-01,9.85749338964949626e-05,7.96421984381685188e+00,7.96412126888295546e+00,1.39745358754117532e-03,5.64412087584583722e-01,5.63014633997042546e-01,4.74246217406952830e+00,5.64213926376004871e+00,8.07708116818045663e-01,9.33794487749953550e-01,8.71117757999996911e-01,1,1,1,ok,converged: max_abs_K < tol
7,6007,576,8.39999999999999969e-01,post_voro_surgery,topology,voro_radical,post_surgery_nonradical,1,1,1.19026057340421973e-01,1.29203656084765917e-01,1.01775987443439436e-02,7.53269798867883672e-02,6.61947852108489693e-02,-9.13219467593939793e-03,1.17238737148882111e-01,1.33699794613538869e-01,1.64610574646567587e-02,5.43612397354144017e-01,4.82884613164098531e-01,-6.07277841900454862e-02,1.42828743982749103e+02,8.72662681667465705e+01,-5.55624758160025323e+01,1.46178063673598035e-01,1.34309910574886809e-01,-1.18681530987112260e-02,6.51436152077560671e-01,4.28619122948851572e-01,-2.22817029128709099e-01,9.85749338964949626e-05,9.85749338964949626e-05,0.00000000000000000e+00,1.39745358754117532e-03,1.39745358754117532e-03,0.00000000000000000e+00,4.74246217406952830e+00,4.74246217406952830e+00,8.07708116818045663e-01,8.45154592967810703e-01,5.28272557613999993e+02,1,0,0,ok,light topology surgery; no longer radical
7,6007,576,8.39999999999999969e-01,radius_label_swap,sum_channel,voro_radical,voro_radical_rebuilt,1,1,1.19026057340421973e-01,1.19026119451447407e-01,6.21110254339640733e-08,7.53269798867883672e-02,7.53270140967662455e-02,3.42099778782856134e-08,1.17238737148882111e-01,1.17238746767695481e-01,9.61881337080416898e-09,5.43612397354144017e-01,5.43612173875301474e-01,-2.23478842542590428e-07,1.42828743982749103e+02,1.42828828360963314e+02,8.43782142112559086e-05,1.46178063673598035e-01,1.46178023868593049e-01,-3.98050049865705802e-08,6.51436152077560671e-01,6.51436570009931160e-01,4.17932370488927063e-07,9.85749338964949626e-05,9.86221743423550926e-05,4.72404458601300000e-08,1.39745358754117532e-03,1.39745358754117532e-03,0.00000000000000000e+00,4.74246217406952830e+00,4.74246217406952830e+00,8.07708116818045663e-01,8.07708116818045663e-01,1.50578420189999633e+01,0,0,0,ok,radius labels permuted; distribution exactly preserved
7,6007,576,8.39999999999999969e-01,shape_descent,shape_channel,voro_radical,voro_radical_rebuilt,1,1,1.19026057340421973e-01,1.19032801303061556e-01,6.74396263958265685e-06,7.53269798867883672e-02,7.53269798867883672e-02,0.00000000000000000e+00,1.17238737148882111e-01,1.17226702489924478e-01,-1.20346589576325602e-05,5.43612397354144017e-01,5.43612397354144017e-01,0.00000000000000000e+00,1.42828743982749103e+02,1.42828743982749103e+02,0.00000000000000000e+00,1.46178063673598035e-01,1.46178063673598035e-01,0.00000000000000000e+00,6.51436152077560671e-01,6.51436152077560671e-01,0.00000000000000000e+00,9.85749338964949626e-05,9.85749338964949626e-05,0.00000000000000000e+00,1.39745358754117532e-03,1.39745358754117532e-03,0.00000000000000000e+00,4.74246217406952830e+00,4.74246217406952830e+00,8.07708116818045663e-01,8.07708116818045663e-01,1.78538799060000031e+01,0,1,0,ok,stochastic coordinate shape descent
8,6008,576,8.39999999999999969e-01,bounded_ricci_du010,sum_channel,voro_radical,voro_radical_fixed_topology,1,1,1.20295036824671284e-01,1.15211702506762687e-01,-5.08333431790859713e-03,7.61270724276624927e-02,5.97033630006554503e-02,-1.64237094270070424e-02,1.17479936276814342e-01,1.16117927494802028e-01,-1.36200878201231390e-03,5.57355041579065791e-01,4.34519717463421995e-01,-1.22835324115643796e-01,1.12690454436195651e+02,8.36646046132598400e+01,-2.90258498229358111e+01,1.49565703988749049e-01,1.22013466840636367e-01,-2.75522371481126821e-02,5.12488429575362781e-01,4.48064935973517042e-01,-6.44234936018457383e-02,3.47533888562214345e-03,2.18834097610640266e-01,2.15358758725018112e-01,8.63106557868409396e-03,1.07455538662609484e-01,9.88244730839253904e-02,4.74246217406952830e+00,4.91075832238396082e+00,8.01484838874905070e-01,8.52380751629136735e-01,8.03208826000002318e-01,1,1,1,ok,relative_bounded_ricci
8,6008,576,8.39999999999999969e-01,box_shear_aspect,shape_channel,voro_radical,voro_radical_rebuilt,1,1,1.20295036824671284e-01,1.20295601142693817e-01,5.64318022533427666e-07,7.61270724276624927e-02,7.61270724276625343e-02,4.16333634234433703e-17,1.17479936276814342e-01,1.17480836197562361e-01,8.99920748018145922e-07,5.57355041579065791e-01,5.57355041579065791e-01,0.00000000000000000e+00,1.12690454436195651e+02,1.12690454436195651e+02,0.00000000000000000e+00,1.49565703988749049e-01,1.49565703988749049e-01,0.00000000000000000e+00,5.12488429575362781e-01,5.12488429575362781e-01,0.00000000000000000e+00,3.47533888562214345e-03,3.47478804967336257e-03,-5.50835948780886708e-07,8.63106557868409396e-03,8.64761529390012385e-03,1.65497152160298810e-05,4.74246217406952830e+00,4.74246217406952830e+00,8.01484838874905070e-01,8.01484838874905070e-01,1.25979169569999954e+01,0,0,0,ok,aspect-only box strain; shear omitted for rectangular voro++ container
8,6008,576,8.39999999999999969e-01,compression_step,coupled,voro_radical,voro_radical_rebuilt,1,1,1.20295036824671284e-01,1.20295036824671200e-01,-8.32667268468867405e-17,7.61270724276624927e-02,7.61270724276625066e-02,1.38777878078144568e-17,1.17479936276814342e-01,1.17479936276814384e-01,4.16333634234433703e-17,5.57355041579065791e-01,5.57355041579065791e-01,0.00000000000000000e+00,1.12690454436195651e+02,1.12690454436195651e+02,0.00000000000000000e+00,1.49565703988749049e-01,1.49565703988749049e-01,0.00000000000000000e+00,5.12488429575362781e-01,5.12488429575362781e-01,0.00000000000000000e+00,3.47533888562214345e-03,0.00000000000000000e+00,-3.47533888562214345e-03,8.63106557868409396e-03,0.00000000000000000e+00,-8.63106557868409396e-03,4.74246217406952830e+00,4.74246217406952830e+00,8.01484838874905070e-01,8.01484838874905070e-01,8.69612659199998461e+00,0,0,0,ok,local phi scan best endpoint
8,6008,576,8.39999999999999969e-01,free_ricci,sum_channel,voro_radical,voro_radical_fixed_topology,1,1,1.20295036824671284e-01,1.11582476379063336e-01,-8.71256044560794751e-03,7.61270724276624927e-02,6.67166293868363280e-12,-7.61270724209908295e-02,1.17479936276814342e-01,1.14217487022563277e-01,-3.26244925425106524e-03,5.57355041579065791e-01,4.84444230959267626e-11,-5.57355041530621320e-01,1.12690454436195651e+02,1.75946251166900176e-08,-1.12690454418601021e+02,1.49565703988749049e-01,2.23334711021279148e-10,-1.49565703765414337e-01,5.12488429575362781e-01,4.59815752731339846e-10,-5.12488429115547039e-01,3.47533888562214345e-03,9.09930771489066181e+00,9.09583237600504013e+00,8.63106557868409396e-03,6.69699346879629953e-01,6.61068281300945859e-01,4.74246217406952830e+00,6.82794156859889512e+00,8.01484838874905070e-01,9.16267868114057693e-01,9.08592339000023230e-01,1,1,1,ok,converged: max_abs_K < tol
8,6008,576,8.39999999999999969e-01,post_voro_surgery,topology,voro_radical,post_surgery_nonradical,1,1,1.20295036824671284e-01,1.32754828908580341e-01,1.24597920839090576e-02,7.61270724276624927e-02,6.78257437826974008e-02,-8.30132864496509193e-03,1.17479936276814342e-01,1.36764110195050997e-01,1.92841739182366551e-02,5.57355041579065791e-01,4.96747216834879990e-01,-6.06078247441858009e-02,1.12690454436195651e+02,8.81000823831903119e+01,-2.45903720530053391e+01,1.49565703988749049e-01,1.36994306633871105e-01,-1.25713973548779445e-02,5.12488429575362781e-01,4.23816719322802349e-01,-8.86717102525604317e-02,3.47533888562214345e-03,3.47533888562214345e-03,0.00000000000000000e+00,8.63106557868409396e-03,8.63106557868409396e-03,0.00000000000000000e+00,4.74246217406952830e+00,4.74246217406952830e+00,8.01484838874905070e-01,8.33184923176070291e-01,4.72820504239000002e+02,1,0,0,ok,light topology surgery; no longer radical
8,6008,576,8.39999999999999969e-01,radius_label_swap,sum_channel,voro_radical,voro_radical_rebuilt,1,1,1.20295036824671284e-01,1.20294966994301256e-01,-6.98303700280566986e-08,7.61270724276624927e-02,7.61271405200360657e-02,6.80923735729699331e-08,1.17479936276814342e-01,1.17479986581243701e-01,5.03044293581611512e-08,5.57355041579065791e-01,5.57357877368056975e-01,2.83578899118452910e-06,1.12690454436195651e+02,1.12690782522810281e+02,3.28086614629796713e-04,1.49565703988749049e-01,1.49565924431283220e-01,2.20442534171194637e-07,5.12488429575362781e-01,5.12489268347392612e-01,8.38772029831957866e-07,3.47533888562214345e-03,3.47530152107886244e-03,-3.73645432810189304e-08,8.63106557868409396e-03,8.63106557868409396e-03,0.00000000000000000e+00,4.74246217406952830e+00,4.74246217406952830e+00,8.01484838874905070e-01,8.01482158300707237e-01,1.66885256940000772e+01,0,0,0,ok,radius labels permuted; distribution exactly preserved
8,6008,576,8.39999999999999969e-01,shape_descent,shape_channel,voro_radical,voro_radical_rebuilt,1,1,1.20295036824671284e-01,1.20279000452657520e-01,-1.60363720137640664e-05,7.61270724276624927e-02,7.61270724276625205e-02,2.77555756156289135e-17,1.17479936276814342e-01,1.17454290258489608e-01,-2.56460183247347873e-05,5.57355041579065791e-01,5.57355041579065791e-01,0.00000000000000000e+00,1.12690454436195651e+02,1.12690454436195651e+02,0.00000000000000000e+00,1.49565703988749049e-01,1.49565703988749049e-01,0.00000000000000000e+00,5.12488429575362781e-01,5.12488429575362781e-01,0.00000000000000000e+00,3.47533888562214345e-03,3.61823377945004855e-03,1.42894893827905101e-04,8.63106557868409396e-03,8.63106557868409396e-03,0.00000000000000000e+00,4.74246217406952830e+00,4.74246217406952830e+00,8.01484838874905070e-01,8.01484838874905070e-01,1.71905971580000028e+01,0,1,0,ok,stochastic coordinate shape descent
9,6009,576,8.39999999999999969e-01,bounded_ricci_du010,sum_channel,voro_radical,voro_radical_fixed_topology,1,1,1.18559362541686586e-01,1.13713518214897710e-01,-4.84584432678887567e-03,7.49850227104530281e-02,5.98729660468143091e-02,-1.51120566636387191e-02,1.15547254683800948e-01,1.14258136535625665e-01,-1.28911814817528336e-03,5.40155439138248261e-01,4.29469045897585944e-01,-1.10686393240662317e-01,1.17410436275476030e+02,8.29079446696521245e+01,-3.45024916058239057e+01,1.46946559853037090e-01,1.22086821902165035e-01,-2.48597379508720545e-02,5.43134878360803319e-01,4.43720082959226936e-01,-9.94147954015763835e-02,3.83658064944422753e-06,1.74747236611034390e-01,1.74743400030384938e-01,3.15947554442086442e-04,1.18585421037530558e-01,1.18269473483088472e-01,4.74246217406952830e+00,4.55919320624714342e+00,8.15109247360795264e-01,8.60943413873548113e-01,6.15666067000006478e-01,1,1,1,ok,relative_bounded_ricci
9,6009,576,8.39999999999999969e-01,box_shear_aspect,shape_channel,voro_radical,voro_radical_rebuilt,1,1,1.18559362541686586e-01,1.18559362541686586e-01,0.00000000000000000e+00,7.49850227104530281e-02,7.49850227104530281e-02,0.00000000000000000e+00,1.15547254683800948e-01,1.15547254683800948e-01,0.00000000000000000e+00,5.40155439138248261e-01,5.40155439138248261e-01,0.00000000000000000e+00,1.17410436275476030e+02,1.17410436275476030e+02,0.00000000000000000e+00,1.46946559853037090e-01,1.46946559853037090e-01,0.00000000000000000e+00,5.43134878360803319e-01,5.43134878360803319e-01,0.00000000000000000e+00,3.83658064944422753e-06,3.83658064944422753e-06,0.00000000000000000e+00,3.15947554442086442e-04,3.15947554442086442e-04,0.00000000000000000e+00,4.74246217406952830e+00,4.74246217406952830e+00,8.15109247360795264e-01,8.15109247360795264e-01,1.07270965210000213e+01,0,0,0,ok,aspect-only box strain; shear omitted for rectangular voro++ container
9,6009,576,8.39999999999999969e-01,compression_step,coupled,voro_radical,voro_radical_rebuilt,1,1,1.18559362541686586e-01,1.18579547210224470e-01,2.01846685378842539e-05,7.49850227104530281e-02,7.47236210046519911e-02,-2.61401705801037054e-04,1.15547254683800948e-01,1.15654869634690211e-01,1.07614950889262095e-04,5.40155439138248261e-01,5.38307093789654911e-01,-1.84834534859334987e-03,1.17410436275476030e+02,1.17367690483165916e+02,-4.27457923101144388e-02,1.46946559853037090e-01,1.46658386672509411e-01,-2.88173180527678818e-04,5.43134878360803319e-01,5.43836236103010462e-01,7.01357742207142643e-04,3.83658064944422753e-06,0.00000000000000000e+00,-3.83658064944422753e-06,3.15947554442086442e-04,0.00000000000000000e+00,-3.15947554442086442e-04,4.74246217406952830e+00,4.74246217406952830e+00,8.15109247360795264e-01,8.15556188530034643e-01,8.36672865600002069e+00,1,0,0,ok,local phi scan best endpoint
9,6009,576,8.39999999999999969e-01,free_ricci,sum_channel,voro_radical,voro_radical_fixed_topology,1,1,1.18559362541686586e-01,1.09148766028073482e-01,-9.41059651361310368e-03,7.49850227104530281e-02,6.24846920542925839e-12,-7.49850227042045542e-02,1.15547254683800948e-01,1.11910430057523894e-01,-3.63682462627705483e-03,5.40155439138248261e-01,4.44470856403943862e-11,-5.40155439093801149e-01,1.17410436275476030e+02,1.57454386998852061e-08,-1.17410436259730588e+02,1.46946559853037090e-01,2.06934031423454083e-10,-1.46946559646103064e-01,5.43134878360803319e-01,4.13353137204069872e-10,-5.43134877947450190e-01,3.83658064944422753e-06,8.61071047038603332e+00,8.61070663380538370e+00,3.15947554442086442e-04,7.14293912901136974e-01,7.13977965346694887e-01,4.74246217406952830e+00,5.91755933535809842e+00,8.15109247360795264e-01,9.24273400858227734e-01,7.17819759999997586e-01,1,1,1,ok,converged: max_abs_K < tol
9,6009,576,8.39999999999999969e-01,post_voro_surgery,topology,voro_radical,post_surgery_nonradical,1,1,1.18559362541686586e-01,1.28878247972667864e-01,1.03188854309812783e-02,7.49850227104530281e-02,6.68788257519149082e-02,-8.10619695853811995e-03,1.15547254683800948e-01,1.32676773751146337e-01,1.71295190673453890e-02,5.40155439138248261e-01,4.73703251808347658e-01,-6.64521873299006027e-02,1.17410436275476030e+02,8.21761232455417598e+01,-3.52343130299342704e+01,1.46946559853037090e-01,1.33058535866292377e-01,-1.38880239867447131e-02,5.43134878360803319e-01,4.02499263629978621e-01,-1.40635614730824698e-01,3.83658064944422753e-06,3.83658064944422753e-06,0.00000000000000000e+00,3.15947554442086442e-04,3.15947554442086442e-04,0.00000000000000000e+00,4.74246217406952830e+00,4.74246217406952830e+00,8.15109247360795264e-01,8.42699794071095631e-01,4.93515073210000025e+02,1,0,0,ok,light topology surgery; no longer radical
9,6009,576,8.39999999999999969e-01,radius_label_swap,sum_channel,voro_radical,voro_radical_rebuilt,1,1,1.18559362541686586e-01,1.18559446160463211e-01,8.36187766251050846e-08,7.49850227104530281e-02,7.49849690662148932e-02,-5.36442381349200303e-08,1.15547254683800948e-01,1.15547371280755956e-01,1.16596955007652880e-07,5.40155439138248261e-01,5.40155550348242697e-01,1.11209994435590431e-07,1.17410436275476030e+02,1.17410558139288128e+02,1.21863812097444679e-04,1.46946559853037090e-01,1.46946989234007952e-01,4.29380970862203171e-07,5.43134878360803319e-01,5.43134145796422607e-01,-7.32564380712119601e-07,3.83658064944422753e-06,3.85385459469768314e-06,1.72739452534556161e-08,3.15947554442086442e-04,3.15947554442086442e-04,0.00000000000000000e+00,4.74246217406952830e+00,4.74246217406952830e+00,8.15109247360795264e-01,8.15109247360795375e-01,1.66072444980000000e+01,1,0,0,ok,radius labels permuted; distribution exactly preserved
9,6009,576,8.39999999999999969e-01,shape_descent,shape_channel,voro_radical,voro_radical_rebuilt,1,1,1.18559362541686586e-01,1.18540174335116585e-01,-1.91882065700005322e-05,7.49850227104530281e-02,7.47236210046520188e-02,-2.61401705801009299e-04,1.15547254683800948e-01,1.15637531052180983e-01,9.02763683800350547e-05,5.40155439138248261e-01,5.38307093789654911e-01,-1.84834534859334987e-03,1.17410436275476030e+02,1.17367690483165916e+02,-4.27457923101144388e-02,1.46946559853037090e-01,1.46658386672509411e-01,-2.88173180527678818e-04,5.43134878360803319e-01,5.43836236103010462e-01,7.01357742207142643e-04,3.83658064944422753e-06,3.83657598731670060e-06,-4.66212752692191481e-12,3.15947554442086442e-04,3.15947554442086442e-04,0.00000000000000000e+00,4.74246217406952830e+00,4.74246217406952830e+00,8.15109247360795264e-01,8.15556188530034643e-01,1.74075401169999964e+01,1,0,0,ok,stochastic coordinate shape descent
10,6010,576,8.39999999999999969e-01,bounded_ricci_du010,sum_channel,voro_radical,voro_radical_fixed_topology,1,1,1.18505769166920225e-01,1.13787668301399025e-01,-4.71810086552119923e-03,7.39091213080393383e-02,5.59177619078183030e-02,-1.79913594002210353e-02,1.17164734920999880e-01,1.15582746845370829e-01,-1.58198807562905108e-03,5.34272539233335730e-01,4.01556466073025031e-01,-1.32716073160310699e-01,1.29397753215838918e+02,9.09970550946001140e+01,-3.84006981212388041e+01,1.46235068905719690e-01,1.16454236880906434e-01,-2.97808320248132558e-02,5.97817820813608902e-01,5.02405258331545923e-01,-9.54125624820629792e-02,1.16064870411894242e-03,2.90680723592576407e-01,2.89520074888457490e-01,4.97265057707352298e-03,1.31348867413386472e-01,1.26376216836312949e-01,4.74246217406952830e+00,4.70519559486852756e+00,8.05447497307711036e-01,8.60414493305470485e-01,8.08953873000007206e-01,1,1,1,ok,relative_bounded_ricci
10,6010,576,8.39999999999999969e-01,box_shear_aspect,shape_channel,voro_radical,voro_radical_rebuilt,1,1,1.18505769166920225e-01,1.18505769166920225e-01,0.00000000000000000e+00,7.39091213080393383e-02,7.39091213080393383e-02,0.00000000000000000e+00,1.17164734920999880e-01,1.17164734920999880e-01,0.00000000000000000e+00,5.34272539233335730e-01,5.34272539233335730e-01,0.00000000000000000e+00,1.29397753215838918e+02,1.29397753215838918e+02,0.00000000000000000e+00,1.46235068905719690e-01,1.46235068905719690e-01,0.00000000000000000e+00,5.97817820813608902e-01,5.97817820813608902e-01,0.00000000000000000e+00,1.16064870411894242e-03,1.16064870411894242e-03,0.00000000000000000e+00,4.97265057707352298e-03,4.97265057707352298e-03,0.00000000000000000e+00,4.74246217406952830e+00,4.74246217406952830e+00,8.05447497307711036e-01,8.05447497307711036e-01,1.13855591790000119e+01,0,0,0,ok,aspect-only box strain; shear omitted for rectangular voro++ container
10,6010,576,8.39999999999999969e-01,compression_step,coupled,voro_radical,voro_radical_rebuilt,1,1,1.18505769166920225e-01,1.18630805907857087e-01,1.25036740936862456e-04,7.39091213080393383e-02,7.38920545365107651e-02,-1.70667715285732768e-05,1.17164734920999880e-01,1.17308154391172925e-01,1.43419470173045127e-04,5.34272539233335730e-01,5.34519610111334198e-01,2.47070877998467608e-04,1.29397753215838918e+02,1.18760745857793864e+02,-1.06370073580450537e+01,1.46235068905719690e-01,1.46258745052004507e-01,2.36761462848178450e-05,5.97817820813608902e-01,5.51474389348531324e-01,-4.63434314650775780e-02,1.16064870411894242e-03,0.00000000000000000e+00,-1.16064870411894242e-03,4.97265057707352298e-03,0.00000000000000000e+00,-4.97265057707352298e-03,4.74246217406952830e+00,4.74246217406952830e+00,8.05447497307711036e-01,8.04315649761053741e-01,6.95817754199998717e+00,1,0,0,ok,local phi scan best endpoint
10,6010,576,8.39999999999999969e-01,free_ricci,sum_channel,voro_radical,voro_radical_fixed_topology,1,1,1.18505769166920225e-01,1.10937609588516103e-01,-7.56815957840412112e-03,7.39091213080393383e-02,8.69677561092429113e-12,-7.39091212993425589e-02,1.17164734920999880e-01,1.13830514682479372e-01,-3.33422023852050775e-03,5.34272539233335730e-01,5.71070437691138287e-11,-5.34272539176228634e-01,1.29397753215838918e+02,1.99733760898404109e-08,-1.29397753195865533e+02,1.46235068905719690e-01,2.64674213414368267e-10,-1.46235068641045463e-01,5.97817820813608902e-01,4.58663574435147516e-10,-5.97817820354945351e-01,1.16064870411894242e-03,9.57328488213079964e+00,9.57212423342668117e+00,4.97265057707352298e-03,5.06862061027726574e-01,5.01889410450653051e-01,4.74246217406952830e+00,5.98275847466397170e+00,8.05447497307711036e-01,9.17271768317962310e-01,7.45116352000025017e-01,1,1,1,ok,converged: max_abs_K < tol
10,6010,576,8.39999999999999969e-01,post_voro_surgery,topology,voro_radical,post_surgery_nonradical,1,1,1.18505769166920225e-01,1.33771035847737113e-01,1.52652666808168885e-02,7.39091213080393383e-02,6.74855651918555982e-02,-6.42355611618374012e-03,1.17164734920999880e-01,1.38827603297729696e-01,2.16628683767298158e-02,5.34272539233335730e-01,4.83485150509261552e-01,-5.07873887240741784e-02,1.29397753215838918e+02,8.64863820985333689e+01,-4.29113711173055492e+01,1.46235068905719690e-01,1.37972210734570583e-01,-8.26285817114910670e-03,5.97817820813608902e-01,4.10662453585472875e-01,-1.87155367228136027e-01,1.16064870411894242e-03,1.16064870411894242e-03,0.00000000000000000e+00,4.97265057707352298e-03,4.97265057707352298e-03,0.00000000000000000e+00,4.74246217406952830e+00,4.74246217406952830e+00,8.05447497307711036e-01,8.30145066774900631e-01,4.91132028485999967e+02,1,0,0,ok,light topology surgery; no longer radical
10,6010,576,8.39999999999999969e-01,radius_label_swap,sum_channel,voro_radical,voro_radical_rebuilt,1,1,1.18505769166920225e-01,1.18505769166920225e-01,0.00000000000000000e+00,7.39091213080393383e-02,7.39091213080393383e-02,0.00000000000000000e+00,1.17164734920999880e-01,1.17164734920999880e-01,0.00000000000000000e+00,5.34272539233335730e-01,5.34272539233335730e-01,0.00000000000000000e+00,1.29397753215838918e+02,1.29397753215838918e+02,0.00000000000000000e+00,1.46235068905719690e-01,1.46235068905719690e-01,0.00000000000000000e+00,5.97817820813608902e-01,5.97817820813608902e-01,0.00000000000000000e+00,1.16064870411894242e-03,1.16064870411894242e-03,0.00000000000000000e+00,4.97265057707352298e-03,4.97265057707352298e-03,0.00000000000000000e+00,4.74246217406952830e+00,4.74246217406952830e+00,8.05447497307711036e-01,8.05447497307711036e-01,1.64673706129999573e+01,0,0,0,ok,radius labels permuted; distribution exactly preserved
10,6010,576,8.39999999999999969e-01,shape_descent,shape_channel,voro_radical,voro_radical_rebuilt,1,1,1.18505769166920225e-01,1.18515055858887539e-01,9.28669196731402025e-06,7.39091213080393383e-02,7.39091213080393383e-02,0.00000000000000000e+00,1.17164734920999880e-01,1.17185002414672529e-01,2.02674936726487953e-05,5.34272539233335730e-01,5.34272539233335730e-01,0.00000000000000000e+00,1.29397753215838918e+02,1.29397753215838918e+02,0.00000000000000000e+00,1.46235068905719690e-01,1.46235068905719690e-01,0.00000000000000000e+00,5.97817820813608902e-01,5.97817820813608902e-01,0.00000000000000000e+00,1.16064870411894242e-03,1.17971023719568718e-03,1.90615330767447601e-05,4.97265057707352298e-03,4.97265057707352298e-03,0.00000000000000000e+00,4.74246217406952830e+00,4.74246217406952830e+00,8.05447497307711036e-01,8.05447497307711036e-01,1.65584861419999925e+01,0,0,0,ok,stochastic coordinate shape descent
11,6011,576,8.39999999999999969e-01,bounded_ricci_du010,sum_channel,voro_radical,voro_radical_fixed_topology,1,1,1.18320809402247304e-01,1.12517146926480127e-01,-5.80366247576717675e-03,7.62285379866916024e-02,5.86479011387593605e-02,-1.75806368479322420e-02,1.15138444848750590e-01,1.13544874943990112e-01,-1.59356990476047788e-03,5.41514504133805752e-01,4.15430701636130051e-01,-1.26083802497675701e-01,1.27744798394281958e+02,9.20273184044003756e+01,-3.57174799898815820e+01,1.47790753317930013e-01,1.19894328508527312e-01,-2.78964248094027006e-02,5.86060039294935442e-01,4.97946388962889008e-01,-8.81136503320464337e-02,1.82985375408212258e-04,2.34026385710323387e-01,2.33843400334915186e-01,1.65271084353113551e-03,1.15022662480227300e-01,1.13369951636696165e-01,4.74246217406952830e+00,4.59067910186877537e+00,8.09541878397310954e-01,8.61580116052006795e-01,7.59247719000001098e-01,1,1,1,ok,relative_bounded_ricci
11,6011,576,8.39999999999999969e-01,box_shear_aspect,shape_channel,voro_radical,voro_radical_rebuilt,1,1,1.18320809402247304e-01,1.18320809402247304e-01,0.00000000000000000e+00,7.62285379866916024e-02,7.62285379866916024e-02,0.00000000000000000e+00,1.15138444848750590e-01,1.15138444848750590e-01,0.00000000000000000e+00,5.41514504133805752e-01,5.41514504133805752e-01,0.00000000000000000e+00,1.27744798394281958e+02,1.27744798394281958e+02,0.00000000000000000e+00,1.47790753317930013e-01,1.47790753317930013e-01,0.00000000000000000e+00,5.86060039294935442e-01,5.86060039294935442e-01,0.00000000000000000e+00,1.82985375408212258e-04,1.82985375408212258e-04,0.00000000000000000e+00,1.65271084353113551e-03,1.65271084353113551e-03,0.00000000000000000e+00,4.74246217406952830e+00,4.74246217406952830e+00,8.09541878397310954e-01,8.09541878397310954e-01,1.11739597269999820e+01,0,0,0,ok,aspect-only box strain; shear omitted for rectangular voro++ container
11,6011,576,8.39999999999999969e-01,compression_step,coupled,voro_radical,voro_radical_rebuilt,1,1,1.18320809402247304e-01,1.18460831675667996e-01,1.40022273420692400e-04,7.62285379866916024e-02,7.64421057722975555e-02,2.13567785605953131e-04,1.15138444848750590e-01,1.15198420443395441e-01,5.99755946448510269e-05,5.41514504133805752e-01,5.43638332461262697e-01,2.12382832745694472e-03,1.27744798394281958e+02,1.31133354422451390e+02,3.38855602816943247e+00,1.47790753317930013e-01,1.48727521817509006e-01,9.36768499578993774e-04,5.86060039294935442e-01,5.97849842511004259e-01,1.17898032160688171e-02,1.82985375408212258e-04,0.00000000000000000e+00,-1.82985375408212258e-04,1.65271084353113551e-03,0.00000000000000000e+00,-1.65271084353113551e-03,4.74246217406952830e+00,4.74246217406952830e+00,8.09541878397310954e-01,8.08415867285849021e-01,6.73053999799998337e+00,0,0,0,ok,local phi scan best endpoint
11,6011,576,8.39999999999999969e-01,free_ricci,sum_channel,voro_radical,voro_radical_fixed_topology,1,1,1.18320809402247304e-01,1.08081482112013003e-01,-1.02393272902343013e-02,7.62285379866916024e-02,8.15114270723083596e-12,-7.62285379785404560e-02,1.15138444848750590e-01,1.10693625769373791e-01,-4.44481907937679943e-03,5.41514504133805752e-01,5.36967317262195087e-11,-5.41514504080109038e-01,1.27744798394281958e+02,1.91280494441341853e-08,-1.27744798375153906e+02,1.47790753317930013e-01,2.47895222423829962e-10,-1.47790753070034780e-01,5.86060039294935442e-01,4.58319570618509024e-10,-5.86060038836615838e-01,1.82985375408212258e-04,8.97036784663871600e+00,8.97018486126330750e+00,1.65271084353113551e-03,5.77967101611423395e-01,5.76314390767892260e-01,4.74246217406952830e+00,5.45557598298130841e+00,8.09541878397310954e-01,9.22183188706673929e-01,7.08142836000007492e-01,1,1,1,ok,converged: max_abs_K < tol
11,6011,576,8.39999999999999969e-01,post_voro_surgery,topology,voro_radical,post_surgery_nonradical,1,1,1.18320809402247304e-01,1.32265128638692109e-01,1.39443192364448049e-02,7.62285379866916024e-02,6.81579046672936284e-02,-8.07063331939797401e-03,1.15138444848750590e-01,1.35761609508356501e-01,2.06231646596059109e-02,5.41514504133805752e-01,4.85973881018848530e-01,-5.55406231149572216e-02,1.27744798394281958e+02,8.17637185025551503e+01,-4.59810798917268073e+01,1.47790753317930013e-01,1.34109854348404861e-01,-1.36808989695251515e-02,5.86060039294935442e-01,3.95497559594853498e-01,-1.90562479700081944e-01,1.82985375408212258e-04,1.82985375408212258e-04,0.00000000000000000e+00,1.65271084353113551e-03,1.65271084353113551e-03,0.00000000000000000e+00,4.74246217406952830e+00,4.74246217406952830e+00,8.09541878397310954e-01,8.34303117528679916e-01,4.78687053535000018e+02,1,0,0,ok,light topology surgery; no longer radical
11,6011,576,8.39999999999999969e-01,radius_label_swap,sum_channel,voro_radical,voro_radical_rebuilt,1,1,1.18320809402247304e-01,1.18320809402247304e-01,0.00000000000000000e+00,7.62285379866916024e-02,7.62285379866916024e-02,0.00000000000000000e+00,1.15138444848750590e-01,1.15138444848750590e-01,0.00000000000000000e+00,5.41514504133805752e-01,5.41514504133805752e-01,0.00000000000000000e+00,1.27744798394281958e+02,1.27744798394281958e+02,0.00000000000000000e+00,1.47790753317930013e-01,1.47790753317930013e-01,0.00000000000000000e+00,5.86060039294935442e-01,5.86060039294935442e-01,0.00000000000000000e+00,1.82985375408212258e-04,1.82985375408212258e-04,0.00000000000000000e+00,1.65271084353113551e-03,1.65271084353113551e-03,0.00000000000000000e+00,4.74246217406952830e+00,4.74246217406952830e+00,8.09541878397310954e-01,8.09541878397310954e-01,1.79141150750000406e+01,0,0,0,ok,radius labels permuted; distribution exactly preserved
11,6011,576,8.39999999999999969e-01,shape_descent,shape_channel,voro_radical,voro_radical_rebuilt,1,1,1.18320809402247304e-01,1.18338551765491143e-01,1.77423632438389323e-05,7.62285379866916024e-02,7.62285379866916024e-02,0.00000000000000000e+00,1.15138444848750590e-01,1.15143245766386099e-01,4.80091763550849482e-06,5.41514504133805752e-01,5.41514504133805752e-01,0.00000000000000000e+00,1.27744798394281958e+02,1.27744798394281958e+02,0.00000000000000000e+00,1.47790753317930013e-01,1.47790753317930013e-01,0.00000000000000000e+00,5.86060039294935442e-01,5.86060039294935442e-01,0.00000000000000000e+00,1.82985375408212258e-04,1.84318634252662048e-04,1.33325884444978953e-06,1.65271084353113551e-03,1.65271084353113551e-03,0.00000000000000000e+00,4.74246217406952830e+00,4.74246217406952830e+00,8.09541878397310954e-01,8.09541878397310954e-01,1.77364317029999938e+01,0,0,0,ok,stochastic coordinate shape descent
12,6012,576,8.39999999999999969e-01,bounded_ricci_du010,sum_channel,voro_radical,voro_radical_fixed_topology,1,1,1.18440027358163488e-01,1.13284786146191474e-01,-5.15524121197201424e-03,7.40684353535587675e-02,5.45936241859497906e-02,-1.94748111676089769e-02,1.17445382855798988e-01,1.15738187158606315e-01,-1.70719569719267328e-03,5.32614343109009347e-01,3.89433932339177336e-01,-1.43180410769832012e-01,1.09780160073155002e+02,7.56627268115321101e+01,-3.41174332616228924e+01,1.47073483369062924e-01,1.15158731841528597e-01,-3.19147515275343269e-02,5.06411341988468156e-01,4.23040258537138503e-01,-8.33710834513296528e-02,2.83616478535196864e-04,3.42142050233662676e-01,3.41858433755127478e-01,2.24557847777662190e-03,1.33855886862373819e-01,1.31610308384597197e-01,4.74246217406952830e+00,4.76384874848107565e+00,8.22168501968597143e-01,8.79122346881135108e-01,7.17639023000003817e-01,1,1,1,ok,relative_bounded_ricci
12,6012,576,8.39999999999999969e-01,box_shear_aspect,shape_channel,voro_radical,voro_radical_rebuilt,1,1,1.18440027358163488e-01,1.18440027358163488e-01,0.00000000000000000e+00,7.40684353535587675e-02,7.40684353535587675e-02,0.00000000000000000e+00,1.17445382855798988e-01,1.17445382855798988e-01,0.00000000000000000e+00,5.32614343109009347e-01,5.32614343109009347e-01,0.00000000000000000e+00,1.09780160073155002e+02,1.09780160073155002e+02,0.00000000000000000e+00,1.47073483369062924e-01,1.47073483369062924e-01,0.00000000000000000e+00,5.06411341988468156e-01,5.06411341988468156e-01,0.00000000000000000e+00,2.83616478535196864e-04,2.83616478535196864e-04,0.00000000000000000e+00,2.24557847777662190e-03,2.24557847777662190e-03,0.00000000000000000e+00,4.74246217406952830e+00,4.74246217406952830e+00,8.22168501968597143e-01,8.22168501968597143e-01,1.01689587249999818e+01,0,0,0,ok,aspect-only box strain; shear omitted for rectangular voro++ container
12,6012,576,8.39999999999999969e-01,compression_step,coupled,voro_radical,voro_radical_rebuilt,1,1,1.18440027358163488e-01,1.18459097335104152e-01,1.90699769406638131e-05,7.40684353535587675e-02,7.46347756344687002e-02,5.66340280909932714e-04,1.17445382855798988e-01,1.17459947334761380e-01,1.45644789623922133e-05,5.32614343109009347e-01,5.35831162637755209e-01,3.21681952874586230e-03,1.09780160073155002e+02,1.10153025454837888e+02,3.72865381682885300e-01,1.47073483369062924e-01,1.47258463971995074e-01,1.84980602932149907e-04,5.06411341988468156e-01,5.07638057800962605e-01,1.22671581249444994e-03,2.83616478535196864e-04,0.00000000000000000e+00,-2.83616478535196864e-04,2.24557847777662190e-03,0.00000000000000000e+00,-2.24557847777662190e-03,4.74246217406952830e+00,4.74246217406952830e+00,8.22168501968597143e-01,8.20840111611397916e-01,9.30492335499999967e+00,0,0,0,ok,local phi scan best endpoint
12,6012,576,8.39999999999999969e-01,free_ricci,sum_channel,voro_radical,voro_radical_fixed_topology,1,1,1.18440027358163488e-01,1.10762210678718470e-01,-7.67781667944501811e-03,7.40684353535587675e-02,6.77955962790189017e-12,-7.40684353467792045e-02,1.17445382855798988e-01,1.13818928576159661e-01,-3.62645427963932676e-03,5.32614343109009347e-01,4.81863431509826658e-11,-5.32614343060823003e-01,1.09780160073155002e+02,1.68002957838646608e-08,-1.09780160056354703e+02,1.47073483369062924e-01,2.27188656547911170e-10,-1.47073483141874267e-01,5.06411341988468156e-01,4.64317620416555440e-10,-5.06411341524150571e-01,2.83616478535196864e-04,9.34070361690648099e+00,9.34042000042794562e+00,2.24557847777662190e-03,5.54927424811165526e-01,5.52681846333388904e-01,4.74246217406952830e+00,5.42392809810714649e+00,8.22168501968597143e-01,9.29739372059327329e-01,7.23982667999990781e-01,1,1,1,ok,converged: max_abs_K < tol
12,6012,576,8.39999999999999969e-01,post_voro_surgery,topology,voro_radical,post_surgery_nonradical,1,1,1.18440027358163488e-01,1.30264837267747985e-01,1.18248099095844966e-02,7.40684353535587675e-02,6.64682809380853779e-02,-7.60015441547338966e-03,1.17445382855798988e-01,1.34345530157589210e-01,1.69001473017902221e-02,5.32614343109009347e-01,4.83884031075779153e-01,-4.87303120332301942e-02,1.09780160073155002e+02,8.50497037579618507e+01,-2.47304563151931518e+01,1.47073483369062924e-01,1.36540166364023635e-01,-1.05333170050392888e-02,5.06411341988468156e-01,4.07448334550950919e-01,-9.89630074375172364e-02,2.83616478535196864e-04,2.83616478535196864e-04,0.00000000000000000e+00,2.24557847777662190e-03,2.24557847777662190e-03,0.00000000000000000e+00,4.74246217406952830e+00,4.74246217406952830e+00,8.22168501968597143e-01,8.37859431278872080e-01,5.14824225014000035e+02,1,0,0,ok,light topology surgery; no longer radical
12,6012,576,8.39999999999999969e-01,radius_label_swap,sum_channel,voro_radical,voro_radical_rebuilt,1,1,1.18440027358163488e-01,1.18439957907250495e-01,-6.94509129928189139e-08,7.40684353535587675e-02,7.40692834309370635e-02,8.48077378295952755e-07,1.17445382855798988e-01,1.17445369160234306e-01,-1.36955646823366806e-08,5.32614343109009347e-01,5.32614480783256794e-01,1.37674247446817333e-07,1.09780160073155002e+02,1.09780656142202645e+02,4.96069047642322403e-04,1.47073483369062924e-01,1.47073663728888332e-01,1.80359825407983010e-07,5.06411341988468156e-01,5.06413200741984482e-01,1.85875351632613928e-06,2.83616478535196864e-04,2.83237643703059645e-04,-3.78834832137219142e-07,2.24557847777662190e-03,2.24557847777662190e-03,0.00000000000000000e+00,4.74246217406952830e+00,4.74246217406952830e+00,8.22168501968597143e-01,8.22168501968596921e-01,1.26374187900000834e+01,0,1,0,ok,radius labels permuted; distribution exactly preserved
12,6012,576,8.39999999999999969e-01,shape_descent,shape_channel,voro_radical,voro_radical_rebuilt,1,1,1.18440027358163488e-01,1.18430007760491049e-01,-1.00195976724393176e-05,7.40684353535587675e-02,7.40684353535587675e-02,0.00000000000000000e+00,1.17445382855798988e-01,1.17459076895825590e-01,1.36940400266016837e-05,5.32614343109009347e-01,5.32614343109009347e-01,0.00000000000000000e+00,1.09780160073155002e+02,1.09780160073155002e+02,0.00000000000000000e+00,1.47073483369062924e-01,1.47073483369062924e-01,0.00000000000000000e+00,5.06411341988468156e-01,5.06411341988468156e-01,0.00000000000000000e+00,2.83616478535196864e-04,2.85848236757409310e-04,2.23175822221244585e-06,2.24557847777662190e-03,2.24557847777662190e-03,0.00000000000000000e+00,4.74246217406952830e+00,4.74246217406952830e+00,8.22168501968597143e-01,8.22168501968597143e-01,1.60240870790000258e+01,0,0,0,ok,stochastic coordinate shape descent
13,6013,576,8.39999999999999969e-01,bounded_ricci_du010,sum_channel,voro_radical,voro_radical_fixed_topology,1,1,1.24865967671579925e-01,1.19946730200207990e-01,-4.91923747137193446e-03,7.52023505500112877e-02,5.76461611049119554e-02,-1.75561894450993322e-02,1.22980124700725710e-01,1.21486040078173999e-01,-1.49408462255171126e-03,5.41894751150291398e-01,4.14562062493663619e-01,-1.27332688656627779e-01,1.09805930328158581e+02,7.89772914604197780e+01,-3.08286388677388032e+01,1.49146740409415668e-01,1.20163191570152039e-01,-2.89835488392636287e-02,4.99501340408142869e-01,4.26831718056462639e-01,-7.26696223516802298e-02,6.07996907596102237e-03,2.63343117184270781e-01,2.57263148108309747e-01,1.01694998589350050e-02,1.15563734807291318e-01,1.05394234948356313e-01,4.74246217406952830e+00,4.81210896689116385e+00,8.04128756627587316e-01,8.57165692865368367e-01,7.97438405000008288e-01,1,1,1,ok,relative_bounded_ricci
13,6013,576,8.39999999999999969e-01,box_shear_aspect,shape_channel,voro_radical,voro_radical_rebuilt,1,1,1.24865967671579925e-01,1.24866176305875959e-01,2.08634296033904931e-07,7.52023505500112877e-02,7.52023505500112877e-02,0.00000000000000000e+00,1.22980124700725710e-01,1.22979963129386569e-01,-1.61571339141186598e-07,5.41894751150291398e-01,5.41894751150291398e-01,0.00000000000000000e+00,1.09805930328158581e+02,1.09805930328158581e+02,0.00000000000000000e+00,1.49146740409415668e-01,1.49146740409415668e-01,0.00000000000000000e+00,4.99501340408142869e-01,4.99501340408142869e-01,0.00000000000000000e+00,6.07996907596102237e-03,6.07628919005354963e-03,-3.67988590747273664e-06,1.01694998589350050e-02,1.01301118301575510e-02,-3.93880287774539539e-05,4.74246217406952830e+00,4.74246217406952830e+00,8.04128756627587316e-01,8.04128756627587316e-01,1.29911149039999998e+01,0,1,0,ok,aspect-only box strain; shear omitted for rectangular voro++ container
13,6013,576,8.39999999999999969e-01,compression_step,coupled,voro_radical,voro_radical_rebuilt,1,1,1.24865967671579925e-01,1.24925081975523891e-01,5.91143039439662177e-05,7.52023505500112877e-02,7.49441599127077390e-02,-2.58190637303548631e-04,1.22980124700725710e-01,1.22998950786276262e-01,1.88260855505523184e-05,5.41894751150291398e-01,5.40631495162827491e-01,-1.26325598746390710e-03,1.09805930328158581e+02,1.09338341959568226e+02,-4.67588368590355685e-01,1.49146740409415668e-01,1.48376563814748424e-01,-7.70176594667243419e-04,4.99501340408142869e-01,4.99749534719285071e-01,2.48194311142202473e-04,6.07996907596102237e-03,0.00000000000000000e+00,-6.07996907596102237e-03,1.01694998589350050e-02,0.00000000000000000e+00,-1.01694998589350050e-02,4.74246217406952830e+00,4.74246217406952830e+00,8.04128756627587316e-01,8.05272956509163085e-01,9.63568317799999363e+00,1,0,0,ok,local phi scan best endpoint
13,6013,576,8.39999999999999969e-01,free_ricci,sum_channel,voro_radical,voro_radical_fixed_topology,1,1,1.24865967671579925e-01,1.16259211337068999e-01,-8.60675633451092603e-03,7.52023505500112877e-02,6.46070244628252706e-12,-7.52023505435505807e-02,1.22980124700725710e-01,1.19054378628999188e-01,-3.92574607172652135e-03,5.41894751150291398e-01,4.63999069091453256e-11,-5.41894751103891514e-01,1.09805930328158581e+02,1.69074169192055218e-08,-1.09805930311251160e+02,1.49146740409415668e-01,2.11658365355501266e-10,-1.49146740197757310e-01,4.99501340408142869e-01,4.31920205626376188e-10,-4.99501339976222647e-01,6.07996907596102237e-03,9.51176994934052900e+00,9.50568998026456846e+00,1.01694998589350050e-02,7.45018455246220679e-01,7.34848955387285674e-01,4.74246217406952830e+00,6.09100133026899559e+00,8.04128756627587316e-01,9.19140507668728457e-01,9.72948094000003039e-01,1,1,1,ok,converged: max_abs_K < tol
13,6013,576,8.39999999999999969e-01,post_voro_surgery,topology,voro_radical,post_surgery_nonradical,1,1,1.24865967671579925e-01,1.38809509220973432e-01,1.39435415493935067e-02,7.52023505500112877e-02,6.73667128855410247e-02,-7.83563766447026300e-03,1.22980124700725710e-01,1.43116563597614710e-01,2.01364388968890001e-02,5.41894751150291398e-01,4.81854357966962965e-01,-6.00403931833284332e-02,1.09805930328158581e+02,8.49429810097791318e+01,-2.48629493183794494e+01,1.49146740409415668e-01,1.35322834100221695e-01,-1.38239063091939729e-02,4.99501340408142869e-01,4.10796898901527707e-01,-8.87044415066151615e-02,6.07996907596102237e-03,6.07996907596102237e-03,0.00000000000000000e+00,1.01694998589350050e-02,1.01694998589350050e-02,0.00000000000000000e+00,4.74246217406952830e+00,4.74246217406952830e+00,8.04128756627587316e-01,8.35778701674344315e-01,5.17052121244999967e+02,1,0,0,ok,light topology surgery; no longer radical
13,6013,576,8.39999999999999969e-01,radius_label_swap,sum_channel,voro_radical,voro_radical_rebuilt,1,1,1.24865967671579925e-01,1.24864232478170759e-01,-1.73519340916639120e-06,7.52023505500112877e-02,7.51958801642088059e-02,-6.47038580248171513e-06,1.22980124700725710e-01,1.22980439223535853e-01,3.14522810143658127e-07,5.41894751150291398e-01,5.41878792461601422e-01,-1.59586886899765190e-05,1.09805930328158581e+02,1.09804847831797545e+02,-1.08249636103607827e-03,1.49146740409415668e-01,1.49143192954491272e-01,-3.54745492439634269e-06,4.99501340408142869e-01,4.99507514854342360e-01,6.17444619949170104e-06,6.07996907596102237e-03,6.07445526943918481e-03,-5.51380652183755537e-06,1.01694998589350050e-02,1.01694998589350050e-02,0.00000000000000000e+00,4.74246217406952830e+00,4.74246217406952830e+00,8.04128756627587316e-01,8.04146193426985345e-01,1.38235445790000995e+01,1,0,0,ok,radius labels permuted; distribution exactly preserved
13,6013,576,8.39999999999999969e-01,shape_descent,shape_channel,voro_radical,voro_radical_rebuilt,1,1,1.24865967671579925e-01,1.24887419388570564e-01,2.14517169906391914e-05,7.52023505500112877e-02,7.50213271314837532e-02,-1.81023418527534452e-04,1.22980124700725710e-01,1.22849080635402758e-01,-1.31044065322952208e-04,5.41894751150291398e-01,5.41225986137769288e-01,-6.68765012522110069e-04,1.09805930328158581e+02,1.09924990573695894e+02,1.19060245537312426e-01,1.49146740409415668e-01,1.49240609059401813e-01,9.38686499861451917e-05,4.99501340408142869e-01,4.99819729050061667e-01,3.18388641918798676e-04,6.07996907596102237e-03,6.45173348987720507e-03,3.71764413916182701e-04,1.01694998589350050e-02,1.01694998589350050e-02,0.00000000000000000e+00,4.74246217406952830e+00,4.74246217406952830e+00,8.04128756627587316e-01,8.05883260790239975e-01,1.55776961119999839e+01,1,1,1,ok,stochastic coordinate shape descent
14,6014,576,8.39999999999999969e-01,bounded_ricci_du010,sum_channel,voro_radical,voro_radical_fixed_topology,1,1,1.23489059170758406e-01,1.19143050114028023e-01,-4.34600905673038218e-03,7.55284905690376818e-02,5.99794754989394496e-02,-1.55490150700982321e-02,1.22632902718272596e-01,1.21414371672792509e-01,-1.21853104548008684e-03,5.57061402505104164e-01,4.40653686544107082e-01,-1.16407715960997082e-01,1.22490810941303224e+02,9.70395957653750258e+01,-2.54512151759281977e+01,1.49180072309598427e-01,1.23381671735635204e-01,-2.57984005739632233e-02,5.58810190240931814e-01,5.13018898103349885e-01,-4.57912921375819293e-02,3.87083196979965034e-04,1.83751484953780297e-01,1.83364401756800327e-01,2.44969368082603722e-03,1.08152017817145563e-01,1.05702324136319525e-01,4.74246217406952830e+00,4.72923393234961065e+00,8.01993333514203099e-01,8.51555240024276849e-01,9.85269909999999527e-01,1,1,1,ok,relative_bounded_ricci
14,6014,576,8.39999999999999969e-01,box_shear_aspect,shape_channel,voro_radical,voro_radical_rebuilt,1,1,1.23489059170758406e-01,1.23489059170758406e-01,0.00000000000000000e+00,7.55284905690376818e-02,7.55284905690376818e-02,0.00000000000000000e+00,1.22632902718272596e-01,1.22632902718272596e-01,0.00000000000000000e+00,5.57061402505104164e-01,5.57061402505104164e-01,0.00000000000000000e+00,1.22490810941303224e+02,1.22490810941303224e+02,0.00000000000000000e+00,1.49180072309598427e-01,1.49180072309598427e-01,0.00000000000000000e+00,5.58810190240931814e-01,5.58810190240931814e-01,0.00000000000000000e+00,3.87083196979965034e-04,3.87083196979965034e-04,0.00000000000000000e+00,2.44969368082603722e-03,2.44969368082603722e-03,0.00000000000000000e+00,4.74246217406952830e+00,4.74246217406952830e+00,8.01993333514203099e-01,8.01993333514203099e-01,1.22469578559999945e+01,0,0,0,ok,aspect-only box strain; shear omitted for rectangular voro++ container
14,6014,576,8.39999999999999969e-01,compression_step,coupled,voro_radical,voro_radical_rebuilt,1,1,1.23489059170758406e-01,1.23564489805672736e-01,7.54306349143307742e-05,7.55284905690376818e-02,7.59590218409151446e-02,4.30531271877462873e-04,1.22632902718272596e-01,1.22625633015424534e-01,-7.26970284806172096e-06,5.57061402505104164e-01,5.60362167733902017e-01,3.30076522879785283e-03,1.22490810941303224e+02,1.23149186593068777e+02,6.58375651765553016e-01,1.49180072309598427e-01,1.50066510283199284e-01,8.86437973600856521e-04,5.58810190240931814e-01,5.59108446821663718e-01,2.98256580731903753e-04,3.87083196979965034e-04,0.00000000000000000e+00,-3.87083196979965034e-04,2.44969368082603722e-03,0.00000000000000000e+00,-2.44969368082603722e-03,4.74246217406952830e+00,4.74246217406952830e+00,8.01993333514203099e-01,8.01301055464900158e-01,7.84825344600000108e+00,0,1,0,ok,local phi scan best endpoint
14,6014,576,8.39999999999999969e-01,free_ricci,sum_channel,voro_radical,voro_radical_fixed_topology,1,1,1.23489059170758406e-01,1.16190632279712630e-01,-7.29842689104577558e-03,7.55284905690376818e-02,8.38108336773187132e-12,-7.55284905606565943e-02,1.22632902718272596e-01,1.19264325348376152e-01,-3.36857736989644441e-03,5.57061402505104164e-01,5.54466457017122822e-11,-5.57061402449657517e-01,1.22490810941303224e+02,1.96814327016242882e-08,-1.22490810921621787e+02,1.49180072309598427e-01,2.55642273943250514e-10,-1.49180072053956142e-01,5.58810190240931814e-01,4.55817112358750322e-10,-5.58810189785114653e-01,3.87083196979965034e-04,8.96113178948740341e+00,8.96074470629042352e+00,2.44969368082603722e-03,7.17584800610543638e-01,7.15135106929717601e-01,4.74246217406952830e+00,6.34095871821515367e+00,8.01993333514203099e-01,9.18451891202730297e-01,1.00600941800001920e+00,1,1,1,ok,converged: max_abs_K < tol
14,6014,576,8.39999999999999969e-01,post_voro_surgery,topology,voro_radical,post_surgery_nonradical,1,1,1.23489059170758406e-01,1.38954328203294980e-01,1.54652690325365744e-02,7.55284905690376818e-02,6.83781937458431410e-02,-7.15029682319454074e-03,1.22632902718272596e-01,1.45881889398932263e-01,2.32489866806596668e-02,5.57061402505104164e-01,5.00591268600751871e-01,-5.64701339043522932e-02,1.22490810941303224e+02,8.99302925272605478e+01,-3.25605184140426758e+01,1.49180072309598427e-01,1.42473661452853700e-01,-6.70641085674472670e-03,5.58810190240931814e-01,4.14070512338572061e-01,-1.44739677902359754e-01,3.87083196979965034e-04,3.87083196979965034e-04,0.00000000000000000e+00,2.44969368082603722e-03,2.44969368082603722e-03,0.00000000000000000e+00,4.74246217406952830e+00,4.74246217406952830e+00,8.01993333514203099e-01,8.33880956823995434e-01,5.00713505983999994e+02,1,0,0,ok,light topology surgery; no longer radical
14,6014,576,8.39999999999999969e-01,radius_label_swap,sum_channel,voro_radical,voro_radical_rebuilt,1,1,1.23489059170758406e-01,1.23490456627177433e-01,1.39745641902777606e-06,7.55284905690376818e-02,7.55304671406220457e-02,1.97657158436392866e-06,1.22632902718272596e-01,1.22633125476276417e-01,2.22758003820544559e-07,5.57061402505104164e-01,5.57067846428394020e-01,6.44392328985610163e-06,1.22490810941303224e+02,1.22493591389089346e+02,2.78044778612240862e-03,1.49180072309598427e-01,1.49184395470201597e-01,4.32316060317017303e-06,5.58810190240931814e-01,5.58809736904304022e-01,-4.53336627792566560e-07,3.87083196979965034e-04,3.88226310318211373e-04,1.14311333824633921e-06,2.44969368082603722e-03,2.44969368082603722e-03,0.00000000000000000e+00,4.74246217406952830e+00,4.74246217406952830e+00,8.01993333514203099e-01,8.01987344231926524e-01,1.71884688669999832e+01,0,0,0,ok,radius labels permuted; distribution exactly preserved
14,6014,576,8.39999999999999969e-01,shape_descent,shape_channel,voro_radical,voro_radical_rebuilt,1,1,1.23489059170758406e-01,1.23475897959081149e-01,-1.31612116772567012e-05,7.55284905690376818e-02,7.55284905690376818e-02,0.00000000000000000e+00,1.22632902718272596e-01,1.22618804722785760e-01,-1.40979954868364343e-05,5.57061402505104164e-01,5.57061402505104164e-01,0.00000000000000000e+00,1.22490810941303224e+02,1.22490810941303224e+02,0.00000000000000000e+00,1.49180072309598427e-01,1.49180072309598427e-01,0.00000000000000000e+00,5.58810190240931814e-01,5.58810190240931814e-01,0.00000000000000000e+00,3.87083196979965034e-04,3.87913694430440218e-04,8.30497450475184418e-07,2.44969368082603722e-03,2.44969368082603722e-03,0.00000000000000000e+00,4.74246217406952830e+00,4.74246217406952830e+00,8.01993333514203099e-01,8.01993333514203099e-01,1.80315464889999930e+01,0,1,0,ok,stochastic coordinate shape descent
15,6015,576,8.39999999999999969e-01,bounded_ricci_du010,sum_channel,voro_radical,voro_radical_fixed_topology,1,1,1.16959781065079343e-01,1.12316791640277705e-01,-4.64298942480163845e-03,7.22885193516344532e-02,5.52116110532769461e-02,-1.70769082983575071e-02,1.17117409373852732e-01,1.15605763816094206e-01,-1.51164555775852583e-03,5.21909916598419676e-01,3.97825354640188034e-01,-1.24084561958231643e-01,1.17157203314154046e+02,8.13960245977770569e+01,-3.57611787163769890e+01,1.47210034042507598e-01,1.18455709059272371e-01,-2.87543249832352271e-02,5.40951879061061347e-01,4.45848052304623155e-01,-9.51038267564381923e-02,9.57455289808373440e-04,2.97788206555639201e-01,2.96830751265830806e-01,4.09676401552960812e-03,1.04805569189363457e-01,1.00708805173833849e-01,4.74246217406952830e+00,4.89830249678273599e+00,8.24680742867133887e-01,8.75124503971802636e-01,7.70497960999989573e-01,1,1,1,ok,relative_bounded_ricci
15,6015,576,8.39999999999999969e-01,box_shear_aspect,shape_channel,voro_radical,voro_radical_rebuilt,1,1,1.16959781065079343e-01,1.16959009908253184e-01,-7.71156826159802300e-07,7.22885193516344532e-02,7.22885193516344532e-02,0.00000000000000000e+00,1.17117409373852732e-01,1.17116608748336334e-01,-8.00625516397812653e-07,5.21909916598419676e-01,5.21909916598419676e-01,0.00000000000000000e+00,1.17157203314154046e+02,1.17157203314154046e+02,0.00000000000000000e+00,1.47210034042507598e-01,1.47210034042507598e-01,0.00000000000000000e+00,5.40951879061061347e-01,5.40951879061061347e-01,0.00000000000000000e+00,9.57455289808373440e-04,9.56978705670397697e-04,-4.76584137975742325e-07,4.09676401552960812e-03,4.13027271940702434e-03,3.35087038774162238e-05,4.74246217406952830e+00,4.74246217406952830e+00,8.24680742867133887e-01,8.24680742867133887e-01,1.32052270220000025e+01,0,1,0,ok,aspect-only box strain; shear omitted for rectangular voro++ container
15,6015,576,8.39999999999999969e-01,compression_step,coupled,voro_radical,voro_radical_rebuilt,1,1,1.16959781065079343e-01,1.16959781065079343e-01,0.00000000000000000e+00,7.22885193516344532e-02,7.22885193516344809e-02,2.77555756156289135e-17,1.17117409373852732e-01,1.17117409373852857e-01,1.24900090270330111e-16,5.21909916598419676e-01,5.21909916598419676e-01,0.00000000000000000e+00,1.17157203314154046e+02,1.17157203314154046e+02,0.00000000000000000e+00,1.47210034042507598e-01,1.47210034042507598e-01,0.00000000000000000e+00,5.40951879061061347e-01,5.40951879061061347e-01,0.00000000000000000e+00,9.57455289808373440e-04,0.00000000000000000e+00,-9.57455289808373440e-04,4.09676401552960812e-03,0.00000000000000000e+00,-4.09676401552960812e-03,4.74246217406952830e+00,4.74246217406952830e+00,8.24680742867133887e-01,8.24680742867133887e-01,9.01645623799998930e+00,0,0,0,ok,local phi scan best endpoint
15,6015,576,8.39999999999999969e-01,free_ricci,sum_channel,voro_radical,voro_radical_fixed_topology,1,1,1.16959781065079343e-01,1.10686574312102340e-01,-6.27320675297700359e-03,7.22885193516344532e-02,6.88746445421651598e-12,-7.22885193447469904e-02,1.17117409373852732e-01,1.13976360240659033e-01,-3.14104913319369905e-03,5.21909916598419676e-01,4.91736385715409707e-11,-5.21909916549246011e-01,1.17157203314154046e+02,1.81126777258402617e-08,-1.17157203296041374e+02,1.47210034042507598e-01,2.24052216631719673e-10,-1.47210033818455377e-01,5.40951879061061347e-01,4.52567500686940927e-10,-5.40951878608493808e-01,9.57455289808373440e-04,1.04063989260850729e+01,1.04054414707952638e+01,4.09676401552960812e-03,6.53264833915814247e-01,6.49168069900284639e-01,4.74246217406952830e+00,6.87431486880949727e+00,8.24680742867133887e-01,9.23133514731568794e-01,9.34766563000010819e-01,1,1,1,ok,converged: max_abs_K < tol
15,6015,576,8.39999999999999969e-01,post_voro_surgery,topology,voro_radical,post_surgery_nonradical,1,1,1.16959781065079343e-01,1.29679341827468320e-01,1.27195607623889761e-02,7.22885193516344532e-02,6.38895287179377380e-02,-8.39899063369671517e-03,1.17117409373852732e-01,1.36009219372472123e-01,1.88918099986193910e-02,5.21909916598419676e-01,4.64389012734387263e-01,-5.75209038640324133e-02,1.17157203314154046e+02,8.28155095942580601e+01,-3.43416937198959857e+01,1.47210034042507598e-01,1.34251449027198183e-01,-1.29585850153094151e-02,5.40951879061061347e-01,4.01864646621966803e-01,-1.39087232439094544e-01,9.57455289808373440e-04,9.57455289808373440e-04,0.00000000000000000e+00,4.09676401552960812e-03,4.09676401552960812e-03,0.00000000000000000e+00,4.74246217406952830e+00,4.74246217406952830e+00,8.24680742867133887e-01,8.37911594854671815e-01,5.04888463553000065e+02,1,0,0,ok,light topology surgery; no longer radical
15,6015,576,8.39999999999999969e-01,radius_label_swap,sum_channel,voro_radical,voro_radical_rebuilt,1,1,1.16959781065079343e-01,1.16960466247475900e-01,6.85182396556460738e-07,7.22885193516344532e-02,7.22878234008508397e-02,-6.95950783613508150e-07,1.17117409373852732e-01,1.17117490429626478e-01,8.10557737457306970e-08,5.21909916598419676e-01,5.21915778810788544e-01,5.86221236886785846e-06,1.17157203314154046e+02,1.17156824601206338e+02,-3.78712947707526837e-04,1.47210034042507598e-01,1.47209291482608418e-01,-7.42559899180594840e-07,5.40951879061061347e-01,5.40952942140863424e-01,1.06307980207720476e-06,9.57455289808373440e-04,9.60664424775233504e-04,3.20913496686006487e-06,4.09676401552960812e-03,4.09676401552960812e-03,0.00000000000000000e+00,4.74246217406952830e+00,4.74246217406952830e+00,8.24680742867133887e-01,8.24680790154321941e-01,1.44066145909999932e+01,1,0,0,ok,radius labels permuted; distribution exactly preserved
15,6015,576,8.39999999999999969e-01,shape_descent,shape_channel,voro_radical,voro_radical_rebuilt,1,1,1.16959781065079343e-01,1.16927865036974207e-01,-3.19160281051361627e-05,7.22885193516344532e-02,7.22885193516344532e-02,0.00000000000000000e+00,1.17117409373852732e-01,1.17047488163857627e-01,-6.99212099951052046e-05,5.21909916598419676e-01,5.21909916598419676e-01,0.00000000000000000e+00,1.17157203314154046e+02,1.17157203314154046e+02,0.00000000000000000e+00,1.47210034042507598e-01,1.47210034042507598e-01,0.00000000000000000e+00,5.40951879061061347e-01,5.40951879061061347e-01,0.00000000000000000e+00,9.57455289808373440e-04,9.77528631883402234e-04,2.00733420750287940e-05,4.09676401552960812e-03,4.13036739187244706e-03,3.36033763428389420e-05,4.74246217406952830e+00,4.74246217406952830e+00,8.24680742867133887e-01,8.24680742867133887e-01,1.78806429210000033e+01,0,1,0,ok,stochastic coordinate shape descent
16,6016,576,8.39999999999999969e-01,bounded_ricci_du010,sum_channel,voro_radical,voro_radical_fixed_topology,1,1,1.15975313670830069e-01,1.11755316645096206e-01,-4.21999702573386259e-03,7.04030736754421294e-02,5.59130793408316243e-02,-1.44899943346105051e-02,1.15529847906990710e-01,1.14377908761994648e-01,-1.15193914499606143e-03,5.04890463287317459e-01,4.01200887601806888e-01,-1.03689575685510571e-01,1.73245256640292382e+02,1.27898519875278311e+02,-4.53467367650140716e+01,1.46551743587034655e-01,1.22439871383568086e-01,-2.41118722034665695e-02,7.58370315449594323e-01,6.48517700474118386e-01,-1.09852614975475937e-01,8.46171702967032187e-05,1.80770690801424133e-01,1.80686073631127431e-01,1.50830434197635199e-03,9.46909345099191668e-02,9.31826301679428148e-02,4.74246217406952830e+00,4.82391528636861544e+00,8.26111892072614484e-01,8.67993100224554337e-01,7.96718300999998519e-01,1,1,1,ok,relative_bounded_ricci
16,6016,576,8.39999999999999969e-01,box_shear_aspect,shape_channel,voro_radical,voro_radical_rebuilt,1,1,1.15975313670830069e-01,1.15975313670830069e-01,0.00000000000000000e+00,7.04030736754421294e-02,7.04030736754421294e-02,0.00000000000000000e+00,1.15529847906990710e-01,1.15529847906990710e-01,0.00000000000000000e+00,5.04890463287317459e-01,5.04890463287317459e-01,0.00000000000000000e+00,1.73245256640292382e+02,1.73245256640292382e+02,0.00000000000000000e+00,1.46551743587034655e-01,1.46551743587034655e-01,0.00000000000000000e+00,7.58370315449594323e-01,7.58370315449594323e-01,0.00000000000000000e+00,8.46171702967032187e-05,8.46171702967032187e-05,0.00000000000000000e+00,1.50830434197635199e-03,1.50830434197635199e-03,0.00000000000000000e+00,4.74246217406952830e+00,4.74246217406952830e+00,8.26111892072614484e-01,8.26111892072614484e-01,1.13784563670000125e+01,0,0,0,ok,aspect-only box strain; shear omitted for rectangular voro++ container
16,6016,576,8.39999999999999969e-01,compression_step,coupled,voro_radical,voro_radical_rebuilt,1,1,1.15975313670830069e-01,1.15975313670830082e-01,1.38777878078144568e-17,7.04030736754421294e-02,7.04030736754421432e-02,1.38777878078144568e-17,1.15529847906990710e-01,1.15529847906990807e-01,9.71445146547011973e-17,5.04890463287317459e-01,5.04890463287317459e-01,0.00000000000000000e+00,1.73245256640292382e+02,1.73245256640292382e+02,0.00000000000000000e+00,1.46551743587034655e-01,1.46551743587034655e-01,0.00000000000000000e+00,7.58370315449594323e-01,7.58370315449594323e-01,0.00000000000000000e+00,8.46171702967032187e-05,0.00000000000000000e+00,-8.46171702967032187e-05,1.50830434197635199e-03,0.00000000000000000e+00,-1.50830434197635199e-03,4.74246217406952830e+00,4.74246217406952830e+00,8.26111892072614484e-01,8.26111892072614484e-01,7.98208552100001612e+00,0,0,0,ok,local phi scan best endpoint
16,6016,576,8.39999999999999969e-01,free_ricci,sum_channel,voro_radical,voro_radical_fixed_topology,1,1,1.15975313670830069e-01,1.09259828339843060e-01,-6.71548533098700884e-03,7.04030736754421294e-02,6.96016119457434261e-12,-7.04030736684819747e-02,1.15529847906990710e-01,1.12032370188012251e-01,-3.49747771897845894e-03,5.04890463287317459e-01,4.93270475376850862e-11,-5.04890463237990361e-01,1.73245256640292382e+02,1.75352727863652367e-08,-1.73245256622757097e+02,1.46551743587034655e-01,2.26427904914157121e-10,-1.46551743360606751e-01,7.58370315449594323e-01,4.48233432624683467e-10,-7.58370315001360873e-01,8.46171702967032187e-05,9.27054364576477852e+00,9.27045902859448212e+00,1.50830434197635199e-03,5.70427724957204063e-01,5.68919420615227711e-01,4.74246217406952830e+00,5.66927608713628040e+00,8.26111892072614484e-01,9.23285621434456361e-01,8.84102662000003647e-01,1,1,1,ok,converged: max_abs_K < tol
16,6016,576,8.39999999999999969e-01,post_voro_surgery,topology,voro_radical,post_surgery_nonradical,1,1,1.15975313670830069e-01,1.25689776445907508e-01,9.71446277507743983e-03,7.04030736754421294e-02,6.24058750577606638e-02,-7.99719861768146550e-03,1.15529847906990710e-01,1.31911868265676246e-01,1.63820203586855367e-02,5.04890463287317459e-01,4.45200811947762676e-01,-5.96896513395547834e-02,1.73245256640292382e+02,8.77557153006128203e+01,-8.54895413396795618e+01,1.46551743587034655e-01,1.28807088675243958e-01,-1.77446549117906971e-02,7.58370315449594323e-01,4.49517570373777653e-01,-3.08852745075816670e-01,8.46171702967032187e-05,8.46171702967032187e-05,0.00000000000000000e+00,1.50830434197635199e-03,1.50830434197635199e-03,0.00000000000000000e+00,4.74246217406952830e+00,4.74246217406952830e+00,8.26111892072614484e-01,8.53060438127070442e-01,4.92636078571999974e+02,1,0,0,ok,light topology surgery; no longer radical
16,6016,576,8.39999999999999969e-01,radius_label_swap,sum_channel,voro_radical,voro_radical_rebuilt,1,1,1.15975313670830069e-01,1.15975313670830069e-01,0.00000000000000000e+00,7.04030736754421294e-02,7.04030736754421294e-02,0.00000000000000000e+00,1.15529847906990710e-01,1.15529847906990710e-01,0.00000000000000000e+00,5.04890463287317459e-01,5.04890463287317459e-01,0.00000000000000000e+00,1.73245256640292382e+02,1.73245256640292382e+02,0.00000000000000000e+00,1.46551743587034655e-01,1.46551743587034655e-01,0.00000000000000000e+00,7.58370315449594323e-01,7.58370315449594323e-01,0.00000000000000000e+00,8.46171702967032187e-05,8.46171702967032187e-05,0.00000000000000000e+00,1.50830434197635199e-03,1.50830434197635199e-03,0.00000000000000000e+00,4.74246217406952830e+00,4.74246217406952830e+00,8.26111892072614484e-01,8.26111892072614484e-01,1.44552449369999749e+01,0,0,0,ok,radius labels permuted; distribution exactly preserved
16,6016,576,8.39999999999999969e-01,shape_descent,shape_channel,voro_radical,voro_radical_rebuilt,1,1,1.15975313670830069e-01,1.15952649240815817e-01,-2.26644300142520017e-05,7.04030736754421294e-02,7.04030736754421294e-02,0.00000000000000000e+00,1.15529847906990710e-01,1.15490376694375563e-01,-3.94712126151469667e-05,5.04890463287317459e-01,5.04890463287317459e-01,0.00000000000000000e+00,1.73245256640292382e+02,1.73245256640292382e+02,0.00000000000000000e+00,1.46551743587034655e-01,1.46551743587034655e-01,0.00000000000000000e+00,7.58370315449594323e-01,7.58370315449594323e-01,0.00000000000000000e+00,8.46171702967032187e-05,8.46577176305330818e-05,4.05473338298631024e-08,1.50830434197635199e-03,1.50830434197635199e-03,0.00000000000000000e+00,4.74246217406952830e+00,4.74246217406952830e+00,8.26111892072614484e-01,8.26111892072614484e-01,1.66930648720000079e+01,0,1,0,ok,stochastic coordinate shape descent
17,6017,576,8.39999999999999969e-01,bounded_ricci_du010,sum_channel,voro_radical,voro_radical_fixed_topology,1,1,1.20901106492748572e-01,1.17202788515682499e-01,-3.69831797706607346e-03,7.54999284882434951e-02,6.35549237085369090e-02,-1.19450047797065861e-02,1.18743955717751495e-01,1.17697113558616825e-01,-1.04684215913466994e-03,5.55534983863403720e-01,4.66154154714692237e-01,-8.93808291487114825e-02,1.54809294612063525e+02,1.28911964588656076e+02,-2.58973300234074486e+01,1.52614638059713675e-01,1.32395124626639576e-01,-2.02195134330740989e-02,6.80060768652134495e-01,6.30139464992661380e-01,-4.99213036594731152e-02,5.98455804168022661e-04,1.18576399087385903e-01,1.17977943283217881e-01,3.74789493003380159e-03,8.70547672848087650e-02,8.33068723547749634e-02,4.74246217406952830e+00,4.92169204980888964e+00,8.06212827494317663e-01,8.45123150672572598e-01,8.26109650999995893e-01,1,1,1,ok,relative_bounded_ricci
17,6017,576,8.39999999999999969e-01,box_shear_aspect,shape_channel,voro_radical,voro_radical_rebuilt,1,1,1.20901106492748572e-01,1.20900886270285932e-01,-2.20222462640751182e-07,7.54999284882434951e-02,7.54999284882434674e-02,-2.77555756156289135e-17,1.18743955717751495e-01,1.18743805661919472e-01,-1.50055832023876512e-07,5.55534983863403720e-01,5.55534983863403720e-01,0.00000000000000000e+00,1.54809294612063525e+02,1.54809294612063525e+02,0.00000000000000000e+00,1.52614638059713675e-01,1.52614638059713675e-01,0.00000000000000000e+00,6.80060768652134495e-01,6.80060768652134495e-01,0.00000000000000000e+00,5.98455804168022661e-04,5.97861151726849496e-04,-5.94652441173165042e-07,3.74789493003380159e-03,3.73600108446647816e-03,-1.18938455673234245e-05,4.74246217406952830e+00,4.74246217406952830e+00,8.06212827494317663e-01,8.06212827494317663e-01,1.21951384179999991e+01,1,1,1,ok,aspect-only box strain; shear omitted for rectangular voro++ container
17,6017,576,8.39999999999999969e-01,compression_step,coupled,voro_radical,voro_radical_rebuilt,1,1,1.20901106492748572e-01,1.20901106492748434e-01,-1.38777878078144568e-16,7.54999284882434951e-02,7.54999284882434951e-02,0.00000000000000000e+00,1.18743955717751495e-01,1.18743955717751454e-01,-4.16333634234433703e-17,5.55534983863403720e-01,5.55534983863403720e-01,0.00000000000000000e+00,1.54809294612063525e+02,1.54809294612063525e+02,0.00000000000000000e+00,1.52614638059713675e-01,1.52614638059713675e-01,0.00000000000000000e+00,6.80060768652134495e-01,6.80060768652134495e-01,0.00000000000000000e+00,5.98455804168022661e-04,0.00000000000000000e+00,-5.98455804168022661e-04,3.74789493003380159e-03,0.00000000000000000e+00,-3.74789493003380159e-03,4.74246217406952830e+00,4.74246217406952830e+00,8.06212827494317663e-01,8.06212827494317663e-01,8.00888214200000448e+00,0,1,0,ok,local phi scan best endpoint
17,6017,576,8.39999999999999969e-01,free_ricci,sum_channel,voro_radical,voro_radical_fixed_topology,1,1,1.20901106492748572e-01,1.12275110820253293e-01,-8.62599567249527910e-03,7.54999284882434951e-02,7.00742009428777311e-12,-7.54999284812360727e-02,1.18743955717751495e-01,1.15221691323773426e-01,-3.52226439397806956e-03,5.55534983863403720e-01,4.84720186547449880e-11,-5.55534983814931715e-01,1.54809294612063525e+02,1.75200482660232234e-08,-1.54809294594543474e+02,1.52614638059713675e-01,2.20599588005223349e-10,-1.52614637839114081e-01,6.80060768652134495e-01,4.35651478920666112e-10,-6.80060768216482980e-01,5.98455804168022661e-04,9.99149764496224080e+00,9.99089918915807296e+00,3.74789493003380159e-03,7.97586663505537086e-01,7.93838768575503284e-01,4.74246217406952830e+00,1.02159009500166267e+01,8.06212827494317663e-01,9.11393498228012411e-01,9.70140511000010974e-01,1,1,1,ok,converged: max_abs_K < tol
17,6017,576,8.39999999999999969e-01,post_voro_surgery,topology,voro_radical,post_surgery_nonradical,1,1,1.20901106492748572e-01,1.40603058559814170e-01,1.97019520670655979e-02,7.54999284882434951e-02,6.88049144035682708e-02,-6.69501408467522430e-03,1.18743955717751495e-01,1.46521197313650486e-01,2.77772415958989910e-02,5.55534983863403720e-01,5.01920331566848121e-01,-5.36146522965555983e-02,1.54809294612063525e+02,1.03681386496504388e+02,-5.11279081155591371e+01,1.52614638059713675e-01,1.43415194454356465e-01,-9.19944360535721040e-03,6.80060768652134495e-01,4.86813745784304641e-01,-1.93247022867829854e-01,5.98455804168022661e-04,5.98455804168022661e-04,0.00000000000000000e+00,3.74789493003380159e-03,3.74789493003380159e-03,0.00000000000000000e+00,4.74246217406952830e+00,4.74246217406952830e+00,8.06212827494317663e-01,8.23524104735018692e-01,5.09572363160000009e+02,1,0,0,ok,light topology surgery; no longer radical
17,6017,576,8.39999999999999969e-01,radius_label_swap,sum_channel,voro_radical,voro_radical_rebuilt,1,1,1.20901106492748572e-01,1.20901134627116380e-01,2.81343678076861892e-08,7.54999284882434951e-02,7.54999706046306368e-02,4.21163871416885272e-08,1.18743955717751495e-01,1.18743964813722166e-01,9.09597067111356239e-09,5.55534983863403720e-01,5.55535225586842207e-01,2.41723438487717601e-07,1.54809294612063525e+02,1.54809332041222262e+02,3.74291587377229007e-05,1.52614638059713675e-01,1.52614724645816102e-01,8.65861024268443913e-08,6.80060768652134495e-01,6.80060689521732042e-01,-7.91304024527761385e-08,5.98455804168022661e-04,5.98487530912253699e-04,3.17267442310380579e-08,3.74789493003380159e-03,3.74789493003380159e-03,0.00000000000000000e+00,4.74246217406952830e+00,4.74246217406952830e+00,8.06212827494317663e-01,8.06212708402660683e-01,1.30762220360001038e+01,0,0,0,ok,radius labels permuted; distribution exactly preserved
17,6017,576,8.39999999999999969e-01,shape_descent,shape_channel,voro_radical,voro_radical_rebuilt,1,1,1.20901106492748572e-01,1.20891766578618373e-01,-9.33991413019918948e-06,7.54999284882434951e-02,7.54999284882434951e-02,0.00000000000000000e+00,1.18743955717751495e-01,1.18722190109952372e-01,-2.17656077991235097e-05,5.55534983863403720e-01,5.55534983863403720e-01,0.00000000000000000e+00,1.54809294612063525e+02,1.54809294612063525e+02,0.00000000000000000e+00,1.52614638059713675e-01,1.52614638059713675e-01,0.00000000000000000e+00,6.80060768652134495e-01,6.80060768652134495e-01,0.00000000000000000e+00,5.98455804168022661e-04,6.07245458744275169e-04,8.78965457625250843e-06,3.74789493003380159e-03,3.74789493003380159e-03,0.00000000000000000e+00,4.74246217406952830e+00,4.74246217406952830e+00,8.06212827494317663e-01,8.06212827494317663e-01,1.70612197319999837e+01,0,1,0,ok,stochastic coordinate shape descent
18,6018,576,8.39999999999999969e-01,bounded_ricci_du010,sum_channel,voro_radical,voro_radical_fixed_topology,1,1,1.19523296651008804e-01,1.14634406998510546e-01,-4.88888965249825724e-03,7.55393192947231562e-02,6.17212613141606414e-02,-1.38180579805625148e-02,1.16763119856443734e-01,1.15588932277188611e-01,-1.17418757925512318e-03,5.44358116637796985e-01,4.43776354810591689e-01,-1.00581761827205296e-01,1.32557270836782720e+02,9.60039333658335750e+01,-3.65533374709491454e+01,1.49645511699287997e-01,1.26834407010526562e-01,-2.28111046887614355e-02,6.01220576176981658e-01,4.98843467463769008e-01,-1.02377108713212650e-01,1.64763729319677911e-03,1.57859113347244062e-01,1.56211476054047282e-01,5.34013126128196625e-03,7.06872507933873351e-02,6.53471195321053688e-02,4.74246217406952830e+00,4.71253380703022628e+00,8.07656612013088804e-01,8.51166903209697345e-01,7.52372207999997045e-01,1,1,1,ok,relative_bounded_ricci
18,6018,576,8.39999999999999969e-01,box_shear_aspect,shape_channel,voro_radical,voro_radical_rebuilt,1,1,1.19523296651008804e-01,1.19523296651008804e-01,0.00000000000000000e+00,7.55393192947231562e-02,7.55393192947231562e-02,0.00000000000000000e+00,1.16763119856443734e-01,1.16763119856443734e-01,0.00000000000000000e+00,5.44358116637796985e-01,5.44358116637796985e-01,0.00000000000000000e+00,1.32557270836782720e+02,1.32557270836782720e+02,0.00000000000000000e+00,1.49645511699287997e-01,1.49645511699287997e-01,0.00000000000000000e+00,6.01220576176981658e-01,6.01220576176981658e-01,0.00000000000000000e+00,1.64763729319677911e-03,1.64763729319677911e-03,0.00000000000000000e+00,5.34013126128196625e-03,5.34013126128196625e-03,0.00000000000000000e+00,4.74246217406952830e+00,4.74246217406952830e+00,8.07656612013088804e-01,8.07656612013088804e-01,1.21388294790000089e+01,0,0,0,ok,aspect-only box strain; shear omitted for rectangular voro++ container
18,6018,576,8.39999999999999969e-01,compression_step,coupled,voro_radical,voro_radical_rebuilt,1,1,1.19523296651008804e-01,1.19773119992512569e-01,2.49823341503765950e-04,7.55393192947231562e-02,7.44829356617600635e-02,-1.05638363296309268e-03,1.16763119856443734e-01,1.17036835894830882e-01,2.73716038387147864e-04,5.44358116637796985e-01,5.39446718976033468e-01,-4.91139766176351689e-03,1.32557270836782720e+02,1.30490991606004854e+02,-2.06627923077786591e+00,1.49645511699287997e-01,1.48237136705798606e-01,-1.40837499348939188e-03,6.01220576176981658e-01,5.96488670483031669e-01,-4.73190569394998928e-03,1.64763729319677911e-03,0.00000000000000000e+00,-1.64763729319677911e-03,5.34013126128196625e-03,0.00000000000000000e+00,-5.34013126128196625e-03,4.74246217406952830e+00,4.74246217406952830e+00,8.07656612013088804e-01,8.05158308685702706e-01,7.62353454700001976e+00,1,0,0,ok,local phi scan best endpoint
18,6018,576,8.39999999999999969e-01,free_ricci,sum_channel,voro_radical,voro_radical_fixed_topology,1,1,1.19523296651008804e-01,1.10057546156423020e-01,-9.46575049458578399e-03,7.55393192947231562e-02,8.62913900571097688e-12,-7.55393192860940171e-02,1.16763119856443734e-01,1.13232427521419987e-01,-3.53069233502374680e-03,5.44358116637796985e-01,5.63663025303108668e-11,-5.44358116581430629e-01,1.32557270836782720e+02,1.97099452633949218e-08,-1.32557270817072776e+02,1.49645511699287997e-01,2.61353809886512006e-10,-1.49645511437934198e-01,6.01220576176981658e-01,4.54003883835152031e-10,-6.01220575722977824e-01,1.64763729319677911e-03,9.22855659825796870e+00,9.22690896096477253e+00,5.34013126128196625e-03,5.45913796718713984e-01,5.40573665457432018e-01,4.74246217406952830e+00,5.61171353686394259e+00,8.07656612013088804e-01,9.19290853901819416e-01,7.71698342000007642e-01,1,1,1,ok,converged: max_abs_K < tol
18,6018,576,8.39999999999999969e-01,post_voro_surgery,topology,voro_radical,post_surgery_nonradical,1,1,1.19523296651008804e-01,1.32552567150979322e-01,1.30292704999705189e-02,7.55393192947231562e-02,6.64784530857076283e-02,-9.06086620901552786e-03,1.16763119856443734e-01,1.37791372054030248e-01,2.10282521975865139e-02,5.44358116637796985e-01,4.87059815097567239e-01,-5.72983015402297458e-02,1.32557270836782720e+02,8.44996552001359760e+01,-4.80576156366467444e+01,1.49645511699287997e-01,1.36487140487567993e-01,-1.31583712117200047e-02,6.01220576176981658e-01,4.03377256315338384e-01,-1.97843319861643274e-01,1.64763729319677911e-03,1.64763729319677911e-03,0.00000000000000000e+00,5.34013126128196625e-03,5.34013126128196625e-03,0.00000000000000000e+00,4.74246217406952830e+00,4.74246217406952830e+00,8.07656612013088804e-01,8.28741754119025176e-01,4.98388976127999968e+02,1,0,0,ok,light topology surgery; no longer radical
18,6018,576,8.39999999999999969e-01,radius_label_swap,sum_channel,voro_radical,voro_radical_rebuilt,1,1,1.19523296651008804e-01,1.19523296651008804e-01,0.00000000000000000e+00,7.55393192947231562e-02,7.55393192947231562e-02,0.00000000000000000e+00,1.16763119856443734e-01,1.16763119856443734e-01,0.00000000000000000e+00,5.44358116637796985e-01,5.44358116637796985e-01,0.00000000000000000e+00,1.32557270836782720e+02,1.32557270836782720e+02,0.00000000000000000e+00,1.49645511699287997e-01,1.49645511699287997e-01,0.00000000000000000e+00,6.01220576176981658e-01,6.01220576176981658e-01,0.00000000000000000e+00,1.64763729319677911e-03,1.64763729319677911e-03,0.00000000000000000e+00,5.34013126128196625e-03,5.34013126128196625e-03,0.00000000000000000e+00,4.74246217406952830e+00,4.74246217406952830e+00,8.07656612013088804e-01,8.07656612013088804e-01,1.41586686949999603e+01,0,0,0,ok,radius labels permuted; distribution exactly preserved
18,6018,576,8.39999999999999969e-01,shape_descent,shape_channel,voro_radical,voro_radical_rebuilt,1,1,1.19523296651008804e-01,1.19488935659109716e-01,-3.43609918990878116e-05,7.55393192947231562e-02,7.55393192947231562e-02,0.00000000000000000e+00,1.16763119856443734e-01,1.16709449632876508e-01,-5.36702235672259498e-05,5.44358116637796985e-01,5.44358116637796985e-01,0.00000000000000000e+00,1.32557270836782720e+02,1.32557270836782720e+02,0.00000000000000000e+00,1.49645511699287997e-01,1.49645511699287997e-01,0.00000000000000000e+00,6.01220576176981658e-01,6.01220576176981658e-01,0.00000000000000000e+00,1.64763729319677911e-03,1.69835566114504358e-03,5.07183679482644655e-05,5.34013126128196625e-03,5.34013126128196625e-03,0.00000000000000000e+00,4.74246217406952830e+00,4.74246217406952830e+00,8.07656612013088804e-01,8.07656612013088804e-01,1.44447337860000005e+01,0,1,0,ok,stochastic coordinate shape descent
19,6019,576,8.39999999999999969e-01,bounded_ricci_du010,sum_channel,voro_radical,voro_radical_fixed_topology,1,1,1.24941006928111137e-01,1.21104732889062996e-01,-3.83627403904814035e-03,7.43512376779957990e-02,6.03086297910769842e-02,-1.40426078869188148e-02,1.24935696125589579e-01,1.23706208599900933e-01,-1.22948752568864672e-03,5.33856713554774376e-01,4.31787204344043329e-01,-1.02069509210731046e-01,1.32701848649617745e+02,9.63227530673522949e+01,-3.63790955822654496e+01,1.49719914645600333e-01,1.26591412540209419e-01,-2.31285021053909134e-02,6.01768842551995364e-01,5.01294973642402497e-01,-1.00473868909592867e-01,2.36340829954349591e-03,1.86222805566375937e-01,1.83859397266832453e-01,6.64118916393752201e-03,1.31988519000597382e-01,1.25347329836659860e-01,4.74246217406952830e+00,4.77115397749327208e+00,8.15766984388878069e-01,8.58202394208911756e-01,6.72689410999993243e-01,1,1,1,ok,relative_bounded_ricci
19,6019,576,8.39999999999999969e-01,box_shear_aspect,shape_channel,voro_radical,voro_radical_rebuilt,1,1,1.24941006928111137e-01,1.24940721150658157e-01,-2.85777452979640856e-07,7.43512376779957990e-02,7.43512376779958406e-02,4.16333634234433703e-17,1.24935696125589579e-01,1.24936385425412508e-01,6.89299822928535200e-07,5.33856713554774376e-01,5.33856713554774376e-01,0.00000000000000000e+00,1.32701848649617745e+02,1.32701848649617745e+02,0.00000000000000000e+00,1.49719914645600333e-01,1.49719914645600333e-01,0.00000000000000000e+00,6.01768842551995364e-01,6.01768842551995364e-01,0.00000000000000000e+00,2.36340829954349591e-03,2.36314066422362978e-03,-2.67635319866135757e-07,6.64118916393752201e-03,6.64093161282464095e-03,-2.57551112881060362e-07,4.74246217406952830e+00,4.74246217406952830e+00,8.15766984388878069e-01,8.15766984388878069e-01,1.03758865959999866e+01,0,0,0,ok,aspect-only box strain; shear omitted for rectangular voro++ container
19,6019,576,8.39999999999999969e-01,compression_step,coupled,voro_radical,voro_radical_rebuilt,1,1,1.24941006928111137e-01,1.25132605105315903e-01,1.91598177204765907e-04,7.43512376779957990e-02,7.44737438978958499e-02,1.22506219900050950e-04,1.24935696125589579e-01,1.25084032979791815e-01,1.48336854202235635e-04,5.33856713554774376e-01,5.36553206610271838e-01,2.69649305549746199e-03,1.32701848649617745e+02,1.33183450954861257e+02,4.81602305243512774e-01,1.49719914645600333e-01,1.50371950871847876e-01,6.52036226247543205e-04,6.01768842551995364e-01,6.01918671359689794e-01,1.49828807694429855e-04,2.36340829954349591e-03,0.00000000000000000e+00,-2.36340829954349591e-03,6.64118916393752201e-03,0.00000000000000000e+00,-6.64118916393752201e-03,4.74246217406952830e+00,4.74246217406952830e+00,8.15766984388878069e-01,8.13714084886597799e-01,7.63024986299998886e+00,0,0,0,ok,local phi scan best endpoint
19,6019,576,8.39999999999999969e-01,free_ricci,sum_channel,voro_radical,voro_radical_fixed_topology,1,1,1.24941006928111137e-01,1.17374531788082673e-01,-7.56647514002846411e-03,7.43512376779957990e-02,7.44080870429111952e-12,-7.43512376705549871e-02,1.24935696125589579e-01,1.20547408287147703e-01,-4.38828783844187609e-03,5.33856713554774376e-01,5.08233376789120736e-11,-5.33856713503951030e-01,1.32701848649617745e+02,1.81929591529829479e-08,-1.32701848631424781e+02,1.49719914645600333e-01,2.35211010236186802e-10,-1.49719914410389315e-01,6.01768842551995364e-01,4.60135120491556939e-10,-6.01768842091860212e-01,2.36340829954349591e-03,1.07611865621693497e+01,1.07588231538698054e+01,6.64118916393752201e-03,6.67837640737372062e-01,6.61196451573434540e-01,4.74246217406952830e+00,5.79085775557346594e+00,8.15766984388878069e-01,9.14655626437078428e-01,7.58029088000000684e-01,1,1,1,ok,converged: max_abs_K < tol
19,6019,576,8.39999999999999969e-01,post_voro_surgery,topology,voro_radical,post_surgery_nonradical,1,1,1.24941006928111137e-01,1.39863314560332797e-01,1.49223076322216597e-02,7.43512376779957990e-02,6.51451921997085459e-02,-9.20604547828725306e-03,1.24935696125589579e-01,1.47237429550917731e-01,2.23017334253281518e-02,5.33856713554774376e-01,4.68818148719799210e-01,-6.50385648349751655e-02,1.32701848649617745e+02,8.39422123538991514e+01,-4.87596362957185931e+01,1.49719914645600333e-01,1.38309777295712755e-01,-1.14101373498875780e-02,6.01768842551995364e-01,3.93231307009154984e-01,-2.08537535542840380e-01,2.36340829954349591e-03,2.36340829954349591e-03,0.00000000000000000e+00,6.64118916393752201e-03,6.64118916393752201e-03,0.00000000000000000e+00,4.74246217406952830e+00,4.74246217406952830e+00,8.15766984388878069e-01,8.36777592109735124e-01,5.00271003551000035e+02,1,0,0,ok,light topology surgery; no longer radical
19,6019,576,8.39999999999999969e-01,radius_label_swap,sum_channel,voro_radical,voro_radical_rebuilt,1,1,1.24941006928111137e-01,1.24941006928111137e-01,0.00000000000000000e+00,7.43512376779957990e-02,7.43512376779957990e-02,0.00000000000000000e+00,1.24935696125589579e-01,1.24935696125589579e-01,0.00000000000000000e+00,5.33856713554774376e-01,5.33856713554774376e-01,0.00000000000000000e+00,1.32701848649617745e+02,1.32701848649617745e+02,0.00000000000000000e+00,1.49719914645600333e-01,1.49719914645600333e-01,0.00000000000000000e+00,6.01768842551995364e-01,6.01768842551995364e-01,0.00000000000000000e+00,2.36340829954349591e-03,2.36340829954349591e-03,0.00000000000000000e+00,6.64118916393752201e-03,6.64118916393752201e-03,0.00000000000000000e+00,4.74246217406952830e+00,4.74246217406952830e+00,8.15766984388878069e-01,8.15766984388878069e-01,1.39710787060000712e+01,0,0,0,ok,radius labels permuted; distribution exactly preserved
19,6019,576,8.39999999999999969e-01,shape_descent,shape_channel,voro_radical,voro_radical_rebuilt,1,1,1.24941006928111137e-01,1.24940095729996981e-01,-9.11198114156297478e-07,7.43512376779957990e-02,7.43512376779958267e-02,2.77555756156289135e-17,1.24935696125589579e-01,1.24937530271060665e-01,1.83414547108573522e-06,5.33856713554774376e-01,5.33856713554774376e-01,0.00000000000000000e+00,1.32701848649617745e+02,1.32701848649617745e+02,0.00000000000000000e+00,1.49719914645600333e-01,1.49719914645600333e-01,0.00000000000000000e+00,6.01768842551995364e-01,6.01768842551995364e-01,0.00000000000000000e+00,2.36340829954349591e-03,2.44936960917638627e-03,8.59613096328903578e-05,6.64118916393752201e-03,6.64118916393752201e-03,0.00000000000000000e+00,4.74246217406952830e+00,4.74246217406952830e+00,8.15766984388878069e-01,8.15766984388878069e-01,1.48213869489999865e+01,0,0,0,ok,stochastic coordinate shape descent
20,6020,576,8.39999999999999969e-01,bounded_ricci_du010,sum_channel,voro_radical,voro_radical_fixed_topology,1,1,1.22882693626319206e-01,1.18463633192695081e-01,-4.41906043362412515e-03,7.81087695667206511e-02,6.25283791959127533e-02,-1.55803903708078978e-02,1.21749388156456487e-01,1.20382485819370055e-01,-1.36690233708643138e-03,5.55319583830866770e-01,4.44249173630647198e-01,-1.11070410200219571e-01,1.10893122686250720e+02,8.25193691777136848e+01,-2.83737535085370354e+01,1.50224756566838341e-01,1.25342749883854854e-01,-2.48820066829834874e-02,5.01327199961331460e-01,4.30966618776705057e-01,-7.03605811846264029e-02,3.15050622143727343e-03,1.72379192132998987e-01,1.69228685911561705e-01,7.06875467717615891e-03,8.34248852518888473e-02,7.63561305747126884e-02,4.74246217406952830e+00,4.81898542917805717e+00,7.97671341722459126e-01,8.46636277806277926e-01,6.07722259000070153e-01,1,1,1,ok,relative_bounded_ricci
20,6020,576,8.39999999999999969e-01,box_shear_aspect,shape_channel,voro_radical,voro_radical_rebuilt,1,1,1.22882693626319206e-01,1.22880432194170733e-01,-2.26143214847318585e-06,7.81087695667206511e-02,7.81087695667206511e-02,0.00000000000000000e+00,1.21749388156456487e-01,1.21744142919177165e-01,-5.24523727932213468e-06,5.55319583830866770e-01,5.55319583830866770e-01,0.00000000000000000e+00,1.10893122686250720e+02,1.10893122686250720e+02,0.00000000000000000e+00,1.50224756566838341e-01,1.50224756566838341e-01,0.00000000000000000e+00,5.01327199961331460e-01,5.01327199961331460e-01,0.00000000000000000e+00,3.15050622143727343e-03,3.14834871033610117e-03,-2.15751110117226239e-06,7.06875467717615891e-03,7.15542711069039328e-03,8.66724335142343705e-05,4.74246217406952830e+00,4.74246217406952830e+00,7.97671341722459126e-01,7.97671341722459126e-01,8.32438363199992182e+00,0,1,0,ok,aspect-only box strain; shear omitted for rectangular voro++ container
20,6020,576,8.39999999999999969e-01,compression_step,coupled,voro_radical,voro_radical_rebuilt,1,1,1.22882693626319206e-01,1.22882693626319303e-01,9.71445146547011973e-17,7.81087695667206511e-02,7.81087695667206372e-02,-1.38777878078144568e-17,1.21749388156456487e-01,1.21749388156456514e-01,2.77555756156289135e-17,5.55319583830866770e-01,5.55319583830866770e-01,0.00000000000000000e+00,1.10893122686250720e+02,1.10893122686250720e+02,0.00000000000000000e+00,1.50224756566838341e-01,1.50224756566838341e-01,0.00000000000000000e+00,5.01327199961331460e-01,5.01327199961331460e-01,0.00000000000000000e+00,3.15050622143727343e-03,0.00000000000000000e+00,-3.15050622143727343e-03,7.06875467717615891e-03,0.00000000000000000e+00,-7.06875467717615891e-03,4.74246217406952830e+00,4.74246217406952830e+00,7.97671341722459126e-01,7.97671341722459126e-01,5.13765890400009084e+00,1,0,0,ok,local phi scan best endpoint
20,6020,576,8.39999999999999969e-01,free_ricci,sum_channel,voro_radical,voro_radical_fixed_topology,1,1,1.22882693626319206e-01,1.14552727513524216e-01,-8.32996611279498977e-03,7.81087695667206511e-02,6.70510598591909023e-12,-7.81087695600155424e-02,1.21749388156456487e-01,1.17564935082327057e-01,-4.18445307412942946e-03,5.55319583830866770e-01,4.80424854692349492e-11,-5.55319583782824311e-01,1.10893122686250720e+02,1.75943167115651086e-08,-1.10893122668656403e+02,1.50224756566838341e-01,2.16390156590642062e-10,-1.50224756350448185e-01,5.01327199961331460e-01,4.34090867810556467e-10,-5.01327199527240586e-01,3.15050622143727343e-03,8.41140586856920258e+00,8.40825536234776472e+00,7.06875467717615891e-03,5.59100178454958296e-01,5.52031423777782138e-01,4.74246217406952830e+00,5.29455329632983140e+00,7.97671341722459126e-01,9.22841573704202389e-01,7.55579479999937575e-01,1,1,1,ok,converged: max_abs_K < tol
20,6020,576,8.39999999999999969e-01,post_voro_surgery,topology,voro_radical,post_surgery_nonradical,1,1,1.22882693626319206e-01,1.37139287796490345e-01,1.42565941701711385e-02,7.81087695667206511e-02,6.66832384312407156e-02,-1.14255311354799355e-02,1.21749388156456487e-01,1.43230144009232951e-01,2.14807558527764647e-02,5.55319583830866770e-01,4.73165041222143812e-01,-8.21545426087229580e-02,1.10893122686250720e+02,8.99427324662625551e+01,-2.09503902199881651e+01,1.50224756566838341e-01,1.32937646556199524e-01,-1.72871100106388176e-02,5.01327199961331460e-01,4.48176455922273786e-01,-5.31507440390576735e-02,3.15050622143727343e-03,3.15050622143727343e-03,0.00000000000000000e+00,7.06875467717615891e-03,7.06875467717615891e-03,0.00000000000000000e+00,4.74246217406952830e+00,4.74246217406952830e+00,7.97671341722459126e-01,8.37985200858919477e-01,3.08163440538000032e+02,1,0,0,ok,light topology surgery; no longer radical
20,6020,576,8.39999999999999969e-01,radius_label_swap,sum_channel,voro_radical,voro_radical_rebuilt,1,1,1.22882693626319206e-01,1.22881650717360541e-01,-1.04290895866498978e-06,7.81087695667206511e-02,7.81009156904679952e-02,-7.85387625265587808e-06,1.21749388156456487e-01,1.21749084852391248e-01,-3.03304065238374498e-07,5.55319583830866770e-01,5.55260315157931839e-01,-5.92686729349312102e-05,1.10893122686250720e+02,1.10881452108780309e+02,-1.16705774704115584e-02,1.50224756566838341e-01,1.50213539367786114e-01,-1.12171990522269560e-05,5.01327199961331460e-01,5.01306306888606779e-01,-2.08930727246814385e-05,3.15050622143727343e-03,3.18878610276246031e-03,3.82798813251868791e-05,7.06875467717615891e-03,7.06875467717615891e-03,0.00000000000000000e+00,4.74246217406952830e+00,4.74246217406952830e+00,7.97671341722459126e-01,7.97695307132215037e-01,1.64644054609998420e+01,1,1,1,ok,radius labels permuted; distribution exactly preserved
20,6020,576,8.39999999999999969e-01,shape_descent,shape_channel,voro_radical,voro_radical_rebuilt,1,1,1.22882693626319206e-01,1.22881754240201368e-01,-9.39386117837504031e-07,7.81087695667206511e-02,7.81087695667206511e-02,0.00000000000000000e+00,1.21749388156456487e-01,1.21719614556333539e-01,-2.97736001229481628e-05,5.55319583830866770e-01,5.55319583830866770e-01,0.00000000000000000e+00,1.10893122686250720e+02,1.10893122686250720e+02,0.00000000000000000e+00,1.50224756566838341e-01,1.50224756566838341e-01,0.00000000000000000e+00,5.01327199961331460e-01,5.01327199961331460e-01,0.00000000000000000e+00,3.15050622143727343e-03,3.20637360069979957e-03,5.58673792625261414e-05,7.06875467717615891e-03,7.06875467717615891e-03,0.00000000000000000e+00,4.74246217406952830e+00,4.74246217406952830e+00,7.97671341722459126e-01,7.97671341722459126e-01,9.80011011299995971e+00,0,1,0,ok,stochastic coordinate shape descent
21,6021,576,8.39999999999999969e-01,bounded_ricci_du010,sum_channel,voro_radical,voro_radical_fixed_topology,1,1,1.24342149557774978e-01,1.19366614969697277e-01,-4.97553458807770133e-03,7.83706003301473109e-02,6.13121738963008853e-02,-1.70584264338464256e-02,1.21658151386954350e-01,1.20244806904256762e-01,-1.41334448269758717e-03,5.64800940935438089e-01,4.41006965538777107e-01,-1.23793975396660982e-01,1.49432288727368814e+02,1.05449297925639101e+02,-4.39829908017297129e+01,1.54052023652557518e-01,1.26339066135367217e-01,-2.77129575171903009e-02,6.56482868478360237e-01,5.45415679361846650e-01,-1.11067189116513587e-01,4.60726048657227310e-03,2.44753092820559404e-01,2.40145832333987119e-01,1.09210331406335293e-02,9.49282366528234611e-02,8.40072035121899319e-02,4.74246217406952830e+00,4.68865175320743166e+00,7.98024923190305158e-01,8.51258735054798543e-01,4.80515053000090120e-01,1,1,1,ok,relative_bounded_ricci
21,6021,576,8.39999999999999969e-01,box_shear_aspect,shape_channel,voro_radical,voro_radical_rebuilt,1,1,1.24342149557774978e-01,1.24342149557774978e-01,0.00000000000000000e+00,7.83706003301473109e-02,7.83706003301473109e-02,0.00000000000000000e+00,1.21658151386954350e-01,1.21658151386954350e-01,0.00000000000000000e+00,5.64800940935438089e-01,5.64800940935438089e-01,0.00000000000000000e+00,1.49432288727368814e+02,1.49432288727368814e+02,0.00000000000000000e+00,1.54052023652557518e-01,1.54052023652557518e-01,0.00000000000000000e+00,6.56482868478360237e-01,6.56482868478360237e-01,0.00000000000000000e+00,4.60726048657227310e-03,4.60726048657227310e-03,0.00000000000000000e+00,1.09210331406335293e-02,1.09210331406335293e-02,0.00000000000000000e+00,4.74246217406952830e+00,4.74246217406952830e+00,7.98024923190305158e-01,7.98024923190305158e-01,8.14250673999993069e+00,0,0,0,ok,aspect-only box strain; shear omitted for rectangular voro++ container
21,6021,576,8.39999999999999969e-01,compression_step,coupled,voro_radical,voro_radical_rebuilt,1,1,1.24342149557774978e-01,1.24342149557775020e-01,4.16333634234433703e-17,7.83706003301473109e-02,7.83706003301472831e-02,-2.77555756156289135e-17,1.21658151386954350e-01,1.21658151386954377e-01,2.77555756156289135e-17,5.64800940935438089e-01,5.64800940935438089e-01,0.00000000000000000e+00,1.49432288727368814e+02,1.49432288727368814e+02,0.00000000000000000e+00,1.54052023652557518e-01,1.54052023652557518e-01,0.00000000000000000e+00,6.56482868478360237e-01,6.56482868478360237e-01,0.00000000000000000e+00,4.60726048657227310e-03,0.00000000000000000e+00,-4.60726048657227310e-03,1.09210331406335293e-02,0.00000000000000000e+00,-1.09210331406335293e-02,4.74246217406952830e+00,4.74246217406952830e+00,7.98024923190305158e-01,7.98024923190305158e-01,4.82262813200009077e+00,1,0,0,ok,local phi scan best endpoint
21,6021,576,8.39999999999999969e-01,free_ricci,sum_channel,voro_radical,voro_radical_fixed_topology,1,1,1.24342149557774978e-01,1.14263691022183173e-01,-1.00784585355918055e-02,7.83706003301473109e-02,7.18335755064142202e-12,-7.83706003229639597e-02,1.21658151386954350e-01,1.17397040081487269e-01,-4.26111130546708017e-03,5.64800940935438089e-01,4.98853128706608864e-11,-5.64800940885552771e-01,1.49432288727368814e+02,1.75264811193440392e-08,-1.49432288709842339e+02,1.54052023652557518e-01,2.33373959965896432e-10,-1.54052023419183559e-01,6.56482868478360237e-01,4.64055684273427306e-10,-6.56482868014304555e-01,4.60726048657227310e-03,1.03932734111123288e+01,1.03886661506257560e+01,1.09210331406335293e-02,5.59193336128524621e-01,5.48272302987891091e-01,4.74246217406952830e+00,5.27265973038649083e+00,7.98024923190305158e-01,9.19205556416372693e-01,5.94197559999997793e-01,1,1,1,ok,converged: max_abs_K < tol
21,6021,576,8.39999999999999969e-01,post_voro_surgery,topology,voro_radical,post_surgery_nonradical,1,1,1.24342149557774978e-01,1.40528612415053572e-01,1.61864628572785940e-02,7.83706003301473109e-02,6.82815698151444245e-02,-1.00890305150028864e-02,1.21658151386954350e-01,1.45785751118370555e-01,2.41275997314162050e-02,5.64800940935438089e-01,4.85177927373958873e-01,-7.96230135614792167e-02,1.49432288727368814e+02,8.98277789134775446e+01,-5.96045098138912692e+01,1.54052023652557518e-01,1.39474206647217575e-01,-1.45778170053399436e-02,6.56482868478360237e-01,4.24189428775502031e-01,-2.32293439702858207e-01,4.60726048657227310e-03,4.60726048657227310e-03,0.00000000000000000e+00,1.09210331406335293e-02,1.09210331406335293e-02,0.00000000000000000e+00,4.74246217406952830e+00,4.74246217406952830e+00,7.98024923190305158e-01,8.40362310580139438e-01,3.18811408404000076e+02,1,0,0,ok,light topology surgery; no longer radical
21,6021,576,8.39999999999999969e-01,radius_label_swap,sum_channel,voro_radical,voro_radical_rebuilt,1,1,1.24342149557774978e-01,1.24346314817000703e-01,4.16525922572463791e-06,7.83706003301473109e-02,7.83786064173046942e-02,8.00608715738337917e-06,1.21658151386954350e-01,1.21658907327309329e-01,7.55940354979500739e-07,5.64800940935438089e-01,5.64835743754454445e-01,3.48028190163551798e-05,1.49432288727368814e+02,1.49445565778150154e+02,1.32770507813404492e-02,1.54052023652557518e-01,1.54068918927472653e-01,1.68952749151352055e-05,6.56482868478360237e-01,6.56489278256467301e-01,6.40977810706377937e-06,4.60726048657227310e-03,4.61803473580654506e-03,1.07742492342719626e-05,1.09210331406335293e-02,1.09210331406335293e-02,0.00000000000000000e+00,4.74246217406952830e+00,4.74246217406952830e+00,7.98024923190305158e-01,7.98004861544663435e-01,1.23019749249999677e+01,0,0,0,ok,radius labels permuted; distribution exactly preserved
21,6021,576,8.39999999999999969e-01,shape_descent,shape_channel,voro_radical,voro_radical_rebuilt,1,1,1.24342149557774978e-01,1.24322587195363154e-01,-1.95623624118235195e-05,7.83706003301473109e-02,7.83706003301472831e-02,-2.77555756156289135e-17,1.21658151386954350e-01,1.21645282227527476e-01,-1.28691594268731668e-05,5.64800940935438089e-01,5.64800940935438089e-01,0.00000000000000000e+00,1.49432288727368814e+02,1.49432288727368814e+02,0.00000000000000000e+00,1.54052023652557518e-01,1.54052023652557518e-01,0.00000000000000000e+00,6.56482868478360237e-01,6.56482868478360237e-01,0.00000000000000000e+00,4.60726048657227310e-03,4.81959289008727313e-03,2.12332403515000032e-04,1.09210331406335293e-02,1.09210331406335293e-02,0.00000000000000000e+00,4.74246217406952830e+00,4.74246217406952830e+00,7.98024923190305158e-01,7.98024923190305158e-01,1.21280026230000431e+01,1,1,1,ok,stochastic coordinate shape descent
22,6022,576,8.39999999999999969e-01,bounded_ricci_du010,sum_channel,voro_radical,voro_radical_fixed_topology,1,1,1.21198173385874131e-01,1.17131891973076593e-01,-4.06628141279753719e-03,7.49160086399270481e-02,6.02028718203573149e-02,-1.47131368195697332e-02,1.20218364908597816e-01,1.19062560682084373e-01,-1.15580422651344328e-03,5.53219840670287288e-01,4.43775527017011895e-01,-1.09444313653275394e-01,1.35967909509459901e+02,9.77406557142321333e+01,-3.82272537952277673e+01,1.50823141601625715e-01,1.25764320541319835e-01,-2.50588210603058803e-02,6.12174695265233049e-01,5.10596459210499565e-01,-1.01578236054733484e-01,1.55578224811364239e-03,1.67765194565725279e-01,1.66209412317611632e-01,4.60029059692601550e-03,1.03433082147759592e-01,9.88327915508335764e-02,4.74246217406952830e+00,4.90926401198550977e+00,7.91559794730403721e-01,8.40447554918758777e-01,5.03161242000032871e-01,1,1,1,ok,relative_bounded_ricci
22,6022,576,8.39999999999999969e-01,box_shear_aspect,shape_channel,voro_radical,voro_radical_rebuilt,1,1,1.21198173385874131e-01,1.21198173385874131e-01,0.00000000000000000e+00,7.49160086399270481e-02,7.49160086399270481e-02,0.00000000000000000e+00,1.20218364908597816e-01,1.20218364908597816e-01,0.00000000000000000e+00,5.53219840670287288e-01,5.53219840670287288e-01,0.00000000000000000e+00,1.35967909509459901e+02,1.35967909509459901e+02,0.00000000000000000e+00,1.50823141601625715e-01,1.50823141601625715e-01,0.00000000000000000e+00,6.12174695265233049e-01,6.12174695265233049e-01,0.00000000000000000e+00,1.55578224811364239e-03,1.55578224811364239e-03,0.00000000000000000e+00,4.60029059692601550e-03,4.60029059692601550e-03,0.00000000000000000e+00,4.74246217406952830e+00,4.74246217406952830e+00,7.91559794730403721e-01,7.91559794730403721e-01,7.64469048699993436e+00,0,0,0,ok,aspect-only box strain; shear omitted for rectangular voro++ container
22,6022,576,8.39999999999999969e-01,compression_step,coupled,voro_radical,voro_radical_rebuilt,1,1,1.21198173385874131e-01,1.21198173385874033e-01,-9.71445146547011973e-17,7.49160086399270481e-02,7.49160086399270758e-02,2.77555756156289135e-17,1.20218364908597816e-01,1.20218364908597788e-01,-2.77555756156289135e-17,5.53219840670287288e-01,5.53219840670287288e-01,0.00000000000000000e+00,1.35967909509459901e+02,1.35967909509459901e+02,0.00000000000000000e+00,1.50823141601625715e-01,1.50823141601625715e-01,0.00000000000000000e+00,6.12174695265233049e-01,6.12174695265233049e-01,0.00000000000000000e+00,1.55578224811364239e-03,0.00000000000000000e+00,-1.55578224811364239e-03,4.60029059692601550e-03,0.00000000000000000e+00,-4.60029059692601550e-03,4.74246217406952830e+00,4.74246217406952830e+00,7.91559794730403721e-01,7.91559794730403721e-01,4.41903856900000847e+00,0,1,0,ok,local phi scan best endpoint
22,6022,576,8.39999999999999969e-01,free_ricci,sum_channel,voro_radical,voro_radical_fixed_topology,1,1,1.21198173385874131e-01,1.13748881429936610e-01,-7.44929195593752036e-03,7.49160086399270481e-02,7.57044970570834488e-12,-7.49160086323566038e-02,1.20218364908597816e-01,1.16967596523761985e-01,-3.25076838483583097e-03,5.53219840670287288e-01,5.09806532312889051e-11,-5.53219840619306624e-01,1.35967909509459901e+02,1.79834773381878232e-08,-1.35967909491476433e+02,1.50823141601625715e-01,2.37302783847383731e-10,-1.50823141364322927e-01,6.12174695265233049e-01,4.52405512291303012e-10,-6.12174694812827491e-01,1.55578224811364239e-03,8.68719106876909564e+00,8.68563528652098249e+00,4.60029059692601550e-03,5.50049742248503337e-01,5.45449451651577322e-01,4.74246217406952830e+00,6.17250265811030996e+00,7.91559794730403721e-01,9.21675153320880791e-01,5.86901326000088375e-01,1,1,1,ok,converged: max_abs_K < tol
22,6022,576,8.39999999999999969e-01,post_voro_surgery,topology,voro_radical,post_surgery_nonradical,1,1,1.21198173385874131e-01,1.36349333944958101e-01,1.51511605590839704e-02,7.49160086399270481e-02,6.68025920777273741e-02,-8.11341656219967400e-03,1.20218364908597816e-01,1.43057708543056661e-01,2.28393436344588446e-02,5.53219840670287288e-01,4.91584180455827080e-01,-6.16356602144602084e-02,1.35967909509459901e+02,8.78682363843372798e+01,-4.80996731251226208e+01,1.50823141601625715e-01,1.37514568399568604e-01,-1.33085732020571113e-02,6.12174695265233049e-01,4.20408864422319617e-01,-1.91765830842913432e-01,1.55578224811364239e-03,1.55578224811364239e-03,0.00000000000000000e+00,4.60029059692601550e-03,4.60029059692601550e-03,0.00000000000000000e+00,4.74246217406952830e+00,4.74246217406952830e+00,7.91559794730403721e-01,8.30761011165819796e-01,3.20943022724999878e+02,1,0,0,ok,light topology surgery; no longer radical
22,6022,576,8.39999999999999969e-01,radius_label_swap,sum_channel,voro_radical,voro_radical_rebuilt,1,1,1.21198173385874131e-01,1.21197336551914656e-01,-8.36833959474980738e-07,7.49160086399270481e-02,7.49160806584668743e-02,7.20185398261907750e-08,1.20218364908597816e-01,1.20218348156190979e-01,-1.67524068367397305e-08,5.53219840670287288e-01,5.53214416705703038e-01,-5.42396458425020711e-06,1.35967909509459901e+02,1.35968337350427419e+02,4.27840967518022808e-04,1.50823141601625715e-01,1.50821956766011372e-01,-1.18483561434290507e-06,6.12174695265233049e-01,6.12179593710061365e-01,4.89844482831625072e-06,1.55578224811364239e-03,1.55398801258736915e-03,-1.79423552627323846e-06,4.60029059692601550e-03,4.60029059692601550e-03,0.00000000000000000e+00,4.74246217406952830e+00,4.74246217406952830e+00,7.91559794730403721e-01,7.91559794730403721e-01,1.22669559389998994e+01,0,1,0,ok,radius labels permuted; distribution exactly preserved
22,6022,576,8.39999999999999969e-01,shape_descent,shape_channel,voro_radical,voro_radical_rebuilt,1,1,1.21198173385874131e-01,1.21218426585443517e-01,2.02531995693866484e-05,7.49160086399270481e-02,7.49160086399270481e-02,0.00000000000000000e+00,1.20218364908597816e-01,1.20245969162192629e-01,2.76042535948123335e-05,5.53219840670287288e-01,5.53219840670287288e-01,0.00000000000000000e+00,1.35967909509459901e+02,1.35967909509459901e+02,0.00000000000000000e+00,1.50823141601625715e-01,1.50823141601625715e-01,0.00000000000000000e+00,6.12174695265233049e-01,6.12174695265233049e-01,0.00000000000000000e+00,1.55578224811364239e-03,1.59077278885765808e-03,3.49905407440156881e-05,4.60029059692601550e-03,4.60029059692601550e-03,0.00000000000000000e+00,4.74246217406952830e+00,4.74246217406952830e+00,7.91559794730403721e-01,7.91559794730403721e-01,9.62641947600002368e+00,0,0,0,ok,stochastic coordinate shape descent
23,6023,576,8.39999999999999969e-01,bounded_ricci_du010,sum_channel,voro_radical,voro_radical_fixed_topology,1,1,1.16207666395892861e-01,1.11473055606520155e-01,-4.73461078937270630e-03,7.27030208120276189e-02,5.78371960047237010e-02,-1.48658248073039179e-02,1.14692050692007400e-01,1.13441956188408480e-01,-1.25009450359891972e-03,5.35031466111154708e-01,4.24855127601216631e-01,-1.10176338509938077e-01,1.06765568591879571e+02,7.92405462110774437e+01,-2.75250223808021275e+01,1.44325490684481333e-01,1.19524080426979276e-01,-2.48014102575020573e-02,4.99988372612722776e-01,4.30292099772977388e-01,-6.96962728397453879e-02,3.99388760397059695e-05,1.69350246906476182e-01,1.69310308030436479e-01,9.29562613512846525e-04,8.13217436861048970e-02,8.03921810725920505e-02,4.74246217406952830e+00,4.79865826062364409e+00,8.13742588136816658e-01,8.59697611204548351e-01,3.90476562000003469e-01,1,1,1,ok,relative_bounded_ricci
23,6023,576,8.39999999999999969e-01,box_shear_aspect,shape_channel,voro_radical,voro_radical_rebuilt,1,1,1.16207666395892861e-01,1.16207666395892861e-01,0.00000000000000000e+00,7.27030208120276189e-02,7.27030208120276189e-02,0.00000000000000000e+00,1.14692050692007400e-01,1.14692050692007400e-01,0.00000000000000000e+00,5.35031466111154708e-01,5.35031466111154708e-01,0.00000000000000000e+00,1.06765568591879571e+02,1.06765568591879571e+02,0.00000000000000000e+00,1.44325490684481333e-01,1.44325490684481333e-01,0.00000000000000000e+00,4.99988372612722776e-01,4.99988372612722776e-01,0.00000000000000000e+00,3.99388760397059695e-05,3.99388760397059695e-05,0.00000000000000000e+00,9.29562613512846525e-04,9.29562613512846525e-04,0.00000000000000000e+00,4.74246217406952830e+00,4.74246217406952830e+00,8.13742588136816658e-01,8.13742588136816658e-01,6.11486659199999849e+00,0,0,0,ok,aspect-only box strain; shear omitted for rectangular voro++ container
23,6023,576,8.39999999999999969e-01,compression_step,coupled,voro_radical,voro_radical_rebuilt,1,1,1.16207666395892861e-01,1.16477429905453178e-01,2.69763509560316805e-04,7.27030208120276189e-02,7.32226117522009196e-02,5.19590940173300653e-04,1.14692050692007400e-01,1.14942447191322863e-01,2.50396499315463927e-04,5.35031466111154708e-01,5.39503051581118553e-01,4.47158546996384576e-03,1.06765568591879571e+02,1.07279555680953621e+02,5.13987089074049663e-01,1.44325490684481333e-01,1.45137694592725713e-01,8.12203908244379935e-04,4.99988372612722776e-01,4.99949183287158705e-01,-3.91893255640707316e-05,3.99388760397059695e-05,0.00000000000000000e+00,-3.99388760397059695e-05,9.29562613512846525e-04,0.00000000000000000e+00,-9.29562613512846525e-04,4.74246217406952830e+00,4.74246217406952830e+00,8.13742588136816658e-01,8.09249120928678956e-01,5.27501462400005039e+00,0,0,0,ok,local phi scan best endpoint
23,6023,576,8.39999999999999969e-01,free_ricci,sum_channel,voro_radical,voro_radical_fixed_topology,1,1,1.16207666395892861e-01,1.08477083091828158e-01,-7.73058330406470318e-03,7.27030208120276189e-02,7.03203256512832736e-12,-7.27030208049955912e-02,1.14692050692007400e-01,1.11311644056164782e-01,-3.38040663584261714e-03,5.35031466111154708e-01,4.92819492579524781e-11,-5.35031466061872796e-01,1.06765568591879571e+02,1.74889199822723677e-08,-1.06765568574390656e+02,1.44325490684481333e-01,2.29555059686531633e-10,-1.44325490454926264e-01,4.99988372612722776e-01,4.56258934036887087e-10,-4.99988372156463856e-01,3.99388760397059695e-05,9.00951157965556604e+00,9.00947164077952678e+00,9.29562613512846525e-04,5.64010041752912805e-01,5.63080479139399959e-01,4.74246217406952830e+00,5.59189103171057322e+00,8.13742588136816658e-01,9.25926939077026279e-01,3.86760549000086939e-01,1,1,1,ok,converged: max_abs_K < tol
23,6023,576,8.39999999999999969e-01,post_voro_surgery,topology,voro_radical,post_surgery_nonradical,1,1,1.16207666395892861e-01,1.28011064702546501e-01,1.18033983066536396e-02,7.27030208120276189e-02,6.51173486668552154e-02,-7.58567214517240351e-03,1.14692050692007400e-01,1.33272785346593176e-01,1.85807346545857760e-02,5.35031466111154708e-01,4.69405537975935094e-01,-6.56259281352196133e-02,1.06765568591879571e+02,8.06236302184632052e+01,-2.61419383734163659e+01,1.44325490684481333e-01,1.33885835738288300e-01,-1.04396549461930332e-02,4.99988372612722776e-01,3.89589953151657675e-01,-1.10398419461065100e-01,3.99388760397059695e-05,3.99388760397059695e-05,0.00000000000000000e+00,9.29562613512846525e-04,9.29562613512846525e-04,0.00000000000000000e+00,4.74246217406952830e+00,4.74246217406952830e+00,8.13742588136816658e-01,8.43882040772549358e-01,2.88121167892000130e+02,1,0,0,ok,light topology surgery; no longer radical
23,6023,576,8.39999999999999969e-01,radius_label_swap,sum_channel,voro_radical,voro_radical_rebuilt,1,1,1.16207666395892861e-01,1.16207657874560388e-01,-8.52133247297715002e-09,7.27030208120276189e-02,7.27028922553561580e-02,-1.28556671460944294e-07,1.14692050692007400e-01,1.14692049972664190e-01,-7.19343209998335453e-10,5.35031466111154708e-01,5.35030003368333174e-01,-1.46274282153413537e-06,1.06765568591879571e+02,1.06765500318291544e+02,-6.82735880275231466e-05,1.44325490684481333e-01,1.44325391825736588e-01,-9.88587447459110535e-08,4.99988372612722776e-01,4.99988337340780464e-01,-3.52719423113434516e-08,3.99388760397059695e-05,3.99742534098906468e-05,3.53773701846773017e-08,9.29562613512846525e-04,9.29562613512846525e-04,0.00000000000000000e+00,4.74246217406952830e+00,4.74246217406952830e+00,8.13742588136816658e-01,8.13742588136816658e-01,1.53293707549998999e+01,1,1,1,ok,radius labels permuted; distribution exactly preserved
23,6023,576,8.39999999999999969e-01,shape_descent,shape_channel,voro_radical,voro_radical_rebuilt,1,1,1.16207666395892861e-01,1.16196558076487280e-01,-1.11083194055811019e-05,7.27030208120276189e-02,7.27030208120276189e-02,0.00000000000000000e+00,1.14692050692007400e-01,1.14690658707514784e-01,-1.39198449261579427e-06,5.35031466111154708e-01,5.35031466111154708e-01,0.00000000000000000e+00,1.06765568591879571e+02,1.06765568591879571e+02,0.00000000000000000e+00,1.44325490684481333e-01,1.44325490684481333e-01,0.00000000000000000e+00,4.99988372612722776e-01,4.99988372612722776e-01,0.00000000000000000e+00,3.99388760397059695e-05,3.99388271542297090e-05,-4.88854762605624854e-11,9.29562613512846525e-04,9.29562613512846525e-04,0.00000000000000000e+00,4.74246217406952830e+00,4.74246217406952830e+00,8.13742588136816658e-01,8.13742588136816658e-01,8.70418096900004912e+00,0,1,0,ok,stochastic coordinate shape descent
24,6024,576,8.39999999999999969e-01,bounded_ricci_du010,sum_channel,voro_radical,voro_radical_fixed_topology,1,1,1.16490777341261134e-01,1.11536316777580816e-01,-4.95446056368031851e-03,7.39916923584406916e-02,5.84530558963167121e-02,-1.55386364621239795e-02,1.14603737269915185e-01,1.13321126578628847e-01,-1.28261069128633720e-03,5.43959410066016669e-01,4.28693733586509362e-01,-1.15265676479507306e-01,1.58482268570129577e+02,1.14477719699808205e+02,-4.40045488703213721e+01,1.45796366625735613e-01,1.20122922416005695e-01,-2.56734442097299176e-02,7.09923750693202460e-01,5.99907747528142576e-01,-1.10016003165059884e-01,2.20141979918172978e-04,1.58076810260891432e-01,1.57856668280973250e-01,2.18167819118697537e-03,9.85319174723735536e-02,9.63502392811865782e-02,4.74246217406952830e+00,4.63126944649654515e+00,8.20847663755429058e-01,8.68088571534093023e-01,5.82874677000063457e-01,1,1,1,ok,relative_bounded_ricci
24,6024,576,8.39999999999999969e-01,box_shear_aspect,shape_channel,voro_radical,voro_radical_rebuilt,1,1,1.16490777341261134e-01,1.16490777341261134e-01,0.00000000000000000e+00,7.39916923584406916e-02,7.39916923584406916e-02,0.00000000000000000e+00,1.14603737269915185e-01,1.14603737269915185e-01,0.00000000000000000e+00,5.43959410066016669e-01,5.43959410066016669e-01,0.00000000000000000e+00,1.58482268570129577e+02,1.58482268570129577e+02,0.00000000000000000e+00,1.45796366625735613e-01,1.45796366625735613e-01,0.00000000000000000e+00,7.09923750693202460e-01,7.09923750693202460e-01,0.00000000000000000e+00,2.20141979918172978e-04,2.20141979918172978e-04,0.00000000000000000e+00,2.18167819118697537e-03,2.18167819118697537e-03,0.00000000000000000e+00,4.74246217406952830e+00,4.74246217406952830e+00,8.20847663755429058e-01,8.20847663755429058e-01,8.51616567600001417e+00,0,0,0,ok,aspect-only box strain; shear omitted for rectangular voro++ container
24,6024,576,8.39999999999999969e-01,compression_step,coupled,voro_radical,voro_radical_rebuilt,1,1,1.16490777341261134e-01,1.16490777341261217e-01,8.32667268468867405e-17,7.39916923584406916e-02,7.39916923584407332e-02,4.16333634234433703e-17,1.14603737269915185e-01,1.14603737269915282e-01,9.71445146547011973e-17,5.43959410066016669e-01,5.43959410066016669e-01,0.00000000000000000e+00,1.58482268570129577e+02,1.58482268570129577e+02,0.00000000000000000e+00,1.45796366625735613e-01,1.45796366625735613e-01,0.00000000000000000e+00,7.09923750693202460e-01,7.09923750693202460e-01,0.00000000000000000e+00,2.20141979918172978e-04,0.00000000000000000e+00,-2.20141979918172978e-04,2.18167819118697537e-03,0.00000000000000000e+00,-2.18167819118697537e-03,4.74246217406952830e+00,4.74246217406952830e+00,8.20847663755429058e-01,8.20847663755429058e-01,5.53463752499999373e+00,0,0,0,ok,local phi scan best endpoint
24,6024,576,8.39999999999999969e-01,free_ricci,sum_channel,voro_radical,voro_radical_fixed_topology,1,1,1.16490777341261134e-01,1.08133606088697987e-01,-8.35717125256314752e-03,7.39916923584406916e-02,5.79240747995870595e-12,-7.39916923526482834e-02,1.14603737269915185e-01,1.11007615036234658e-01,-3.59612223368052653e-03,5.43959410066016669e-01,4.03398258994927762e-11,-5.43959410025676826e-01,1.58482268570129577e+02,1.48402711798148538e-08,-1.58482268555289295e+02,1.45796366625735613e-01,1.83978065154645922e-10,-1.45796366441757558e-01,7.09923750693202460e-01,3.80478569322909554e-10,-7.09923750312723922e-01,2.20141979918172978e-04,8.12283674186670623e+00,8.12261659988678808e+00,2.18167819118697537e-03,6.76561788224343097e-01,6.74380110033156122e-01,4.74246217406952830e+00,5.07453152048225231e+00,8.20847663755429058e-01,9.31114409555046874e-01,5.85113074999981109e-01,1,1,1,ok,converged: max_abs_K < tol
24,6024,576,8.39999999999999969e-01,post_voro_surgery,topology,voro_radical,post_surgery_nonradical,1,1,1.16490777341261134e-01,1.29411557579477476e-01,1.29207802382163423e-02,7.39916923584406916e-02,6.79049535361936768e-02,-6.08673882224701479e-03,1.14603737269915185e-01,1.32927293148763448e-01,1.83235558788482633e-02,5.43959410066016669e-01,4.93227798475020296e-01,-5.07316115909963727e-02,1.58482268570129577e+02,8.20605382404143029e+01,-7.64217303297152739e+01,1.45796366625735613e-01,1.36141028023914173e-01,-9.65533860182143933e-03,7.09923750693202460e-01,3.89637111659711433e-01,-3.20286639033491027e-01,2.20141979918172978e-04,2.20141979918172978e-04,0.00000000000000000e+00,2.18167819118697537e-03,2.18167819118697537e-03,0.00000000000000000e+00,4.74246217406952830e+00,4.74246217406952830e+00,8.20847663755429058e-01,8.49037690373275256e-01,3.24263677686000051e+02,1,0,0,ok,light topology surgery; no longer radical
24,6024,576,8.39999999999999969e-01,radius_label_swap,sum_channel,voro_radical,voro_radical_rebuilt,1,1,1.16490777341261134e-01,1.16490777341261134e-01,0.00000000000000000e+00,7.39916923584406916e-02,7.39916923584406916e-02,0.00000000000000000e+00,1.14603737269915185e-01,1.14603737269915185e-01,0.00000000000000000e+00,5.43959410066016669e-01,5.43959410066016669e-01,0.00000000000000000e+00,1.58482268570129577e+02,1.58482268570129577e+02,0.00000000000000000e+00,1.45796366625735613e-01,1.45796366625735613e-01,0.00000000000000000e+00,7.09923750693202460e-01,7.09923750693202460e-01,0.00000000000000000e+00,2.20141979918172978e-04,2.20141979918172978e-04,0.00000000000000000e+00,2.18167819118697537e-03,2.18167819118697537e-03,0.00000000000000000e+00,4.74246217406952830e+00,4.74246217406952830e+00,8.20847663755429058e-01,8.20847663755429058e-01,1.25038226120000218e+01,0,0,0,ok,radius labels permuted; distribution exactly preserved
24,6024,576,8.39999999999999969e-01,shape_descent,shape_channel,voro_radical,voro_radical_rebuilt,1,1,1.16490777341261134e-01,1.16475606010982544e-01,-1.51713302785905224e-05,7.39916923584406916e-02,7.39916923584406916e-02,0.00000000000000000e+00,1.14603737269915185e-01,1.14589705324662880e-01,-1.40319452523046673e-05,5.43959410066016669e-01,5.43959410066016669e-01,0.00000000000000000e+00,1.58482268570129577e+02,1.58482268570129577e+02,0.00000000000000000e+00,1.45796366625735613e-01,1.45796366625735613e-01,0.00000000000000000e+00,7.09923750693202460e-01,7.09923750693202460e-01,0.00000000000000000e+00,2.20141979918172978e-04,2.20141537900098031e-04,-4.42018074946941633e-10,2.18167819118697537e-03,2.18167819118697537e-03,0.00000000000000000e+00,4.74246217406952830e+00,4.74246217406952830e+00,8.20847663755429058e-01,8.20847663755429058e-01,1.18606798340000523e+01,0,1,0,ok,stochastic coordinate shape descent
25,6025,576,8.39999999999999969e-01,bounded_ricci_du010,sum_channel,voro_radical,voro_radical_fixed_topology,1,1,1.18432287126043201e-01,1.13488947238029048e-01,-4.94333988801415325e-03,7.28781404755956125e-02,5.37157081144755272e-02,-1.91624323611200853e-02,1.18390272514243458e-01,1.16724775235308192e-01,-1.66549727893526567e-03,5.24686419017100003e-01,3.87065884790504411e-01,-1.37620534226595592e-01,1.14508125745516423e+02,7.72749769304983687e+01,-3.72331488150180547e+01,1.46675145385500472e-01,1.16383108750155798e-01,-3.02920366353446741e-02,5.30159958670462950e-01,4.28398813780715870e-01,-1.01761144889747079e-01,3.98213742989446569e-04,3.26422886552124092e-01,3.26024672809134664e-01,2.70553432197795374e-03,1.43057337342982205e-01,1.40351803021004251e-01,4.74246217406952830e+00,4.51404256470619458e+00,8.21191557180400378e-01,8.74948840832114660e-01,3.90142872999945212e-01,1,1,1,ok,relative_bounded_ricci
25,6025,576,8.39999999999999969e-01,box_shear_aspect,shape_channel,voro_radical,voro_radical_rebuilt,1,1,1.18432287126043201e-01,1.18432287126043201e-01,0.00000000000000000e+00,7.28781404755956125e-02,7.28781404755956125e-02,0.00000000000000000e+00,1.18390272514243458e-01,1.18390272514243458e-01,0.00000000000000000e+00,5.24686419017100003e-01,5.24686419017100003e-01,0.00000000000000000e+00,1.14508125745516423e+02,1.14508125745516423e+02,0.00000000000000000e+00,1.46675145385500472e-01,1.46675145385500472e-01,0.00000000000000000e+00,5.30159958670462950e-01,5.30159958670462950e-01,0.00000000000000000e+00,3.98213742989446569e-04,3.98213742989446569e-04,0.00000000000000000e+00,2.70553432197795374e-03,2.70553432197795374e-03,0.00000000000000000e+00,4.74246217406952830e+00,4.74246217406952830e+00,8.21191557180400378e-01,8.21191557180400378e-01,7.03685159999997722e+00,0,0,0,ok,aspect-only box strain; shear omitted for rectangular voro++ container
25,6025,576,8.39999999999999969e-01,compression_step,coupled,voro_radical,voro_radical_rebuilt,1,1,1.18432287126043201e-01,1.18596833614488320e-01,1.64546488445119210e-04,7.28781404755956125e-02,7.27325293079239682e-02,-1.45611167671644282e-04,1.18390272514243458e-01,1.18170757748350938e-01,-2.19514765892520058e-04,5.24686419017100003e-01,5.23705991070674504e-01,-9.80427946425499464e-04,1.14508125745516423e+02,1.15092656615986712e+02,5.84530870470288733e-01,1.46675145385500472e-01,1.47299984035608678e-01,6.24838650108205940e-04,5.30159958670462950e-01,5.30976408254640209e-01,8.16449584177258991e-04,3.98213742989446569e-04,0.00000000000000000e+00,-3.98213742989446569e-04,2.70553432197795374e-03,0.00000000000000000e+00,-2.70553432197795374e-03,4.74246217406952830e+00,4.74246217406952830e+00,8.21191557180400378e-01,8.19534475724340350e-01,5.26483305099998233e+00,1,1,1,ok,local phi scan best endpoint
25,6025,576,8.39999999999999969e-01,free_ricci,sum_channel,voro_radical,voro_radical_fixed_topology,1,1,1.18432287126043201e-01,1.11571678916332809e-01,-6.86060820971039209e-03,7.28781404755956125e-02,6.63665715135576688e-12,-7.28781404689589490e-02,1.18390272514243458e-01,1.14182239299937718e-01,-4.20803321430573973e-03,5.24686419017100003e-01,4.78374553231868105e-11,-5.24686418969262602e-01,1.14508125745516423e+02,1.72883619525698296e-08,-1.14508125728228066e+02,1.46675145385500472e-01,2.20769094321063677e-10,-1.46675145164731374e-01,5.30159958670462950e-01,4.58904808260666554e-10,-5.30159958211558147e-01,3.98213742989446569e-04,1.08475810453235351e+01,1.08471828315805450e+01,2.70553432197795374e-03,6.62953187762655105e-01,6.60247653440677151e-01,4.74246217406952830e+00,4.95820225327610586e+00,8.21191557180400378e-01,9.14455746931431723e-01,4.86560000999929798e-01,1,1,1,ok,converged: max_abs_K < tol
25,6025,576,8.39999999999999969e-01,post_voro_surgery,topology,voro_radical,post_surgery_nonradical,1,1,1.18432287126043201e-01,1.35934836076606558e-01,1.75025489505633569e-02,7.28781404755956125e-02,6.85341486548338291e-02,-4.34399182076178336e-03,1.18390272514243458e-01,1.42623848315355933e-01,2.42335758011124752e-02,5.24686419017100003e-01,4.99924872565191525e-01,-2.47615464519084783e-02,1.14508125745516423e+02,8.45988342228722985e+01,-2.99092915226441249e+01,1.46675145385500472e-01,1.40825403788657016e-01,-5.84974159684345518e-03,5.30159958670462950e-01,3.87653905509223184e-01,-1.42506053161239765e-01,3.98213742989446569e-04,3.98213742989446569e-04,0.00000000000000000e+00,2.70553432197795374e-03,2.70553432197795374e-03,0.00000000000000000e+00,4.74246217406952830e+00,4.74246217406952830e+00,8.21191557180400378e-01,8.28941466580085606e-01,3.09642926546000012e+02,1,0,0,ok,light topology surgery; no longer radical
25,6025,576,8.39999999999999969e-01,radius_label_swap,sum_channel,voro_radical,voro_radical_rebuilt,1,1,1.18432287126043201e-01,1.18434042109903645e-01,1.75498386044414811e-06,7.28781404755956125e-02,7.28668258455770351e-02,-1.13146300185773541e-05,1.18390272514243458e-01,1.18389578638420812e-01,-6.93875822646572438e-07,5.24686419017100003e-01,5.24663801967536148e-01,-2.26170495638555735e-05,1.14508125745516423e+02,1.14489591162335699e+02,-1.85345831807239847e-02,1.46675145385500472e-01,1.46650381634019000e-01,-2.47637514814713633e-05,5.30159958670462950e-01,5.30150621008939171e-01,-9.33766152377835112e-06,3.98213742989446569e-04,3.99667309631447198e-04,1.45356664200062919e-06,2.70553432197795374e-03,2.70553432197795374e-03,0.00000000000000000e+00,4.74246217406952830e+00,4.74246217406952830e+00,8.21191557180400378e-01,8.21191557180400378e-01,1.40321742140001788e+01,1,1,1,ok,radius labels permuted; distribution exactly preserved
25,6025,576,8.39999999999999969e-01,shape_descent,shape_channel,voro_radical,voro_radical_rebuilt,1,1,1.18432287126043201e-01,1.18438226499761948e-01,5.93937371874686537e-06,7.28781404755956125e-02,7.28781404755956125e-02,0.00000000000000000e+00,1.18390272514243458e-01,1.18417813354200402e-01,2.75408399569437856e-05,5.24686419017100003e-01,5.24686419017100003e-01,0.00000000000000000e+00,1.14508125745516423e+02,1.14508125745516423e+02,0.00000000000000000e+00,1.46675145385500472e-01,1.46675145385500472e-01,0.00000000000000000e+00,5.30159958670462950e-01,5.30159958670462950e-01,0.00000000000000000e+00,3.98213742989446569e-04,4.00628655249636492e-04,2.41491226018992295e-06,2.70553432197795374e-03,2.70553432197795374e-03,0.00000000000000000e+00,4.74246217406952830e+00,4.74246217406952830e+00,8.21191557180400378e-01,8.21191557180400378e-01,1.03045002420000174e+01,0,0,0,ok,stochastic coordinate shape descent
26,6026,576,8.39999999999999969e-01,bounded_ricci_du010,sum_channel,voro_radical,voro_radical_fixed_topology,1,1,1.21398033469937980e-01,1.15883871779976402e-01,-5.51416168996157752e-03,7.51854102030371785e-02,5.87192015377793197e-02,-1.64662086652578588e-02,1.17561560881749516e-01,1.16235000142159012e-01,-1.32656073959050436e-03,5.53506631912069724e-01,4.31593971579409097e-01,-1.21912660332660627e-01,1.31821626134800169e+02,9.13256987186504006e+01,-4.04959274161497689e+01,1.52149889056273219e-01,1.24589294137662995e-01,-2.75605949186102234e-02,5.91069959814978674e-01,4.81366622887208551e-01,-1.09703336927770123e-01,1.96360099642237497e-03,2.42712024091553319e-01,2.40748423095130948e-01,5.39316892035679452e-03,1.17707256093709578e-01,1.12314087173352783e-01,4.74246217406952830e+00,4.65863602480245653e+00,8.01778674705506789e-01,8.54677875855457625e-01,5.64558867000073406e-01,1,1,1,ok,relative_bounded_ricci
26,6026,576,8.39999999999999969e-01,box_shear_aspect,shape_channel,voro_radical,voro_radical_rebuilt,1,1,1.21398033469937980e-01,1.21398033469937980e-01,0.00000000000000000e+00,7.51854102030371785e-02,7.51854102030371785e-02,0.00000000000000000e+00,1.17561560881749516e-01,1.17561560881749516e-01,0.00000000000000000e+00,5.53506631912069724e-01,5.53506631912069724e-01,0.00000000000000000e+00,1.31821626134800169e+02,1.31821626134800169e+02,0.00000000000000000e+00,1.52149889056273219e-01,1.52149889056273219e-01,0.00000000000000000e+00,5.91069959814978674e-01,5.91069959814978674e-01,0.00000000000000000e+00,1.96360099642237497e-03,1.96360099642237497e-03,0.00000000000000000e+00,5.39316892035679452e-03,5.39316892035679452e-03,0.00000000000000000e+00,4.74246217406952830e+00,4.74246217406952830e+00,8.01778674705506789e-01,8.01778674705506789e-01,9.04660265399991204e+00,0,0,0,ok,aspect-only box strain; shear omitted for rectangular voro++ container
26,6026,576,8.39999999999999969e-01,compression_step,coupled,voro_radical,voro_radical_rebuilt,1,1,1.21398033469937980e-01,1.21459331102322668e-01,6.12976323846881055e-05,7.51854102030371785e-02,7.50471366251656419e-02,-1.38273577871536602e-04,1.17561560881749516e-01,1.17541600837931012e-01,-1.99600438185038032e-05,5.53506631912069724e-01,5.52284251802713011e-01,-1.22238010935671326e-03,1.31821626134800169e+02,1.31733308471037958e+02,-8.83176637622113958e-02,1.52149889056273219e-01,1.52106962861341538e-01,-4.29261949316805946e-05,5.91069959814978674e-01,5.90827200678001097e-01,-2.42759136977577228e-04,1.96360099642237497e-03,0.00000000000000000e+00,-1.96360099642237497e-03,5.39316892035679452e-03,0.00000000000000000e+00,-5.39316892035679452e-03,4.74246217406952830e+00,4.74246217406952830e+00,8.01778674705506789e-01,8.00398602013612348e-01,6.65480081499993048e+00,1,1,1,ok,local phi scan best endpoint
26,6026,576,8.39999999999999969e-01,free_ricci,sum_channel,voro_radical,voro_radical_fixed_topology,1,1,1.21398033469937980e-01,1.11663405218216411e-01,-9.73462825172156931e-03,7.51854102030371785e-02,8.60682660809263594e-12,-7.51854101944303549e-02,1.17561560881749516e-01,1.14664788721034611e-01,-2.89677216071490551e-03,5.53506631912069724e-01,5.57359962541157343e-11,-5.53506631856333753e-01,1.31821626134800169e+02,1.92583054801697668e-08,-1.31821626115541875e+02,1.52149889056273219e-01,2.57893665612695436e-10,-1.52149888798379540e-01,5.91069959814978674e-01,4.11221195205473681e-10,-5.91069959403757506e-01,1.96360099642237497e-03,1.01848647468654114e+01,1.01829011458689891e+01,5.39316892035679452e-03,5.67756447004155618e-01,5.62363278083798823e-01,4.74246217406952830e+00,5.35149543553522289e+00,8.01778674705506789e-01,9.19613331902806364e-01,6.27277362999961952e-01,1,1,1,ok,converged: max_abs_K < tol
26,6026,576,8.39999999999999969e-01,post_voro_surgery,topology,voro_radical,post_surgery_nonradical,1,1,1.21398033469937980e-01,1.40868263051644488e-01,1.94702295817065080e-02,7.51854102030371785e-02,6.64534265452345618e-02,-8.73198365780261665e-03,1.17561560881749516e-01,1.45585248594057526e-01,2.80236877123080097e-02,5.53506631912069724e-01,4.83547612804179905e-01,-6.99590191078898194e-02,1.31821626134800169e+02,9.57683423900218997e+01,-3.60532837447782697e+01,1.52149889056273219e-01,1.39788292098313199e-01,-1.23615969579600193e-02,5.91069959814978674e-01,4.57164361116334628e-01,-1.33905598698644046e-01,1.96360099642237497e-03,1.96360099642237497e-03,0.00000000000000000e+00,5.39316892035679452e-03,5.39316892035679452e-03,0.00000000000000000e+00,4.74246217406952830e+00,4.74246217406952830e+00,8.01778674705506789e-01,8.36168791270134104e-01,3.14918622840999888e+02,1,0,0,ok,light topology surgery; no longer radical
26,6026,576,8.39999999999999969e-01,radius_label_swap,sum_channel,voro_radical,voro_radical_rebuilt,1,1,1.21398033469937980e-01,1.21396073936384130e-01,-1.95953355384970163e-06,7.51854102030371785e-02,7.51813890405987340e-02,-4.02116243844452548e-06,1.17561560881749516e-01,1.17561858687456347e-01,2.97805706830911454e-07,5.53506631912069724e-01,5.53480951261875020e-01,-2.56806501947037802e-05,1.31821626134800169e+02,1.31819849098182544e+02,-1.77703661762507181e-03,1.52149889056273219e-01,1.52147304755866047e-01,-2.58430040717128051e-06,5.91069959814978674e-01,5.91069843892081948e-01,-1.15922896726239344e-07,1.96360099642237497e-03,1.97448314949285079e-03,1.08821530704758182e-05,5.39316892035679452e-03,5.39316892035679452e-03,0.00000000000000000e+00,4.74246217406952830e+00,4.74246217406952830e+00,8.01778674705506789e-01,8.01789085860217465e-01,1.22830333940000855e+01,1,0,0,ok,radius labels permuted; distribution exactly preserved
26,6026,576,8.39999999999999969e-01,shape_descent,shape_channel,voro_radical,voro_radical_rebuilt,1,1,1.21398033469937980e-01,1.21391566605293225e-01,-6.46686464475521028e-06,7.51854102030371785e-02,7.51854102030371785e-02,0.00000000000000000e+00,1.17561560881749516e-01,1.17557235444496380e-01,-4.32543725313594418e-06,5.53506631912069724e-01,5.53506631912069724e-01,0.00000000000000000e+00,1.31821626134800169e+02,1.31821626134800169e+02,0.00000000000000000e+00,1.52149889056273219e-01,1.52149889056273219e-01,0.00000000000000000e+00,5.91069959814978674e-01,5.91069959814978674e-01,0.00000000000000000e+00,1.96360099642237497e-03,2.02535995133409441e-03,6.17589549117194409e-05,5.39316892035679452e-03,5.39316892035679452e-03,0.00000000000000000e+00,4.74246217406952830e+00,4.74246217406952830e+00,8.01778674705506789e-01,8.01778674705506789e-01,1.14312161429999151e+01,0,1,0,ok,stochastic coordinate shape descent
27,6027,576,8.39999999999999969e-01,bounded_ricci_du010,sum_channel,voro_radical,voro_radical_fixed_topology,1,1,1.16207261873539358e-01,1.11409224150016889e-01,-4.79803772352246916e-03,6.88518159540715269e-02,5.12423362497995208e-02,-1.76094797042720061e-02,1.15873051082356626e-01,1.14458120758763160e-01,-1.41493032359346627e-03,5.04715995798707850e-01,3.73653969628673865e-01,-1.31062026170033985e-01,9.04276331000011879e+01,6.14006716196510212e+01,-2.90269614803501668e+01,1.35988056385118766e-01,1.06863821099288367e-01,-2.91242352858303993e-02,4.40871013529215872e-01,3.57639221079106562e-01,-8.32317924501093098e-02,4.35784851227432482e-05,2.84834773230705440e-01,2.84791194745582676e-01,9.32219351502450166e-04,1.33288385775243601e-01,1.32356166423741151e-01,4.74246217406952830e+00,4.73563978501243810e+00,8.33113812544965304e-01,8.82841037712393195e-01,6.25412255000014738e-01,1,1,1,ok,relative_bounded_ricci
27,6027,576,8.39999999999999969e-01,box_shear_aspect,shape_channel,voro_radical,voro_radical_rebuilt,1,1,1.16207261873539358e-01,1.16207261873539358e-01,0.00000000000000000e+00,6.88518159540715269e-02,6.88518159540715269e-02,0.00000000000000000e+00,1.15873051082356626e-01,1.15873051082356626e-01,0.00000000000000000e+00,5.04715995798707850e-01,5.04715995798707850e-01,0.00000000000000000e+00,9.04276331000011879e+01,9.04276331000011879e+01,0.00000000000000000e+00,1.35988056385118766e-01,1.35988056385118766e-01,0.00000000000000000e+00,4.40871013529215872e-01,4.40871013529215872e-01,0.00000000000000000e+00,4.35784851227432482e-05,4.35784851227432482e-05,0.00000000000000000e+00,9.32219351502450166e-04,9.32219351502450166e-04,0.00000000000000000e+00,4.74246217406952830e+00,4.74246217406952830e+00,8.33113812544965304e-01,8.33113812544965304e-01,8.58699235300002783e+00,0,0,0,ok,aspect-only box strain; shear omitted for rectangular voro++ container
27,6027,576,8.39999999999999969e-01,compression_step,coupled,voro_radical,voro_radical_rebuilt,1,1,1.16207261873539358e-01,1.16207261873539372e-01,1.38777878078144568e-17,6.88518159540715269e-02,6.88518159540715546e-02,2.77555756156289135e-17,1.15873051082356626e-01,1.15873051082356626e-01,0.00000000000000000e+00,5.04715995798707850e-01,5.04715995798707850e-01,0.00000000000000000e+00,9.04276331000011879e+01,9.04276331000011879e+01,0.00000000000000000e+00,1.35988056385118766e-01,1.35988056385118766e-01,0.00000000000000000e+00,4.40871013529215872e-01,4.40871013529215872e-01,0.00000000000000000e+00,4.35784851227432482e-05,0.00000000000000000e+00,-4.35784851227432482e-05,9.32219351502450166e-04,0.00000000000000000e+00,-9.32219351502450166e-04,4.74246217406952830e+00,4.74246217406952830e+00,8.33113812544965304e-01,8.33113812544965304e-01,7.13983262700003252e+00,0,0,0,ok,local phi scan best endpoint
27,6027,576,8.39999999999999969e-01,free_ricci,sum_channel,voro_radical,voro_radical_fixed_topology,1,1,1.16207261873539358e-01,1.09673892238770124e-01,-6.53336963476923438e-03,6.88518159540715269e-02,7.58479224215060703e-12,-6.88518159464867330e-02,1.15873051082356626e-01,1.12772245423041345e-01,-3.10080565931528107e-03,5.04715995798707850e-01,5.10914278917396275e-11,-5.04715995747616386e-01,9.04276331000011879e+01,1.79365240454382264e-08,-9.04276330820646592e+01,1.35988056385118766e-01,2.38726800823429478e-10,-1.35988056146391978e-01,4.40871013529215872e-01,4.56439472776112428e-10,-4.40871013072776374e-01,4.35784851227432482e-05,9.18875275719585716e+00,9.18870917871073445e+00,9.32219351502450166e-04,6.76524986459324129e-01,6.75592767107821679e-01,4.74246217406952830e+00,5.20110722138097437e+00,8.33113812544965304e-01,9.29094787187084492e-01,6.68983292999996593e-01,1,1,1,ok,converged: max_abs_K < tol
27,6027,576,8.39999999999999969e-01,post_voro_surgery,topology,voro_radical,post_surgery_nonradical,1,1,1.16207261873539358e-01,1.26533267441320846e-01,1.03260055677814877e-02,6.88518159540715269e-02,6.27530898886873162e-02,-6.09872606538421069e-03,1.15873051082356626e-01,1.31788965913282347e-01,1.59159148309257203e-02,5.04715995798707850e-01,4.55964562999256751e-01,-4.87514327994510999e-02,9.04276331000011879e+01,7.20908845987788851e+01,-1.83367485012223028e+01,1.35988056385118766e-01,1.26593931815883770e-01,-9.39412456923499617e-03,4.40871013529215872e-01,3.61076964988244375e-01,-7.97940485409714961e-02,4.35784851227432482e-05,4.35784851227432482e-05,0.00000000000000000e+00,9.32219351502450166e-04,9.32219351502450166e-04,0.00000000000000000e+00,4.74246217406952830e+00,4.74246217406952830e+00,8.33113812544965304e-01,8.59748258751722449e-01,3.13092272212000012e+02,1,0,0,ok,light topology surgery; no longer radical
27,6027,576,8.39999999999999969e-01,radius_label_swap,sum_channel,voro_radical,voro_radical_rebuilt,1,1,1.16207261873539358e-01,1.16207261873539358e-01,0.00000000000000000e+00,6.88518159540715269e-02,6.88518159540715269e-02,0.00000000000000000e+00,1.15873051082356626e-01,1.15873051082356626e-01,0.00000000000000000e+00,5.04715995798707850e-01,5.04715995798707850e-01,0.00000000000000000e+00,9.04276331000011879e+01,9.04276331000011879e+01,0.00000000000000000e+00,1.35988056385118766e-01,1.35988056385118766e-01,0.00000000000000000e+00,4.40871013529215872e-01,4.40871013529215872e-01,0.00000000000000000e+00,4.35784851227432482e-05,4.35784851227432482e-05,0.00000000000000000e+00,9.32219351502450166e-04,9.32219351502450166e-04,0.00000000000000000e+00,4.74246217406952830e+00,4.74246217406952830e+00,8.33113812544965304e-01,8.33113812544965304e-01,1.09024977249998756e+01,0,0,0,ok,radius labels permuted; distribution exactly preserved
27,6027,576,8.39999999999999969e-01,shape_descent,shape_channel,voro_radical,voro_radical_rebuilt,1,1,1.16207261873539358e-01,1.16206329041668402e-01,-9.32831870956163378e-07,6.88518159540715269e-02,6.88518159540715269e-02,0.00000000000000000e+00,1.15873051082356626e-01,1.15862066830610039e-01,-1.09842517465874590e-05,5.04715995798707850e-01,5.04715995798707850e-01,0.00000000000000000e+00,9.04276331000011879e+01,9.04276331000011879e+01,0.00000000000000000e+00,1.35988056385118766e-01,1.35988056385118766e-01,0.00000000000000000e+00,4.40871013529215872e-01,4.40871013529215872e-01,0.00000000000000000e+00,4.35784851227432482e-05,4.35783992238502284e-05,-8.58988930197345998e-11,9.32219351502450166e-04,9.32219351502450166e-04,0.00000000000000000e+00,4.74246217406952830e+00,4.74246217406952830e+00,8.33113812544965304e-01,8.33113812544965304e-01,1.14227172429999655e+01,0,1,0,ok,stochastic coordinate shape descent
28,6028,576,8.39999999999999969e-01,bounded_ricci_du010,sum_channel,voro_radical,voro_radical_fixed_topology,1,1,1.23971528878535214e-01,1.19992885411037906e-01,-3.97864346749730868e-03,7.81875049423711860e-02,6.48329644382706627e-02,-1.33545405041005233e-02,1.23192691983878541e-01,1.22145623393606906e-01,-1.04706859027163535e-03,5.57265728262146043e-01,4.61484988330370050e-01,-9.57807399317759933e-02,1.37236008824683154e+02,1.03418630778904458e+02,-3.38173780457786961e+01,1.50886565743455797e-01,1.29637434032764370e-01,-2.12491317106914268e-02,6.17471752506098981e-01,5.27742968319462546e-01,-8.97287841866364344e-02,6.45748652159753851e-04,1.33301925016265921e-01,1.32656176364106176e-01,4.08410060768060745e-03,7.38283698395010290e-02,6.97442692318204216e-02,4.74246217406952830e+00,4.87558599924554859e+00,8.07673660017670381e-01,8.48674691310039142e-01,3.31128618000093411e-01,1,1,1,ok,relative_bounded_ricci
28,6028,576,8.39999999999999969e-01,box_shear_aspect,shape_channel,voro_radical,voro_radical_rebuilt,1,1,1.23971528878535214e-01,1.23971528878535214e-01,0.00000000000000000e+00,7.81875049423711860e-02,7.81875049423711860e-02,0.00000000000000000e+00,1.23192691983878541e-01,1.23192691983878541e-01,0.00000000000000000e+00,5.57265728262146043e-01,5.57265728262146043e-01,0.00000000000000000e+00,1.37236008824683154e+02,1.37236008824683154e+02,0.00000000000000000e+00,1.50886565743455797e-01,1.50886565743455797e-01,0.00000000000000000e+00,6.17471752506098981e-01,6.17471752506098981e-01,0.00000000000000000e+00,6.45748652159753851e-04,6.45748652159753851e-04,0.00000000000000000e+00,4.08410060768060745e-03,4.08410060768060745e-03,0.00000000000000000e+00,4.74246217406952830e+00,4.74246217406952830e+00,8.07673660017670381e-01,8.07673660017670381e-01,8.62156094499994197e+00,0,0,0,ok,aspect-only box strain; shear omitted for rectangular voro++ container
28,6028,576,8.39999999999999969e-01,compression_step,coupled,voro_radical,voro_radical_rebuilt,1,1,1.23971528878535214e-01,1.23998480920900656e-01,2.69520423654412422e-05,7.81875049423711860e-02,7.82400229232542155e-02,5.25179808830295025e-05,1.23192691983878541e-01,1.23111119348051731e-01,-8.15726358268098473e-05,5.57265728262146043e-01,5.57562726878758075e-01,2.96998616612031974e-04,1.37236008824683154e+02,1.37774776272307264e+02,5.38767447624110218e-01,1.50886565743455797e-01,1.50706251123597784e-01,-1.80314619858013003e-04,6.17471752506098981e-01,6.20119165638206904e-01,2.64741313210792306e-03,6.45748652159753851e-04,0.00000000000000000e+00,-6.45748652159753851e-04,4.08410060768060745e-03,0.00000000000000000e+00,-4.08410060768060745e-03,4.74246217406952830e+00,4.74246217406952830e+00,8.07673660017670381e-01,8.07419437027019682e-01,7.13020812699994622e+00,0,1,0,ok,local phi scan best endpoint
28,6028,576,8.39999999999999969e-01,free_ricci,sum_channel,voro_radical,voro_radical_fixed_topology,1,1,1.23971528878535214e-01,1.15811976594851429e-01,-8.15955228368378527e-03,7.81875049423711860e-02,7.50294654448085999e-12,-7.81875049348682433e-02,1.23192691983878541e-01,1.19417102378110040e-01,-3.77558960576850067e-03,5.57265728262146043e-01,5.11754297369273584e-11,-5.57265728210970646e-01,1.37236008824683154e+02,1.85031683367232518e-08,-1.37236008806179996e+02,1.50886565743455797e-01,2.32899996884538624e-10,-1.50886565510555792e-01,6.17471752506098981e-01,4.47977350971021811e-10,-6.17471752058121659e-01,6.45748652159753851e-04,9.13577392954069545e+00,9.13512818088853606e+00,4.08410060768060745e-03,4.77222229897947825e-01,4.73138129290267218e-01,4.74246217406952830e+00,6.24969340725991973e+00,8.07673660017670381e-01,9.24120760400936381e-01,3.85553546999972241e-01,1,1,1,ok,converged: max_abs_K < tol
28,6028,576,8.39999999999999969e-01,post_voro_surgery,topology,voro_radical,post_surgery_nonradical,1,1,1.23971528878535214e-01,1.36022271499785019e-01,1.20507426212498048e-02,7.81875049423711860e-02,7.09069146468403882e-02,-7.28059029553079773e-03,1.23192691983878541e-01,1.41020867731051269e-01,1.78281757471727281e-02,5.57265728262146043e-01,4.99890847827700935e-01,-5.73748804344451080e-02,1.37236008824683154e+02,8.34017487730209979e+01,-5.38342600516621559e+01,1.50886565743455797e-01,1.40104574629515505e-01,-1.07819911139402924e-02,6.17471752506098981e-01,3.83158292077450724e-01,-2.34313460428648257e-01,6.45748652159753851e-04,6.45748652159753851e-04,0.00000000000000000e+00,4.08410060768060745e-03,4.08410060768060745e-03,0.00000000000000000e+00,4.74246217406952830e+00,4.74246217406952830e+00,8.07673660017670381e-01,8.29027702901910635e-01,3.08491155289999938e+02,1,0,0,ok,light topology surgery; no longer radical
28,6028,576,8.39999999999999969e-01,radius_label_swap,sum_channel,voro_radical,voro_radical_rebuilt,1,1,1.23971528878535214e-01,1.23970053906586150e-01,-1.47497194906420770e-06,7.81875049423711860e-02,7.81858482551175960e-02,-1.65668725359002789e-06,1.23192691983878541e-01,1.23192543435863458e-01,-1.48548015083127538e-07,5.57265728262146043e-01,5.57246237356060825e-01,-1.94909060852177518e-05,1.37236008824683154e+02,1.37234671639872829e+02,-1.33718481032474301e-03,1.50886565743455797e-01,1.50884578524247498e-01,-1.98721920829925125e-06,6.17471752506098981e-01,6.17471732824245390e-01,-1.96818535913578785e-08,6.45748652159753851e-04,6.44132569128750155e-04,-1.61608303100369607e-06,4.08410060768060745e-03,4.08410060768060745e-03,0.00000000000000000e+00,4.74246217406952830e+00,4.74246217406952830e+00,8.07673660017670381e-01,8.07678734791335451e-01,1.51529399630001080e+01,1,1,1,ok,radius labels permuted; distribution exactly preserved
28,6028,576,8.39999999999999969e-01,shape_descent,shape_channel,voro_radical,voro_radical_rebuilt,1,1,1.23971528878535214e-01,1.23967134595841896e-01,-4.39428269331798571e-06,7.81875049423711860e-02,7.81875049423711860e-02,0.00000000000000000e+00,1.23192691983878541e-01,1.23186364442389812e-01,-6.32754148872927136e-06,5.57265728262146043e-01,5.57265728262146043e-01,0.00000000000000000e+00,1.37236008824683154e+02,1.37236008824683154e+02,0.00000000000000000e+00,1.50886565743455797e-01,1.50886565743455797e-01,0.00000000000000000e+00,6.17471752506098981e-01,6.17471752506098981e-01,0.00000000000000000e+00,6.45748652159753851e-04,6.59340316860766587e-04,1.35916647010127364e-05,4.08410060768060745e-03,4.08410060768060745e-03,0.00000000000000000e+00,4.74246217406952830e+00,4.74246217406952830e+00,8.07673660017670381e-01,8.07673660017670381e-01,1.09920216859999300e+01,0,1,0,ok,stochastic coordinate shape descent
29,6029,576,8.39999999999999969e-01,bounded_ricci_du010,sum_channel,voro_radical,voro_radical_fixed_topology,1,1,1.17642192695627590e-01,1.14122108445320544e-01,-3.52008425030704564e-03,7.54994172555999710e-02,6.45951579859287139e-02,-1.09042592696712570e-02,1.14868215816733857e-01,1.13982869108081850e-01,-8.85346708652007264e-04,5.55396803006437012e-01,4.74499768625032681e-01,-8.08970343814043313e-02,1.55951256747332110e+02,1.19704610590181019e+02,-3.62466461571510905e+01,1.50060994119335905e-01,1.32140846570273612e-01,-1.79201475490622930e-02,6.90830955059433705e-01,5.93506322548449816e-01,-9.73246325109838883e-02,1.22759711312005887e-04,8.30049013529080421e-02,8.28821416415960327e-02,1.26497863248253850e-03,5.83950029211655064e-02,5.71300242886829679e-02,4.74246217406952830e+00,4.57264598730041882e+00,7.99670858962146625e-01,8.34369056594687297e-01,6.87237454000069192e-01,1,1,1,ok,relative_bounded_ricci
29,6029,576,8.39999999999999969e-01,box_shear_aspect,shape_channel,voro_radical,voro_radical_rebuilt,1,1,1.17642192695627590e-01,1.17642192695627590e-01,0.00000000000000000e+00,7.54994172555999710e-02,7.54994172555999710e-02,0.00000000000000000e+00,1.14868215816733857e-01,1.14868215816733857e-01,0.00000000000000000e+00,5.55396803006437012e-01,5.55396803006437012e-01,0.00000000000000000e+00,1.55951256747332110e+02,1.55951256747332110e+02,0.00000000000000000e+00,1.50060994119335905e-01,1.50060994119335905e-01,0.00000000000000000e+00,6.90830955059433705e-01,6.90830955059433705e-01,0.00000000000000000e+00,1.22759711312005887e-04,1.22759711312005887e-04,0.00000000000000000e+00,1.26497863248253850e-03,1.26497863248253850e-03,0.00000000000000000e+00,4.74246217406952830e+00,4.74246217406952830e+00,7.99670858962146625e-01,7.99670858962146625e-01,7.12212065099993197e+00,0,0,0,ok,aspect-only box strain; shear omitted for rectangular voro++ container
29,6029,576,8.39999999999999969e-01,compression_step,coupled,voro_radical,voro_radical_rebuilt,1,1,1.17642192695627590e-01,1.17734780432111483e-01,9.25877364838928463e-05,7.54994172555999710e-02,7.64164473200148880e-02,9.17030064414917079e-04,1.14868215816733857e-01,1.14857172653332409e-01,-1.10431634014473978e-05,5.55396803006437012e-01,5.61545106144150208e-01,6.14830313771319581e-03,1.55951256747332110e+02,1.56698418465131567e+02,7.47161717799457392e-01,1.50060994119335905e-01,1.51069484426103545e-01,1.00849030676763984e-03,6.90830955059433705e-01,6.91082204845277936e-01,2.51249785844231965e-04,1.22759711312005887e-04,0.00000000000000000e+00,-1.22759711312005887e-04,1.26497863248253850e-03,0.00000000000000000e+00,-1.26497863248253850e-03,4.74246217406952830e+00,4.74246217406952830e+00,7.99670858962146625e-01,7.96379537223014800e-01,6.22937079700000140e+00,0,1,0,ok,local phi scan best endpoint
29,6029,576,8.39999999999999969e-01,free_ricci,sum_channel,voro_radical,voro_radical_fixed_topology,1,1,1.17642192695627590e-01,1.08066968688421000e-01,-9.57522400720658973e-03,7.54994172555999710e-02,8.08709923444737811e-12,-7.54994172475128705e-02,1.14868215816733857e-01,1.11106796113822820e-01,-3.76141970291103689e-03,5.55396803006437012e-01,5.37604790623143030e-11,-5.55396802952676572e-01,1.55951256747332110e+02,1.92712127210391380e-08,-1.55951256728060883e+02,1.50060994119335905e-01,2.47029957640683199e-10,-1.50060993872305953e-01,6.90830955059433705e-01,4.51613636330518480e-10,-6.90830954607820069e-01,1.22759711312005887e-04,9.86635838108426455e+00,9.86623562137295274e+00,1.26497863248253850e-03,7.16160091673896604e-01,7.14895113041414065e-01,4.74246217406952830e+00,4.87273858437565099e+00,7.99670858962146625e-01,9.13607245640027932e-01,6.61004585999990013e-01,1,1,1,ok,converged: max_abs_K < tol
29,6029,576,8.39999999999999969e-01,post_voro_surgery,topology,voro_radical,post_surgery_nonradical,1,1,1.17642192695627590e-01,1.35615890673807304e-01,1.79736979781797146e-02,7.54994172555999710e-02,6.75939739911351478e-02,-7.90544326446482315e-03,1.14868215816733857e-01,1.41224695761716035e-01,2.63564799449821779e-02,5.55396803006437012e-01,4.86334920405118054e-01,-6.90618826013189580e-02,1.55951256747332110e+02,9.76404898120816540e+01,-5.83107669352504558e+01,1.50060994119335905e-01,1.40964656661348081e-01,-9.09633745798782423e-03,6.90830955059433705e-01,4.63619297286514354e-01,-2.27211657772919351e-01,1.22759711312005887e-04,1.22759711312005887e-04,0.00000000000000000e+00,1.26497863248253850e-03,1.26497863248253850e-03,0.00000000000000000e+00,4.74246217406952830e+00,4.74246217406952830e+00,7.99670858962146625e-01,8.34660552278951529e-01,3.24114982247000057e+02,1,0,0,ok,light topology surgery; no longer radical
29,6029,576,8.39999999999999969e-01,radius_label_swap,sum_channel,voro_radical,voro_radical_rebuilt,1,1,1.17642192695627590e-01,1.17642815785678742e-01,6.23090051152241919e-07,7.54994172555999710e-02,7.55012733201972930e-02,1.85606459732201579e-06,1.14868215816733857e-01,1.14867985033935582e-01,-2.30782798274487000e-07,5.55396803006437012e-01,5.55404203207927827e-01,7.40020149081477285e-06,1.55951256747332110e+02,1.55950405960651580e+02,-8.50786680530291051e-04,1.50060994119335905e-01,1.50062020548035857e-01,1.02642869995173136e-06,6.90830955059433705e-01,6.90825462219418984e-01,-5.49284001472027938e-06,1.22759711312005887e-04,1.23271403128504177e-04,5.11691816498289652e-07,1.26497863248253850e-03,1.26497863248253850e-03,0.00000000000000000e+00,4.74246217406952830e+00,4.74246217406952830e+00,7.99670858962146625e-01,7.99665943310086558e-01,1.08919080410000788e+01,0,1,0,ok,radius labels permuted; distribution exactly preserved
29,6029,576,8.39999999999999969e-01,shape_descent,shape_channel,voro_radical,voro_radical_rebuilt,1,1,1.17642192695627590e-01,1.17639652402778794e-01,-2.54029284879608852e-06,7.54994172555999710e-02,7.54994172555999710e-02,0.00000000000000000e+00,1.14868215816733857e-01,1.14848161790380987e-01,-2.00540263528697915e-05,5.55396803006437012e-01,5.55396803006437012e-01,0.00000000000000000e+00,1.55951256747332110e+02,1.55951256747332110e+02,0.00000000000000000e+00,1.50060994119335905e-01,1.50060994119335905e-01,0.00000000000000000e+00,6.90830955059433705e-01,6.90830955059433705e-01,0.00000000000000000e+00,1.22759711312005887e-04,1.22770304765707644e-04,1.05934537017568671e-08,1.26497863248253850e-03,1.26497863248253850e-03,0.00000000000000000e+00,4.74246217406952830e+00,4.74246217406952830e+00,7.99670858962146625e-01,7.99670858962146625e-01,8.69795300800001314e+00,0,1,0,ok,stochastic coordinate shape descent
30,6030,576,8.39999999999999969e-01,bounded_ricci_du010,sum_channel,voro_radical,voro_radical_fixed_topology,1,1,1.22381012750318610e-01,1.17393709529118220e-01,-4.98730322120038982e-03,7.69780931672866681e-02,5.82254783084220490e-02,-1.87526148588646191e-02,1.22913776121126334e-01,1.21318566502385983e-01,-1.59520961874035083e-03,5.55516490361139259e-01,4.18031436907942200e-01,-1.37485053453197059e-01,1.15682152473554311e+02,7.79297919240975716e+01,-3.77523605494567391e+01,1.52533758313056572e-01,1.21873362470812943e-01,-3.06603958422436290e-02,5.17008014345780031e-01,4.14882961945510498e-01,-1.02125052400269534e-01,2.82488849168025143e-03,3.31435792052028444e-01,3.28610903560348167e-01,6.63326828128774082e-03,1.12093937145294031e-01,1.05460668864006291e-01,4.74246217406952830e+00,4.79426865876269925e+00,8.00767088809980709e-01,8.59394091104369928e-01,6.20252740999944763e-01,1,1,1,ok,relative_bounded_ricci
30,6030,576,8.39999999999999969e-01,box_shear_aspect,shape_channel,voro_radical,voro_radical_rebuilt,1,1,1.22381012750318610e-01,1.22381012750318610e-01,0.00000000000000000e+00,7.69780931672866681e-02,7.69780931672866681e-02,0.00000000000000000e+00,1.22913776121126334e-01,1.22913776121126334e-01,0.00000000000000000e+00,5.55516490361139259e-01,5.55516490361139259e-01,0.00000000000000000e+00,1.15682152473554311e+02,1.15682152473554311e+02,0.00000000000000000e+00,1.52533758313056572e-01,1.52533758313056572e-01,0.00000000000000000e+00,5.17008014345780031e-01,5.17008014345780031e-01,0.00000000000000000e+00,2.82488849168025143e-03,2.82488849168025143e-03,0.00000000000000000e+00,6.63326828128774082e-03,6.63326828128774082e-03,0.00000000000000000e+00,4.74246217406952830e+00,4.74246217406952830e+00,8.00767088809980709e-01,8.00767088809980709e-01,9.98005529900001420e+00,0,0,0,ok,aspect-only box strain; shear omitted for rectangular voro++ container
30,6030,576,8.39999999999999969e-01,compression_step,coupled,voro_radical,voro_radical_rebuilt,1,1,1.22381012750318610e-01,1.22381012750318499e-01,-1.11022302462515654e-16,7.69780931672866681e-02,7.69780931672867097e-02,4.16333634234433703e-17,1.22913776121126334e-01,1.22913776121126403e-01,6.93889390390722838e-17,5.55516490361139259e-01,5.55516490361139259e-01,0.00000000000000000e+00,1.15682152473554311e+02,1.15682152473554311e+02,0.00000000000000000e+00,1.52533758313056572e-01,1.52533758313056572e-01,0.00000000000000000e+00,5.17008014345780031e-01,5.17008014345780031e-01,0.00000000000000000e+00,2.82488849168025143e-03,0.00000000000000000e+00,-2.82488849168025143e-03,6.63326828128774082e-03,0.00000000000000000e+00,-6.63326828128774082e-03,4.74246217406952830e+00,4.74246217406952830e+00,8.00767088809980709e-01,8.00767088809980709e-01,6.46019812300005469e+00,0,0,0,ok,local phi scan best endpoint
30,6030,576,8.39999999999999969e-01,free_ricci,sum_channel,voro_radical,voro_radical_fixed_topology,1,1,1.22381012750318610e-01,1.15538819606542040e-01,-6.84219314377657040e-03,7.69780931672866681e-02,8.11183337151098056e-12,-7.69780931591748374e-02,1.22913776121126334e-01,1.18400719450730538e-01,-4.51305667039579583e-03,5.55516490361139259e-01,5.40110024837588028e-11,-5.55516490307128241e-01,1.15682152473554311e+02,1.90476867383173062e-08,-1.15682152454506621e+02,1.52533758313056572e-01,2.50776010926949964e-10,-1.52533758062280561e-01,5.17008014345780031e-01,4.59412822894725138e-10,-5.17008013886367190e-01,2.82488849168025143e-03,1.07780366421974509e+01,1.07752117537057703e+01,6.63326828128774082e-03,6.24414915112309288e-01,6.17781646831021547e-01,4.74246217406952830e+00,7.22417830048047449e+00,8.00767088809980709e-01,9.16920283458206087e-01,5.18031767000024956e-01,1,1,1,ok,converged: max_abs_K < tol
30,6030,576,8.39999999999999969e-01,post_voro_surgery,topology,voro_radical,post_surgery_nonradical,1,1,1.22381012750318610e-01,1.37297387663297826e-01,1.49163749129792161e-02,7.69780931672866681e-02,6.69359083505932095e-02,-1.00421848166934585e-02,1.22913776121126334e-01,1.43954266740155157e-01,2.10404906190288232e-02,5.55516490361139259e-01,4.85273603486718053e-01,-7.02428868744212065e-02,1.15682152473554311e+02,8.37174543891840131e+01,-3.19646980843702977e+01,1.52533758313056572e-01,1.36130885569116039e-01,-1.64028727439405331e-02,5.17008014345780031e-01,4.00656358263446255e-01,-1.16351656082333776e-01,2.82488849168025143e-03,2.82488849168025143e-03,0.00000000000000000e+00,6.63326828128774082e-03,6.63326828128774082e-03,0.00000000000000000e+00,4.74246217406952830e+00,4.74246217406952830e+00,8.00767088809980709e-01,8.32584760436785531e-01,3.20336375395999994e+02,1,0,0,ok,light topology surgery; no longer radical
30,6030,576,8.39999999999999969e-01,radius_label_swap,sum_channel,voro_radical,voro_radical_rebuilt,1,1,1.22381012750318610e-01,1.22379699878286299e-01,-1.31287203231078564e-06,7.69780931672866681e-02,7.69759651369169018e-02,-2.12803036976627613e-06,1.22913776121126334e-01,1.22912931779472656e-01,-8.44341653677416204e-07,5.55516490361139259e-01,5.55510789251378090e-01,-5.70110976116922075e-06,1.15682152473554311e+02,1.15674723486182586e+02,-7.42898737172481560e-03,1.52533758313056572e-01,1.52522386190976494e-01,-1.13721220800777623e-05,5.17008014345780031e-01,5.17009427465285887e-01,1.41311950585532031e-06,2.82488849168025143e-03,2.84503099966217955e-03,2.01425079819281261e-05,6.63326828128774082e-03,6.63326828128774082e-03,0.00000000000000000e+00,4.74246217406952830e+00,4.74246217406952830e+00,8.00767088809980709e-01,8.00776467236519185e-01,9.39338897799984807e+00,1,1,1,ok,radius labels permuted; distribution exactly preserved
30,6030,576,8.39999999999999969e-01,shape_descent,shape_channel,voro_radical,voro_radical_rebuilt,1,1,1.22381012750318610e-01,1.22364655890020116e-01,-1.63568602984942579e-05,7.69780931672866681e-02,7.69780931672866681e-02,0.00000000000000000e+00,1.22913776121126334e-01,1.22844725620709028e-01,-6.90505004173058712e-05,5.55516490361139259e-01,5.55516490361139259e-01,0.00000000000000000e+00,1.15682152473554311e+02,1.15682152473554311e+02,0.00000000000000000e+00,1.52533758313056572e-01,1.52533758313056572e-01,0.00000000000000000e+00,5.17008014345780031e-01,5.17008014345780031e-01,0.00000000000000000e+00,2.82488849168025143e-03,2.91309908318625015e-03,8.82105915059987200e-05,6.63326828128774082e-03,6.63326828128774082e-03,0.00000000000000000e+00,4.74246217406952830e+00,4.74246217406952830e+00,8.00767088809980709e-01,8.00767088809980709e-01,1.19280461719999948e+01,0,1,0,ok,stochastic coordinate shape descent
31,6031,576,8.39999999999999969e-01,bounded_ricci_du010,sum_channel,voro_radical,voro_radical_fixed_topology,1,1,1.21132903620204804e-01,1.16649461919422326e-01,-4.48344170078247839e-03,7.62030670569368990e-02,5.84466241618341806e-02,-1.77564428951027184e-02,1.20640146829886330e-01,1.19154509694339952e-01,-1.48563713554637766e-03,5.50120722141865026e-01,4.20134405847248149e-01,-1.29986316294616877e-01,1.02861771778718989e+02,6.96923296298001276e+01,-3.31694421489188613e+01,1.49525814470452045e-01,1.20754715502042864e-01,-2.87710989684091811e-02,4.62083698772275453e-01,3.66297921133784288e-01,-9.57857776384911652e-02,2.17430198730063752e-03,2.72126051263184787e-01,2.69951749275884167e-01,6.93188255398458075e-03,1.18869736076791632e-01,1.11937853522807051e-01,4.74246217406952830e+00,4.65218517909825202e+00,8.15298332652117153e-01,8.68052488820898027e-01,5.25780075999932706e-01,1,1,1,ok,relative_bounded_ricci
31,6031,576,8.39999999999999969e-01,box_shear_aspect,shape_channel,voro_radical,voro_radical_rebuilt,1,1,1.21132903620204804e-01,1.21132903620204804e-01,0.00000000000000000e+00,7.62030670569368990e-02,7.62030670569368990e-02,0.00000000000000000e+00,1.20640146829886330e-01,1.20640146829886330e-01,0.00000000000000000e+00,5.50120722141865026e-01,5.50120722141865026e-01,0.00000000000000000e+00,1.02861771778718989e+02,1.02861771778718989e+02,0.00000000000000000e+00,1.49525814470452045e-01,1.49525814470452045e-01,0.00000000000000000e+00,4.62083698772275453e-01,4.62083698772275453e-01,0.00000000000000000e+00,2.17430198730063752e-03,2.17430198730063752e-03,0.00000000000000000e+00,6.93188255398458075e-03,6.93188255398458075e-03,0.00000000000000000e+00,4.74246217406952830e+00,4.74246217406952830e+00,8.15298332652117153e-01,8.15298332652117153e-01,6.82761562600001071e+00,0,0,0,ok,aspect-only box strain; shear omitted for rectangular voro++ container
31,6031,576,8.39999999999999969e-01,compression_step,coupled,voro_radical,voro_radical_rebuilt,1,1,1.21132903620204804e-01,1.21258022948933772e-01,1.25119328728967583e-04,7.62030670569368990e-02,7.57357750631283688e-02,-4.67291993808530148e-04,1.20640146829886330e-01,1.20771970957189667e-01,1.31824127303337146e-04,5.50120722141865026e-01,5.46440027432877118e-01,-3.68069470898790829e-03,1.02861771778718989e+02,1.02722524010509119e+02,-1.39247768209870060e-01,1.49525814470452045e-01,1.49292774493929609e-01,-2.33039976522436687e-04,4.62083698772275453e-01,4.62114277853716171e-01,3.05790814407180811e-05,2.17430198730063752e-03,0.00000000000000000e+00,-2.17430198730063752e-03,6.93188255398458075e-03,0.00000000000000000e+00,-6.93188255398458075e-03,4.74246217406952830e+00,4.74246217406952830e+00,8.15298332652117153e-01,8.16091104951795487e-01,7.24721299399993768e+00,1,0,0,ok,local phi scan best endpoint
31,6031,576,8.39999999999999969e-01,free_ricci,sum_channel,voro_radical,voro_radical_fixed_topology,1,1,1.21132903620204804e-01,1.13968811892662572e-01,-7.16409172754223222e-03,7.62030670569368990e-02,7.25014826980980271e-12,-7.62030670496867540e-02,1.20640146829886330e-01,1.16424261131852960e-01,-4.21588569803336977e-03,5.50120722141865026e-01,5.08516059231463784e-11,-5.50120722091013370e-01,1.02861771778718989e+02,1.84851233617229378e-08,-1.02861771760233864e+02,1.49525814470452045e-01,2.32936573269134306e-10,-1.49525814237515459e-01,4.62083698772275453e-01,4.55272961042058430e-10,-4.62083698317002467e-01,2.17430198730063752e-03,9.95918864565971873e+00,9.95701434367241767e+00,6.93188255398458075e-03,6.49610008880196377e-01,6.42678126326211796e-01,4.74246217406952830e+00,5.28285539852855734e+00,8.15298332652117153e-01,9.19875521170992250e-01,4.94472284000039508e-01,1,1,1,ok,converged: max_abs_K < tol
31,6031,576,8.39999999999999969e-01,post_voro_surgery,topology,voro_radical,post_surgery_nonradical,1,1,1.21132903620204804e-01,1.32153212129207276e-01,1.10203085090024716e-02,7.62030670569368990e-02,6.67133679697493043e-02,-9.48969908718759469e-03,1.20640146829886330e-01,1.35766825875129032e-01,1.51266790452427025e-02,5.50120722141865026e-01,4.75238635054421821e-01,-7.48820870874432054e-02,1.02861771778718989e+02,8.41848830835018589e+01,-1.86768886952171300e+01,1.49525814470452045e-01,1.36737041341325610e-01,-1.27887731291264350e-02,4.62083698772275453e-01,4.00805552738395465e-01,-6.12781460338799877e-02,2.17430198730063752e-03,2.17430198730063752e-03,0.00000000000000000e+00,6.93188255398458075e-03,6.93188255398458075e-03,0.00000000000000000e+00,4.74246217406952830e+00,4.74246217406952830e+00,8.15298332652117153e-01,8.44470225682856013e-01,3.12005377306000014e+02,1,0,0,ok,light topology surgery; no longer radical
31,6031,576,8.39999999999999969e-01,radius_label_swap,sum_channel,voro_radical,voro_radical_rebuilt,1,1,1.21132903620204804e-01,1.21132903620204804e-01,0.00000000000000000e+00,7.62030670569368990e-02,7.62030670569368990e-02,0.00000000000000000e+00,1.20640146829886330e-01,1.20640146829886330e-01,0.00000000000000000e+00,5.50120722141865026e-01,5.50120722141865026e-01,0.00000000000000000e+00,1.02861771778718989e+02,1.02861771778718989e+02,0.00000000000000000e+00,1.49525814470452045e-01,1.49525814470452045e-01,0.00000000000000000e+00,4.62083698772275453e-01,4.62083698772275453e-01,0.00000000000000000e+00,2.17430198730063752e-03,2.17430198730063752e-03,0.00000000000000000e+00,6.93188255398458075e-03,6.93188255398458075e-03,0.00000000000000000e+00,4.74246217406952830e+00,4.74246217406952830e+00,8.15298332652117153e-01,8.15298332652117153e-01,1.25263476930001616e+01,0,0,0,ok,radius labels permuted; distribution exactly preserved
31,6031,576,8.39999999999999969e-01,shape_descent,shape_channel,voro_radical,voro_radical_rebuilt,1,1,1.21132903620204804e-01,1.21146703720576024e-01,1.38001003712195924e-05,7.62030670569368990e-02,7.62030670569368990e-02,0.00000000000000000e+00,1.20640146829886330e-01,1.20652743438073917e-01,1.25966081875872327e-05,5.50120722141865026e-01,5.50120722141865026e-01,0.00000000000000000e+00,1.02861771778718989e+02,1.02861771778718989e+02,0.00000000000000000e+00,1.49525814470452045e-01,1.49525814470452045e-01,0.00000000000000000e+00,4.62083698772275453e-01,4.62083698772275453e-01,0.00000000000000000e+00,2.17430198730063752e-03,2.23468337068333332e-03,6.03813833826957920e-05,6.93188255398458075e-03,6.93188255398458075e-03,0.00000000000000000e+00,4.74246217406952830e+00,4.74246217406952830e+00,8.15298332652117153e-01,8.15298332652117153e-01,9.39953401999991911e+00,0,0,0,ok,stochastic coordinate shape descent
32,6032,576,8.39999999999999969e-01,bounded_ricci_du010,sum_channel,voro_radical,voro_radical_fixed_topology,1,1,1.21585173708711025e-01,1.16142074986780378e-01,-5.44309872193064759e-03,7.50994515599583412e-02,5.78768026817677722e-02,-1.72226488781905690e-02,1.19190513430778716e-01,1.17770314056743999e-01,-1.42019937403471685e-03,5.41540429914700305e-01,4.15714142689059485e-01,-1.25826287225640820e-01,1.25097211863668321e+02,8.56855928267044504e+01,-3.94116190369638701e+01,1.47882966939201471e-01,1.19831858026571605e-01,-2.80511089126298657e-02,5.74398066515964367e-01,4.65171018520708468e-01,-1.09227047995255899e-01,3.42922147178485954e-03,2.75592817630677167e-01,2.72163596158892296e-01,8.08243832813282381e-03,1.11735560628185127e-01,1.03653122300052303e-01,4.74246217406952830e+00,4.74452593473787854e+00,8.21035904682996809e-01,8.72815341486073759e-01,8.20109810999952060e-01,1,1,1,ok,relative_bounded_ricci
32,6032,576,8.39999999999999969e-01,box_shear_aspect,shape_channel,voro_radical,voro_radical_rebuilt,1,1,1.21585173708711025e-01,1.21585173708711025e-01,0.00000000000000000e+00,7.50994515599583412e-02,7.50994515599583412e-02,0.00000000000000000e+00,1.19190513430778716e-01,1.19190513430778716e-01,0.00000000000000000e+00,5.41540429914700305e-01,5.41540429914700305e-01,0.00000000000000000e+00,1.25097211863668321e+02,1.25097211863668321e+02,0.00000000000000000e+00,1.47882966939201471e-01,1.47882966939201471e-01,0.00000000000000000e+00,5.74398066515964367e-01,5.74398066515964367e-01,0.00000000000000000e+00,3.42922147178485954e-03,3.42922147178485954e-03,0.00000000000000000e+00,8.08243832813282381e-03,8.08243832813282381e-03,0.00000000000000000e+00,4.74246217406952830e+00,4.74246217406952830e+00,8.21035904682996809e-01,8.21035904682996809e-01,8.00779798200005644e+00,0,0,0,ok,aspect-only box strain; shear omitted for rectangular voro++ container
32,6032,576,8.39999999999999969e-01,compression_step,coupled,voro_radical,voro_radical_rebuilt,1,1,1.21585173708711025e-01,1.21592422422029306e-01,7.24871331828080834e-06,7.50994515599583412e-02,7.50988818798249275e-02,-5.69680133413741352e-07,1.19190513430778716e-01,1.19143320873491845e-01,-4.71925572868708842e-05,5.41540429914700305e-01,5.41336841466807828e-01,-2.03588447892477653e-04,1.25097211863668321e+02,1.25272174903473285e+02,1.74963039804964637e-01,1.47882966939201471e-01,1.47978585588747574e-01,9.56186495461031072e-05,5.74398066515964367e-01,5.74849856512147372e-01,4.51789996183005194e-04,3.42922147178485954e-03,0.00000000000000000e+00,-3.42922147178485954e-03,8.08243832813282381e-03,0.00000000000000000e+00,-8.08243832813282381e-03,4.74246217406952830e+00,4.74246217406952830e+00,8.21035904682996809e-01,8.21270318712884140e-01,6.39455572800000027e+00,1,1,1,ok,local phi scan best endpoint
32,6032,576,8.39999999999999969e-01,free_ricci,sum_channel,voro_radical,voro_radical_fixed_topology,1,1,1.21585173708711025e-01,1.12280199970196268e-01,-9.30497373851475740e-03,7.50994515599583412e-02,5.88824899149354348e-12,-7.50994515540700930e-02,1.19190513430778716e-01,1.15480967733149642e-01,-3.70954569762907416e-03,5.41540429914700305e-01,4.23271658496815045e-11,-5.41540429872373164e-01,1.25097211863668321e+02,1.54457983347380636e-08,-1.25097211848222528e+02,1.47882966939201471e-01,1.94572326778162554e-10,-1.47882966744629141e-01,5.74398066515964367e-01,4.06006449453367911e-10,-5.74398066109957917e-01,3.42922147178485954e-03,1.00841055721582844e+01,1.00806763506864989e+01,8.08243832813282381e-03,6.13748034603014858e-01,6.05665596274882034e-01,4.74246217406952830e+00,5.46233836557229324e+00,8.21035904682996809e-01,9.25482756157567255e-01,1.03284768999992593e+00,1,1,1,ok,converged: max_abs_K < tol
32,6032,576,8.39999999999999969e-01,post_voro_surgery,topology,voro_radical,post_surgery_nonradical,1,1,1.21585173708711025e-01,1.35307934191610274e-01,1.37227604828992489e-02,7.50994515599583412e-02,6.36858080486132488e-02,-1.14136435113450924e-02,1.19190513430778716e-01,1.40041409928820110e-01,2.08508964980413936e-02,5.41540429914700305e-01,4.53239455647172163e-01,-8.83009742675281428e-02,1.25097211863668321e+02,7.64103613286720247e+01,-4.86868505349962959e+01,1.47882966939201471e-01,1.32893125581471344e-01,-1.49898413577301270e-02,5.74398066515964367e-01,3.65104690140567956e-01,-2.09293376375396412e-01,3.42922147178485954e-03,3.42922147178485954e-03,0.00000000000000000e+00,8.08243832813282381e-03,8.08243832813282381e-03,0.00000000000000000e+00,4.74246217406952830e+00,4.74246217406952830e+00,8.21035904682996809e-01,8.57914218133187689e-01,2.98695166564000033e+02,1,0,0,ok,light topology surgery; no longer radical
32,6032,576,8.39999999999999969e-01,radius_label_swap,sum_channel,voro_radical,voro_radical_rebuilt,1,1,1.21585173708711025e-01,1.21583688073925195e-01,-1.48563478583052522e-06,7.50994515599583412e-02,7.50950192821594059e-02,-4.43227779893529128e-06,1.19190513430778716e-01,1.19190082535223868e-01,-4.30895554848209628e-07,5.41540429914700305e-01,5.41529399006877354e-01,-1.10309078229509083e-05,1.25097211863668321e+02,1.25095580242488793e+02,-1.63162117952708741e-03,1.47882966939201471e-01,1.47879255600771004e-01,-3.71133843046766998e-06,5.74398066515964367e-01,5.74401627196415077e-01,3.56068045070934147e-06,3.42922147178485954e-03,3.42139726151398718e-03,-7.82421027087235391e-06,8.08243832813282381e-03,8.08243832813282381e-03,0.00000000000000000e+00,4.74246217406952830e+00,4.74246217406952830e+00,8.21035904682996809e-01,8.21049586391879194e-01,1.33234591530001580e+01,1,1,1,ok,radius labels permuted; distribution exactly preserved
32,6032,576,8.39999999999999969e-01,shape_descent,shape_channel,voro_radical,voro_radical_rebuilt,1,1,1.21585173708711025e-01,1.21581373430848336e-01,-3.80027786268943846e-06,7.50994515599583412e-02,7.50994515599583412e-02,0.00000000000000000e+00,1.19190513430778716e-01,1.19173304017142295e-01,-1.72094136364209227e-05,5.41540429914700305e-01,5.41540429914700305e-01,0.00000000000000000e+00,1.25097211863668321e+02,1.25097211863668321e+02,0.00000000000000000e+00,1.47882966939201471e-01,1.47882966939201471e-01,0.00000000000000000e+00,5.74398066515964367e-01,5.74398066515964367e-01,0.00000000000000000e+00,3.42922147178485954e-03,3.62355776747252598e-03,1.94336295687666440e-04,8.08243832813282381e-03,8.08243832813282381e-03,0.00000000000000000e+00,4.74246217406952830e+00,4.74246217406952830e+00,8.21035904682996809e-01,8.21035904682996809e-01,9.75415440699998726e+00,0,1,0,ok,stochastic coordinate shape descent
33,6033,576,8.39999999999999969e-01,bounded_ricci_du010,sum_channel,voro_radical,voro_radical_fixed_topology,1,1,1.21250024844981236e-01,1.16964909660347130e-01,-4.28511518463410568e-03,6.93864728627099636e-02,5.24125101389600889e-02,-1.69739627237498747e-02,1.21136339940300583e-01,1.19853393930409322e-01,-1.28294600989126151e-03,5.00003282452911479e-01,3.77031029246180760e-01,-1.22972253206730719e-01,1.05425768669128189e+02,7.41303998753016913e+01,-3.12953687938264977e+01,1.40463129064904574e-01,1.12824378450606944e-01,-2.76387506142976302e-02,5.05547145552146748e-01,4.20700216213102496e-01,-8.48469293390442525e-02,8.20287800110972866e-04,2.96005208125116936e-01,2.95184920325005984e-01,4.27456614493926246e-03,1.29116071349511863e-01,1.24841505204572600e-01,4.74246217406952830e+00,4.64182223600269772e+00,8.11607893843225514e-01,8.61161410764888613e-01,9.92243449999932636e-01,1,1,1,ok,relative_bounded_ricci
33,6033,576,8.39999999999999969e-01,box_shear_aspect,shape_channel,voro_radical,voro_radical_rebuilt,1,1,1.21250024844981236e-01,1.21250024844981236e-01,0.00000000000000000e+00,6.93864728627099636e-02,6.93864728627099636e-02,0.00000000000000000e+00,1.21136339940300583e-01,1.21136339940300583e-01,0.00000000000000000e+00,5.00003282452911479e-01,5.00003282452911479e-01,0.00000000000000000e+00,1.05425768669128189e+02,1.05425768669128189e+02,0.00000000000000000e+00,1.40463129064904574e-01,1.40463129064904574e-01,0.00000000000000000e+00,5.05547145552146748e-01,5.05547145552146748e-01,0.00000000000000000e+00,8.20287800110972866e-04,8.20287800110972866e-04,0.00000000000000000e+00,4.27456614493926246e-03,4.27456614493926246e-03,0.00000000000000000e+00,4.74246217406952830e+00,4.74246217406952830e+00,8.11607893843225514e-01,8.11607893843225514e-01,9.58517589099994893e+00,0,0,0,ok,aspect-only box strain; shear omitted for rectangular voro++ container
33,6033,576,8.39999999999999969e-01,compression_step,coupled,voro_radical,voro_radical_rebuilt,1,1,1.21250024844981236e-01,1.21431102122730006e-01,1.81077277748770138e-04,6.93864728627099636e-02,7.00686736569227642e-02,6.82200794212800554e-04,1.21136339940300583e-01,1.21060374955232170e-01,-7.59649850684135375e-05,5.00003282452911479e-01,5.10410698034578170e-01,1.04074155816666902e-02,1.05425768669128189e+02,9.72653915325278433e+01,-8.16037713660034569e+00,1.40463129064904574e-01,1.41774460347986381e-01,1.31133128308180691e-03,5.05547145552146748e-01,4.58970160613169142e-01,-4.65769849389776058e-02,8.20287800110972866e-04,0.00000000000000000e+00,-8.20287800110972866e-04,4.27456614493926246e-03,0.00000000000000000e+00,-4.27456614493926246e-03,4.74246217406952830e+00,4.74246217406952830e+00,8.11607893843225514e-01,8.05513410004822350e-01,5.49222679100000732e+00,0,1,0,ok,local phi scan best endpoint
33,6033,576,8.39999999999999969e-01,free_ricci,sum_channel,voro_radical,voro_radical_fixed_topology,1,1,1.21250024844981236e-01,1.14972026643601552e-01,-6.27799820137968367e-03,6.93864728627099636e-02,7.16050435680380259e-12,-6.93864728555494553e-02,1.21136339940300583e-01,1.18179236053703215e-01,-2.95710388659736756e-03,5.00003282452911479e-01,4.94850552185367335e-11,-5.00003282403426397e-01,1.05425768669128189e+02,1.75851586053702411e-08,-1.05425768651543024e+02,1.40463129064904574e-01,2.30056260237200391e-10,-1.40463128834848322e-01,5.05547145552146748e-01,4.49645833805363011e-10,-5.05547145102500872e-01,8.20287800110972866e-04,9.47603803092327190e+00,9.47521774312316012e+00,4.27456614493926246e-03,5.44082315179212239e-01,5.39807749034272977e-01,4.74246217406952830e+00,5.11195664375846182e+00,8.11607893843225514e-01,9.13912536657651597e-01,5.96746434000010595e-01,1,1,1,ok,converged: max_abs_K < tol
33,6033,576,8.39999999999999969e-01,post_voro_surgery,topology,voro_radical,post_surgery_nonradical,1,1,1.21250024844981236e-01,1.34664698859437465e-01,1.34146740144562293e-02,6.93864728627099636e-02,6.56071866935902109e-02,-3.77928616911975268e-03,1.21136339940300583e-01,1.39502966181185628e-01,1.83666262408850450e-02,5.00003282452911479e-01,4.80162291271031605e-01,-1.98409911818798745e-02,1.05425768669128189e+02,8.06913922972625670e+01,-2.47343763718656220e+01,1.40463129064904574e-01,1.34040308484961929e-01,-6.42282057994264521e-03,5.05547145552146748e-01,3.88774927354748001e-01,-1.16772218197398747e-01,8.20287800110972866e-04,8.20287800110972866e-04,0.00000000000000000e+00,4.27456614493926246e-03,4.27456614493926246e-03,0.00000000000000000e+00,4.74246217406952830e+00,4.74246217406952830e+00,8.11607893843225514e-01,8.18754730506686790e-01,3.06270267018999903e+02,1,0,0,ok,light topology surgery; no longer radical
33,6033,576,8.39999999999999969e-01,radius_label_swap,sum_channel,voro_radical,voro_radical_rebuilt,1,1,1.21250024844981236e-01,1.21235001667340275e-01,-1.50231776409603945e-05,6.93864728627099636e-02,6.93645592199235717e-02,-2.19136427863919625e-05,1.21136339940300583e-01,1.21133103681762958e-01,-3.23625853762554705e-06,5.00003282452911479e-01,4.99825338467094038e-01,-1.77943985817441419e-04,1.05425768669128189e+02,1.05392618591612006e+02,-3.31500775161828187e-02,1.40463129064904574e-01,1.40414578290241870e-01,-4.85507746627034109e-05,5.05547145552146748e-01,5.05533716238491859e-01,-1.34293136548890857e-05,8.20287800110972866e-04,8.19799261048963983e-04,-4.88539062008883779e-07,4.27456614493926246e-03,4.27456614493926246e-03,0.00000000000000000e+00,4.74246217406952830e+00,4.74246217406952830e+00,8.11607893843225514e-01,8.11669091048600300e-01,1.43877672619998975e+01,1,1,1,ok,radius labels permuted; distribution exactly preserved
33,6033,576,8.39999999999999969e-01,shape_descent,shape_channel,voro_radical,voro_radical_rebuilt,1,1,1.21250024844981236e-01,1.21227630566430142e-01,-2.23942785510938824e-05,6.93864728627099636e-02,6.93864728627099359e-02,-2.77555756156289135e-17,1.21136339940300583e-01,1.21102536894683865e-01,-3.38030456167176530e-05,5.00003282452911479e-01,5.00003282452911479e-01,0.00000000000000000e+00,1.05425768669128189e+02,1.05425768669128189e+02,0.00000000000000000e+00,1.40463129064904574e-01,1.40463129064904574e-01,0.00000000000000000e+00,5.05547145552146748e-01,5.05547145552146748e-01,0.00000000000000000e+00,8.20287800110972866e-04,8.43508072586344896e-04,2.32202724753720292e-05,4.27456614493926246e-03,4.27456614493926246e-03,0.00000000000000000e+00,4.74246217406952830e+00,4.74246217406952830e+00,8.11607893843225514e-01,8.11607893843225514e-01,1.12770519770000419e+01,1,1,1,ok,stochastic coordinate shape descent
34,6034,576,8.39999999999999969e-01,bounded_ricci_du010,sum_channel,voro_radical,voro_radical_fixed_topology,1,1,1.21582746124165905e-01,1.16485066480834926e-01,-5.09767964333097956e-03,7.79178859082128999e-02,6.10764452273657998e-02,-1.68414406808471001e-02,1.19311985176162219e-01,1.17974486782084415e-01,-1.33749839407780458e-03,5.62633898798680532e-01,4.40671143264533549e-01,-1.21962755534146983e-01,1.37383451096639703e+02,9.79582159311570706e+01,-3.94252351654826327e+01,1.53196033614731553e-01,1.25673255998722838e-01,-2.75227776160087145e-02,6.11075313199229142e-01,5.11523463929028699e-01,-9.95518492702004432e-02,1.54502425017104630e-03,2.13175981160816597e-01,2.11630956910645540e-01,6.46216208627503619e-03,9.03236931146378375e-02,8.38615310283628013e-02,4.74246217406952830e+00,4.91004049320910241e+00,7.80208095269555368e-01,8.34812055418554966e-01,5.76484123000000181e-01,1,1,1,ok,relative_bounded_ricci
34,6034,576,8.39999999999999969e-01,box_shear_aspect,shape_channel,voro_radical,voro_radical_rebuilt,1,1,1.21582746124165905e-01,1.21582992420083108e-01,2.46295917202821180e-07,7.79178859082128999e-02,7.79178859082128999e-02,0.00000000000000000e+00,1.19311985176162219e-01,1.19312203692686775e-01,2.18516524555512071e-07,5.62633898798680532e-01,5.62633898798680532e-01,0.00000000000000000e+00,1.37383451096639703e+02,1.37383451096639703e+02,0.00000000000000000e+00,1.53196033614731553e-01,1.53196033614731553e-01,0.00000000000000000e+00,6.11075313199229142e-01,6.11075313199229142e-01,0.00000000000000000e+00,1.54502425017104630e-03,1.54495882140352737e-03,-6.54287675189331452e-08,6.46216208627503619e-03,6.45671970610406376e-03,-5.44238017097242732e-06,4.74246217406952830e+00,4.74246217406952830e+00,7.80208095269555368e-01,7.80208095269555368e-01,7.27924890199994934e+00,0,0,0,ok,aspect-only box strain; shear omitted for rectangular voro++ container
34,6034,576,8.39999999999999969e-01,compression_step,coupled,voro_radical,voro_radical_rebuilt,1,1,1.21582746124165905e-01,1.21582746124165933e-01,2.77555756156289135e-17,7.79178859082128999e-02,7.79178859082128999e-02,0.00000000000000000e+00,1.19311985176162219e-01,1.19311985176162150e-01,-6.93889390390722838e-17,5.62633898798680532e-01,5.62633898798680532e-01,0.00000000000000000e+00,1.37383451096639703e+02,1.37383451096639703e+02,0.00000000000000000e+00,1.53196033614731553e-01,1.53196033614731553e-01,0.00000000000000000e+00,6.11075313199229142e-01,6.11075313199229142e-01,0.00000000000000000e+00,1.54502425017104630e-03,0.00000000000000000e+00,-1.54502425017104630e-03,6.46216208627503619e-03,0.00000000000000000e+00,-6.46216208627503619e-03,4.74246217406952830e+00,4.74246217406952830e+00,7.80208095269555368e-01,7.80208095269555368e-01,4.95325946200000544e+00,0,1,0,ok,local phi scan best endpoint
34,6034,576,8.39999999999999969e-01,free_ricci,sum_channel,voro_radical,voro_radical_fixed_topology,1,1,1.21582746124165905e-01,1.12619322325023863e-01,-8.96342379914204235e-03,7.79178859082128999e-02,6.81311059095809456e-12,-7.79178859013997943e-02,1.19311985176162219e-01,1.15923293011669468e-01,-3.38869216449275146e-03,5.62633898798680532e-01,4.81836535564350639e-11,-5.62633898750496853e-01,1.37383451096639703e+02,1.70735629295618660e-08,-1.37383451079566129e+02,1.53196033614731553e-01,2.21981797468483578e-10,-1.53196033392749759e-01,6.11075313199229142e-01,4.43529797900651801e-10,-6.11075312755699374e-01,1.54502425017104630e-03,9.17300565134543611e+00,9.17146062709526433e+00,6.46216208627503619e-03,5.67436642220782606e-01,5.60974480134507569e-01,4.74246217406952830e+00,6.84662995962760945e+00,7.80208095269555368e-01,9.13084945491001276e-01,5.59813274000021011e-01,1,1,1,ok,converged: max_abs_K < tol
34,6034,576,8.39999999999999969e-01,post_voro_surgery,topology,voro_radical,post_surgery_nonradical,1,1,1.21582746124165905e-01,1.35027054410636560e-01,1.34443082864706548e-02,7.79178859082128999e-02,6.82987013122792613e-02,-9.61918459593363862e-03,1.19311985176162219e-01,1.40005353276274502e-01,2.06933681001122832e-02,5.62633898798680532e-01,4.94801729007854241e-01,-6.78321697908262911e-02,1.37383451096639703e+02,8.74913954776898777e+01,-4.98920556189498257e+01,1.53196033614731553e-01,1.36924739679586766e-01,-1.62712939351447872e-02,6.11075313199229142e-01,4.20077091843991390e-01,-1.90998221355237752e-01,1.54502425017104630e-03,1.54502425017104630e-03,0.00000000000000000e+00,6.46216208627503619e-03,6.46216208627503619e-03,0.00000000000000000e+00,4.74246217406952830e+00,4.74246217406952830e+00,7.80208095269555368e-01,8.11948399942547749e-01,2.97989065450999874e+02,1,0,0,ok,light topology surgery; no longer radical
34,6034,576,8.39999999999999969e-01,radius_label_swap,sum_channel,voro_radical,voro_radical_rebuilt,1,1,1.21582746124165905e-01,1.21582807066177592e-01,6.09420116870484918e-08,7.79178859082128999e-02,7.79179068846228978e-02,2.09764099978748675e-08,1.19311985176162219e-01,1.19311898618407408e-01,-8.65577548109230932e-08,5.62633898798680532e-01,5.62637805852227446e-01,3.90705354691434081e-06,1.37383451096639703e+02,1.37383890819555290e+02,4.39722915587026364e-04,1.53196033614731553e-01,1.53196651831578268e-01,6.18216846715036183e-07,6.11075313199229142e-01,6.11075445114502624e-01,1.31915273482441364e-07,1.54502425017104630e-03,1.55211556362330077e-03,7.09131345225447185e-06,6.46216208627503619e-03,6.46216208627503619e-03,0.00000000000000000e+00,4.74246217406952830e+00,4.74246217406952830e+00,7.80208095269555368e-01,7.80208095269555368e-01,1.00086766409999655e+01,0,1,0,ok,radius labels permuted; distribution exactly preserved
34,6034,576,8.39999999999999969e-01,shape_descent,shape_channel,voro_radical,voro_radical_rebuilt,1,1,1.21582746124165905e-01,1.21586956937913521e-01,4.21081374761544946e-06,7.79178859082128999e-02,7.79178859082128999e-02,0.00000000000000000e+00,1.19311985176162219e-01,1.19326704887788335e-01,1.47197116261155170e-05,5.62633898798680532e-01,5.62633898798680532e-01,0.00000000000000000e+00,1.37383451096639703e+02,1.37383451096639703e+02,0.00000000000000000e+00,1.53196033614731553e-01,1.53196033614731553e-01,0.00000000000000000e+00,6.11075313199229142e-01,6.11075313199229142e-01,0.00000000000000000e+00,1.54502425017104630e-03,1.57867456414568282e-03,3.36503139746365237e-05,6.46216208627503619e-03,6.46216208627503619e-03,0.00000000000000000e+00,4.74246217406952830e+00,4.74246217406952830e+00,7.80208095269555368e-01,7.80208095269555368e-01,1.38062592229999836e+01,0,0,0,ok,stochastic coordinate shape descent
35,6035,576,8.39999999999999969e-01,bounded_ricci_du010,sum_channel,voro_radical,voro_radical_fixed_topology,1,1,1.24877060108892143e-01,1.20802157095431753e-01,-4.07490301346039030e-03,7.72917425825733334e-02,6.26734167345763676e-02,-1.46183258479969658e-02,1.24123107612319705e-01,1.22884802106073610e-01,-1.23830550624609570e-03,5.66212366492607644e-01,4.56978173378483954e-01,-1.09234193114123690e-01,1.28174170808943046e+02,9.39343446759762628e+01,-3.42398261329667832e+01,1.53766695508398415e-01,1.29083193742382640e-01,-2.46835017660157752e-02,5.70666943774726154e-01,4.81798238739513995e-01,-8.88687050352121588e-02,1.14650930096028836e-03,1.87137937261652537e-01,1.85991427960692235e-01,4.53968502822377218e-03,1.06707784593865984e-01,1.02168099565642212e-01,4.74246217406952830e+00,4.81614823198138442e+00,8.03985103697051229e-01,8.51030622692724559e-01,6.38984787000026699e-01,1,1,1,ok,relative_bounded_ricci
35,6035,576,8.39999999999999969e-01,box_shear_aspect,shape_channel,voro_radical,voro_radical_rebuilt,1,1,1.24877060108892143e-01,1.24876378101504606e-01,-6.82007387536875953e-07,7.72917425825733334e-02,7.72917425825733334e-02,0.00000000000000000e+00,1.24123107612319705e-01,1.24121746359723034e-01,-1.36125259667108089e-06,5.66212366492607644e-01,5.66212366492607644e-01,0.00000000000000000e+00,1.28174170808943046e+02,1.28174170808943046e+02,0.00000000000000000e+00,1.53766695508398415e-01,1.53766695508398415e-01,0.00000000000000000e+00,5.70666943774726154e-01,5.70666943774726154e-01,0.00000000000000000e+00,1.14650930096028836e-03,1.14550601306320408e-03,-1.00328789708428213e-06,4.53968502822377218e-03,4.43023575617362830e-03,-1.09449272050143875e-04,4.74246217406952830e+00,4.74246217406952830e+00,8.03985103697051229e-01,8.03985103697051229e-01,7.08542907399998967e+00,0,1,0,ok,aspect-only box strain; shear omitted for rectangular voro++ container
35,6035,576,8.39999999999999969e-01,compression_step,coupled,voro_radical,voro_radical_rebuilt,1,1,1.24877060108892143e-01,1.24901365389756061e-01,2.43052808639176998e-05,7.72917425825733334e-02,7.61788261798225369e-02,-1.11291640275079651e-03,1.24123107612319705e-01,1.24419219432702580e-01,2.96111820382874424e-04,5.66212366492607644e-01,5.58446660664594141e-01,-7.76570582801350273e-03,1.28174170808943046e+02,1.27129087944537872e+02,-1.04508286440517395e+00,1.53766695508398415e-01,1.52163946737859740e-01,-1.60274877053867559e-03,5.70666943774726154e-01,5.70883656633697889e-01,2.16712858971734867e-04,1.14650930096028836e-03,0.00000000000000000e+00,-1.14650930096028836e-03,4.53968502822377218e-03,0.00000000000000000e+00,-4.53968502822377218e-03,4.74246217406952830e+00,4.74246217406952830e+00,8.03985103697051229e-01,8.07658543851284993e-01,5.61190228499992827e+00,1,0,0,ok,local phi scan best endpoint
35,6035,576,8.39999999999999969e-01,free_ricci,sum_channel,voro_radical,voro_radical_fixed_topology,1,1,1.24877060108892143e-01,1.17114332881223915e-01,-7.76272722766822854e-03,7.72917425825733334e-02,8.39838040014494425e-12,-7.72917425741749542e-02,1.24123107612319705e-01,1.20417925338029433e-01,-3.70518227429027236e-03,5.66212366492607644e-01,5.54790898192560957e-11,-5.66212366437128578e-01,1.28174170808943046e+02,2.00263088781621979e-08,-1.28174170788916740e+02,1.53766695508398415e-01,2.52896779867074456e-10,-1.53766695255501629e-01,5.70666943774726154e-01,4.47291882112853545e-10,-5.70666943327434284e-01,1.14650930096028836e-03,1.06840023323241855e+01,1.06828558230232247e+01,4.53968502822377218e-03,5.97135081454789329e-01,5.92595396426565557e-01,4.74246217406952830e+00,5.68457788855625257e+00,8.03985103697051229e-01,9.15862264227988887e-01,6.00534110000012333e-01,1,1,1,ok,converged: max_abs_K < tol
35,6035,576,8.39999999999999969e-01,post_voro_surgery,topology,voro_radical,post_surgery_nonradical,1,1,1.24877060108892143e-01,1.40147670437640787e-01,1.52706103287486433e-02,7.72917425825733334e-02,7.09717421267377913e-02,-6.32000045583554215e-03,1.24123107612319705e-01,1.45122784803755844e-01,2.09996771914361391e-02,5.66212366492607644e-01,5.18200494487733199e-01,-4.80118720048744452e-02,1.28174170808943046e+02,9.31501251589540402e+01,-3.50240456499890058e+01,1.53766695508398415e-01,1.42417302982249833e-01,-1.13493925261485828e-02,5.70666943774726154e-01,4.33195618915019898e-01,-1.37471324859706256e-01,1.14650930096028836e-03,1.14650930096028836e-03,0.00000000000000000e+00,4.53968502822377218e-03,4.53968502822377218e-03,0.00000000000000000e+00,4.74246217406952830e+00,4.74246217406952830e+00,8.03985103697051229e-01,8.30267120337115472e-01,2.93274107142000048e+02,1,0,0,ok,light topology surgery; no longer radical
35,6035,576,8.39999999999999969e-01,radius_label_swap,sum_channel,voro_radical,voro_radical_rebuilt,1,1,1.24877060108892143e-01,1.24876988338829764e-01,-7.17700623792394410e-08,7.72917425825733334e-02,7.72914895033495752e-02,-2.53079223758168048e-07,1.24123107612319705e-01,1.24123010139473910e-01,-9.74728457947549032e-08,5.66212366492607644e-01,5.66212570612895649e-01,2.04120288005427142e-07,1.28174170808943046e+02,1.28174242476955186e+02,7.16680121399804193e-05,1.53766695508398415e-01,1.53766711693058084e-01,1.61846596680170762e-08,5.70666943774726154e-01,5.70667217282637806e-01,2.73507911652259850e-07,1.14650930096028836e-03,1.14670078781146456e-03,1.91486851176207035e-07,4.53968502822377218e-03,4.53968502822377218e-03,0.00000000000000000e+00,4.74246217406952830e+00,4.74246217406952830e+00,8.03985103697051229e-01,8.03986074406414786e-01,1.38122468379999646e+01,1,1,1,ok,radius labels permuted; distribution exactly preserved
35,6035,576,8.39999999999999969e-01,shape_descent,shape_channel,voro_radical,voro_radical_rebuilt,1,1,1.24877060108892143e-01,1.24876998767787670e-01,-6.13411044736444921e-08,7.72917425825733334e-02,7.72917425825733334e-02,0.00000000000000000e+00,1.24123107612319705e-01,1.24132521012789654e-01,9.41340046994865176e-06,5.66212366492607644e-01,5.66212366492607644e-01,0.00000000000000000e+00,1.28174170808943046e+02,1.28174170808943046e+02,0.00000000000000000e+00,1.53766695508398415e-01,1.53766695508398415e-01,0.00000000000000000e+00,5.70666943774726154e-01,5.70666943774726154e-01,0.00000000000000000e+00,1.14650930096028836e-03,1.18433417592033190e-03,3.78248749600435408e-05,4.53968502822377218e-03,4.61986615743881224e-03,8.01811292150400590e-05,4.74246217406952830e+00,4.74246217406952830e+00,8.03985103697051229e-01,8.03985103697051229e-01,1.16085557789999712e+01,0,0,0,ok,stochastic coordinate shape descent
36,6036,576,8.39999999999999969e-01,bounded_ricci_du010,sum_channel,voro_radical,voro_radical_fixed_topology,1,1,1.22296874140602807e-01,1.17933810797781730e-01,-4.36306334282107744e-03,7.32371123318254491e-02,5.77001405086313979e-02,-1.55369718231940512e-02,1.21734809952134898e-01,1.20381102762480374e-01,-1.35370718965452386e-03,5.33526548922476751e-01,4.18542856475632552e-01,-1.14983692446844199e-01,1.10239732991220080e+02,8.39107537849849479e+01,-2.63289792062351324e+01,1.45642640695059805e-01,1.19860500391098149e-01,-2.57821403039616565e-02,5.12924740667076939e-01,4.55618492114398144e-01,-5.73062485526787957e-02,6.62417626590183165e-04,1.95994350353282137e-01,1.95331932726691943e-01,4.22247962114585818e-03,9.57514389631413110e-02,9.15289593419954528e-02,4.74246217406952830e+00,4.70243761496491075e+00,8.04565511251608356e-01,8.52376353228209704e-01,3.63907146999963516e-01,1,1,1,ok,relative_bounded_ricci
36,6036,576,8.39999999999999969e-01,box_shear_aspect,shape_channel,voro_radical,voro_radical_rebuilt,1,1,1.22296874140602807e-01,1.22296874140602807e-01,0.00000000000000000e+00,7.32371123318254491e-02,7.32371123318254491e-02,0.00000000000000000e+00,1.21734809952134898e-01,1.21734809952134898e-01,0.00000000000000000e+00,5.33526548922476751e-01,5.33526548922476751e-01,0.00000000000000000e+00,1.10239732991220080e+02,1.10239732991220080e+02,0.00000000000000000e+00,1.45642640695059805e-01,1.45642640695059805e-01,0.00000000000000000e+00,5.12924740667076939e-01,5.12924740667076939e-01,0.00000000000000000e+00,6.62417626590183165e-04,6.62417626590183165e-04,0.00000000000000000e+00,4.22247962114585818e-03,4.22247962114585818e-03,0.00000000000000000e+00,4.74246217406952830e+00,4.74246217406952830e+00,8.04565511251608356e-01,8.04565511251608356e-01,7.41511132000005091e+00,0,0,0,ok,aspect-only box strain; shear omitted for rectangular voro++ container
36,6036,576,8.39999999999999969e-01,compression_step,coupled,voro_radical,voro_radical_rebuilt,1,1,1.22296874140602807e-01,1.22296874140602946e-01,1.38777878078144568e-16,7.32371123318254491e-02,7.32371123318254491e-02,0.00000000000000000e+00,1.21734809952134898e-01,1.21734809952134981e-01,8.32667268468867405e-17,5.33526548922476751e-01,5.33526548922476751e-01,0.00000000000000000e+00,1.10239732991220080e+02,1.10239732991220080e+02,0.00000000000000000e+00,1.45642640695059805e-01,1.45642640695059805e-01,0.00000000000000000e+00,5.12924740667076939e-01,5.12924740667076939e-01,0.00000000000000000e+00,6.62417626590183165e-04,0.00000000000000000e+00,-6.62417626590183165e-04,4.22247962114585818e-03,0.00000000000000000e+00,-4.22247962114585818e-03,4.74246217406952830e+00,4.74246217406952830e+00,8.04565511251608356e-01,8.04565511251608356e-01,6.11695944799998870e+00,0,0,0,ok,local phi scan best endpoint
36,6036,576,8.39999999999999969e-01,free_ricci,sum_channel,voro_radical,voro_radical_fixed_topology,1,1,1.22296874140602807e-01,1.15959911200964147e-01,-6.33696293963866009e-03,7.32371123318254491e-02,6.78697899064512289e-12,-7.32371123250384753e-02,1.21734809952134898e-01,1.18339461118551814e-01,-3.39534883358308393e-03,5.33526548922476751e-01,4.82290256846917506e-11,-5.33526548874247775e-01,1.10239732991220080e+02,1.70464069966545242e-08,-1.10239732974173677e+02,1.45642640695059805e-01,2.25921341794358085e-10,-1.45642640469138468e-01,5.12924740667076939e-01,4.65825043399495042e-10,-5.12924740201251894e-01,6.62417626590183165e-04,9.53423417855250754e+00,9.53357176092591807e+00,4.22247962114585818e-03,5.80902645764088454e-01,5.76680166142942596e-01,4.74246217406952830e+00,6.09096912479225772e+00,8.04565511251608356e-01,9.16794127870476649e-01,4.83356486999923618e-01,1,1,1,ok,converged: max_abs_K < tol
36,6036,576,8.39999999999999969e-01,post_voro_surgery,topology,voro_radical,post_surgery_nonradical,1,1,1.22296874140602807e-01,1.41140177233379904e-01,1.88433030927770973e-02,7.32371123318254491e-02,6.52922942524993694e-02,-7.94481807932607975e-03,1.21734809952134898e-01,1.47597966285244575e-01,2.58631563331096770e-02,5.33526548922476751e-01,4.70840215304191789e-01,-6.26863336182849618e-02,1.10239732991220080e+02,8.11919857162344698e+01,-2.90477472749856105e+01,1.45642640695059805e-01,1.32264129611018744e-01,-1.33785110840410615e-02,5.12924740667076939e-01,3.98204788644570873e-01,-1.14719952022506066e-01,6.62417626590183165e-04,6.62417626590183165e-04,0.00000000000000000e+00,4.22247962114585818e-03,4.22247962114585818e-03,0.00000000000000000e+00,4.74246217406952830e+00,4.74246217406952830e+00,8.04565511251608356e-01,8.38699485122669564e-01,3.18602982208000071e+02,1,0,0,ok,light topology surgery; no longer radical
36,6036,576,8.39999999999999969e-01,radius_label_swap,sum_channel,voro_radical,voro_radical_rebuilt,1,1,1.22296874140602807e-01,1.22298228789725114e-01,1.35464912230653933e-06,7.32371123318254491e-02,7.32403034482890097e-02,3.19111646356062817e-06,1.21734809952134898e-01,1.21733142654424975e-01,-1.66729770992302129e-06,5.33526548922476751e-01,5.33510583054103482e-01,-1.59658683732688544e-05,1.10239732991220080e+02,1.10236543556933583e+02,-3.18943428649731686e-03,1.45642640695059805e-01,1.45635097814984488e-01,-7.54288007531744853e-06,5.12924740667076939e-01,5.12931119474056008e-01,6.37880697906823002e-06,6.62417626590183165e-04,6.83496249423090922e-04,2.10786228329077566e-05,4.22247962114585818e-03,6.27595106407596859e-03,2.05347144293011041e-03,4.74246217406952830e+00,4.74246217406952830e+00,8.04565511251608356e-01,8.04554385395414573e-01,9.38814087600007952e+00,0,1,0,ok,radius labels permuted; distribution exactly preserved
36,6036,576,8.39999999999999969e-01,shape_descent,shape_channel,voro_radical,voro_radical_rebuilt,1,1,1.22296874140602807e-01,1.22288443881194558e-01,-8.43025940824859710e-06,7.32371123318254491e-02,7.32371123318254491e-02,0.00000000000000000e+00,1.21734809952134898e-01,1.21730512327774890e-01,-4.29762436000846737e-06,5.33526548922476751e-01,5.33526548922476751e-01,0.00000000000000000e+00,1.10239732991220080e+02,1.10239732991220080e+02,0.00000000000000000e+00,1.45642640695059805e-01,1.45642640695059805e-01,0.00000000000000000e+00,5.12924740667076939e-01,5.12924740667076939e-01,0.00000000000000000e+00,6.62417626590183165e-04,6.64854816544927472e-04,2.43718995474430725e-06,4.22247962114585818e-03,4.22247962114585818e-03,0.00000000000000000e+00,4.74246217406952830e+00,4.74246217406952830e+00,8.04565511251608356e-01,8.04565511251608356e-01,9.59018649100005405e+00,0,1,0,ok,stochastic coordinate shape descent
37,6037,576,8.39999999999999969e-01,bounded_ricci_du010,sum_channel,voro_radical,voro_radical_fixed_topology,1,1,1.18627942138705866e-01,1.14510950803670380e-01,-4.11699133503548587e-03,7.37062850437762290e-02,5.93950588505706908e-02,-1.43112261932055382e-02,1.19095429189288948e-01,1.17749674367091800e-01,-1.34575482219714826e-03,5.40232373074897243e-01,4.33642749215098766e-01,-1.06589623859798477e-01,1.06807896898685527e+02,8.17725623444263903e+01,-2.50353345542591370e+01,1.44538717413430079e-01,1.20964775569704031e-01,-2.35739418437260484e-02,4.99050494407608403e-01,4.39850477810787122e-01,-5.92000165968212810e-02,1.08509773894970734e-03,1.70401849017615598e-01,1.69316751278665883e-01,4.52695727761076583e-03,8.29747534287657018e-02,7.84477961511549360e-02,4.74246217406952830e+00,4.84007198958222329e+00,8.14568476927351237e-01,8.58730623353428646e-01,8.61169200000063029e-01,1,1,1,ok,relative_bounded_ricci
37,6037,576,8.39999999999999969e-01,box_shear_aspect,shape_channel,voro_radical,voro_radical_rebuilt,1,1,1.18627942138705866e-01,1.18627942138705866e-01,0.00000000000000000e+00,7.37062850437762290e-02,7.37062850437762290e-02,0.00000000000000000e+00,1.19095429189288948e-01,1.19095429189288948e-01,0.00000000000000000e+00,5.40232373074897243e-01,5.40232373074897243e-01,0.00000000000000000e+00,1.06807896898685527e+02,1.06807896898685527e+02,0.00000000000000000e+00,1.44538717413430079e-01,1.44538717413430079e-01,0.00000000000000000e+00,4.99050494407608403e-01,4.99050494407608403e-01,0.00000000000000000e+00,1.08509773894970734e-03,1.08509773894970734e-03,0.00000000000000000e+00,4.52695727761076583e-03,4.52695727761076583e-03,0.00000000000000000e+00,4.74246217406952830e+00,4.74246217406952830e+00,8.14568476927351237e-01,8.14568476927351237e-01,8.52695951199996216e+00,0,0,0,ok,aspect-only box strain; shear omitted for rectangular voro++ container
37,6037,576,8.39999999999999969e-01,compression_step,coupled,voro_radical,voro_radical_rebuilt,1,1,1.18627942138705866e-01,1.18627942138705825e-01,-4.16333634234433703e-17,7.37062850437762290e-02,7.37062850437762013e-02,-2.77555756156289135e-17,1.19095429189288948e-01,1.19095429189289004e-01,5.55111512312578270e-17,5.40232373074897243e-01,5.40232373074897243e-01,0.00000000000000000e+00,1.06807896898685527e+02,1.06807896898685527e+02,0.00000000000000000e+00,1.44538717413430079e-01,1.44538717413430079e-01,0.00000000000000000e+00,4.99050494407608403e-01,4.99050494407608403e-01,0.00000000000000000e+00,1.08509773894970734e-03,0.00000000000000000e+00,-1.08509773894970734e-03,4.52695727761076583e-03,0.00000000000000000e+00,-4.52695727761076583e-03,4.74246217406952830e+00,4.74246217406952830e+00,8.14568476927351237e-01,8.14568476927351237e-01,6.28922754699999587e+00,1,0,0,ok,local phi scan best endpoint
37,6037,576,8.39999999999999969e-01,free_ricci,sum_channel,voro_radical,voro_radical_fixed_topology,1,1,1.18627942138705866e-01,1.12287327175904422e-01,-6.34061496280144410e-03,7.37062850437762290e-02,6.59402072526011783e-12,-7.37062850371822120e-02,1.19095429189288948e-01,1.15567863699956891e-01,-3.52756548933205738e-03,5.40232373074897243e-01,4.63162156214282053e-11,-5.40232373028581070e-01,1.06807896898685527e+02,1.64602105479867747e-08,-1.06807896882225322e+02,1.44538717413430079e-01,2.12137757230973689e-10,-1.44538717201292327e-01,4.99050494407608403e-01,4.21484807924475991e-10,-4.99050493986123611e-01,1.08509773894970734e-03,9.63401820594862990e+00,9.63293310820968074e+00,4.52695727761076583e-03,5.14150832631759869e-01,5.09623875354149103e-01,4.74246217406952830e+00,6.80485463000076773e+00,8.14568476927351237e-01,9.16547342230224049e-01,1.15113668300000427e+00,1,1,1,ok,converged: max_abs_K < tol
37,6037,576,8.39999999999999969e-01,post_voro_surgery,topology,voro_radical,post_surgery_nonradical,1,1,1.18627942138705866e-01,1.34992969988912331e-01,1.63650278502064650e-02,7.37062850437762290e-02,6.65006138433695548e-02,-7.20567120040667419e-03,1.19095429189288948e-01,1.41331874140799313e-01,2.22364449515103646e-02,5.40232373074897243e-01,4.90719045605393978e-01,-4.95133274695032655e-02,1.06807896898685527e+02,8.26071815414626371e+01,-2.42007153572228901e+01,1.44538717413430079e-01,1.35780128097265501e-01,-8.75858931616457781e-03,4.99050494407608403e-01,3.94177861374452099e-01,-1.04872633033156304e-01,1.08509773894970734e-03,1.08509773894970734e-03,0.00000000000000000e+00,4.52695727761076583e-03,4.52695727761076583e-03,0.00000000000000000e+00,4.74246217406952830e+00,4.74246217406952830e+00,8.14568476927351237e-01,8.38403995350923581e-01,3.20085583544000087e+02,1,0,0,ok,light topology surgery; no longer radical
37,6037,576,8.39999999999999969e-01,radius_label_swap,sum_channel,voro_radical,voro_radical_rebuilt,1,1,1.18627942138705866e-01,1.18628447015154848e-01,5.04876448981228521e-07,7.37062850437762290e-02,7.37046730323974164e-02,-1.61201137881261669e-06,1.19095429189288948e-01,1.19094966594494284e-01,-4.62594794664594744e-07,5.40232373074897243e-01,5.40212555045002873e-01,-1.98180298943695377e-05,1.06807896898685527e+02,1.06804088997383076e+02,-3.80790130245145519e-03,1.44538717413430079e-01,1.44532855410295563e-01,-5.86200313451579191e-06,4.99050494407608403e-01,4.99049959249046160e-01,-5.35158562242621372e-07,1.08509773894970734e-03,1.09519449532819195e-03,1.00967563784846049e-05,4.52695727761076583e-03,4.52695727761076583e-03,0.00000000000000000e+00,4.74246217406952830e+00,4.74246217406952830e+00,8.14568476927351237e-01,8.14572624575398030e-01,8.55596217699985573e+00,1,1,1,ok,radius labels permuted; distribution exactly preserved
37,6037,576,8.39999999999999969e-01,shape_descent,shape_channel,voro_radical,voro_radical_rebuilt,1,1,1.18627942138705866e-01,1.18624513966454584e-01,-3.42817225128244640e-06,7.37062850437762290e-02,7.37062850437762290e-02,0.00000000000000000e+00,1.19095429189288948e-01,1.19068970650092629e-01,-2.64585391963195748e-05,5.40232373074897243e-01,5.40232373074897243e-01,0.00000000000000000e+00,1.06807896898685527e+02,1.06807896898685527e+02,0.00000000000000000e+00,1.44538717413430079e-01,1.44538717413430079e-01,0.00000000000000000e+00,4.99050494407608403e-01,4.99050494407608403e-01,0.00000000000000000e+00,1.08509773894970734e-03,1.11719831139861134e-03,3.21005724489040016e-05,4.52695727761076583e-03,4.52695727761076583e-03,0.00000000000000000e+00,4.74246217406952830e+00,4.74246217406952830e+00,8.14568476927351237e-01,8.14568476927351237e-01,1.35827896580000242e+01,0,1,0,ok,stochastic coordinate shape descent
38,6038,576,8.39999999999999969e-01,bounded_ricci_du010,sum_channel,voro_radical,voro_radical_fixed_topology,1,1,1.18254926992282808e-01,1.12623114539724956e-01,-5.63181245255785223e-03,7.73771038404412054e-02,5.88416673198989132e-02,-1.85354365205422922e-02,1.16086190177311963e-01,1.14529411386216431e-01,-1.55677879109553108e-03,5.44752595980482313e-01,4.14471786189242630e-01,-1.30280809791239682e-01,1.30770497610521886e+02,9.00357769355039324e+01,-4.07347206750179538e+01,1.45530150999788749e-01,1.16273764940238125e-01,-2.92563860595506237e-02,6.05155563333937163e-01,4.97730980274709578e-01,-1.07424583059227585e-01,8.82775888222612462e-04,2.33535433967275052e-01,2.32652658079052443e-01,4.20894825736350953e-03,1.15415324071069136e-01,1.11206375813705627e-01,4.74246217406952830e+00,4.56889772389651583e+00,8.07822908965075692e-01,8.62769789555981381e-01,4.07766999999921609e-01,1,1,1,ok,relative_bounded_ricci
38,6038,576,8.39999999999999969e-01,box_shear_aspect,shape_channel,voro_radical,voro_radical_rebuilt,1,1,1.18254926992282808e-01,1.18254312172556386e-01,-6.14819726421633739e-07,7.73771038404412054e-02,7.73771038404412193e-02,1.38777878078144568e-17,1.16086190177311963e-01,1.16085823091322204e-01,-3.67085989758098030e-07,5.44752595980482313e-01,5.44752595980482313e-01,0.00000000000000000e+00,1.30770497610521886e+02,1.30770497610521886e+02,0.00000000000000000e+00,1.45530150999788749e-01,1.45530150999788749e-01,0.00000000000000000e+00,6.05155563333937163e-01,6.05155563333937163e-01,0.00000000000000000e+00,8.82775888222612462e-04,8.81962068706483560e-04,-8.13819516128902118e-07,4.20894825736350953e-03,4.20573486715802858e-03,-3.21339020548094823e-06,4.74246217406952830e+00,4.74246217406952830e+00,8.07822908965075692e-01,8.07822908965075692e-01,9.98646775800000341e+00,0,1,0,ok,aspect-only box strain; shear omitted for rectangular voro++ container
38,6038,576,8.39999999999999969e-01,compression_step,coupled,voro_radical,voro_radical_rebuilt,1,1,1.18254926992282808e-01,1.18254926992282891e-01,8.32667268468867405e-17,7.73771038404412054e-02,7.73771038404411499e-02,-5.55111512312578270e-17,1.16086190177311963e-01,1.16086190177311976e-01,1.38777878078144568e-17,5.44752595980482313e-01,5.44752595980482313e-01,0.00000000000000000e+00,1.30770497610521886e+02,1.30770497610521886e+02,0.00000000000000000e+00,1.45530150999788749e-01,1.45530150999788749e-01,0.00000000000000000e+00,6.05155563333937163e-01,6.05155563333937163e-01,0.00000000000000000e+00,8.82775888222612462e-04,0.00000000000000000e+00,-8.82775888222612462e-04,4.20894825736350953e-03,0.00000000000000000e+00,-4.20894825736350953e-03,4.74246217406952830e+00,4.74246217406952830e+00,8.07822908965075692e-01,8.07822908965075692e-01,5.55724442200005342e+00,1,0,0,ok,local phi scan best endpoint
38,6038,576,8.39999999999999969e-01,free_ricci,sum_channel,voro_radical,voro_radical_fixed_topology,1,1,1.18254926992282808e-01,1.09363653852675893e-01,-8.89127313960691446e-03,7.73771038404412054e-02,6.98789838946388229e-12,-7.73771038334533090e-02,1.16086190177311963e-01,1.12249212309439822e-01,-3.83697786787214057e-03,5.44752595980482313e-01,5.01178528670569523e-11,-5.44752595930364514e-01,1.30770497610521886e+02,1.79593916208835424e-08,-1.30770497592562492e+02,1.45530150999788749e-01,2.32168985885950542e-10,-1.45530150767619770e-01,6.05155563333937163e-01,4.63360294307823030e-10,-6.05155562870576924e-01,8.82775888222612462e-04,8.32125400130565929e+00,8.32037122541743734e+00,4.20894825736350953e-03,5.14348843224312624e-01,5.10139894966949115e-01,4.74246217406952830e+00,4.88209695987878778e+00,8.07822908965075692e-01,9.32448014380091172e-01,7.09374183000022640e-01,1,1,1,ok,converged: max_abs_K < tol
38,6038,576,8.39999999999999969e-01,post_voro_surgery,topology,voro_radical,post_surgery_nonradical,1,1,1.18254926992282808e-01,1.33607156715125741e-01,1.53522297228429333e-02,7.73771038404412054e-02,7.06550539700743635e-02,-6.72204987036684187e-03,1.16086190177311963e-01,1.38849289573149098e-01,2.27630993958371358e-02,5.44752595980482313e-01,4.99052657693717816e-01,-4.56999382867644965e-02,1.30770497610521886e+02,8.36057325881174620e+01,-4.71647650224044241e+01,1.45530150999788749e-01,1.39746421398283721e-01,-5.78372960150502768e-03,6.05155563333937163e-01,3.85621617824503271e-01,-2.19533945509433892e-01,8.82775888222612462e-04,8.82775888222612462e-04,0.00000000000000000e+00,4.20894825736350953e-03,4.20894825736350953e-03,0.00000000000000000e+00,4.74246217406952830e+00,4.74246217406952830e+00,8.07822908965075692e-01,8.35012008412602813e-01,3.06309707977000016e+02,1,0,0,ok,light topology surgery; no longer radical
38,6038,576,8.39999999999999969e-01,radius_label_swap,sum_channel,voro_radical,voro_radical_rebuilt,1,1,1.18254926992282808e-01,1.18254926992282808e-01,0.00000000000000000e+00,7.73771038404412054e-02,7.73771038404412054e-02,0.00000000000000000e+00,1.16086190177311963e-01,1.16086190177311963e-01,0.00000000000000000e+00,5.44752595980482313e-01,5.44752595980482313e-01,0.00000000000000000e+00,1.30770497610521886e+02,1.30770497610521886e+02,0.00000000000000000e+00,1.45530150999788749e-01,1.45530150999788749e-01,0.00000000000000000e+00,6.05155563333937163e-01,6.05155563333937163e-01,0.00000000000000000e+00,8.82775888222612462e-04,8.82775888222612462e-04,0.00000000000000000e+00,4.20894825736350953e-03,4.20894825736350953e-03,0.00000000000000000e+00,4.74246217406952830e+00,4.74246217406952830e+00,8.07822908965075692e-01,8.07822908965075692e-01,1.43135994049998772e+01,0,0,0,ok,radius labels permuted; distribution exactly preserved
38,6038,576,8.39999999999999969e-01,shape_descent,shape_channel,voro_radical,voro_radical_rebuilt,1,1,1.18254926992282808e-01,1.18257700467172516e-01,2.77347488970847156e-06,7.73771038404412054e-02,7.73771038404412054e-02,0.00000000000000000e+00,1.16086190177311963e-01,1.16144992172369552e-01,5.88019950575890959e-05,5.44752595980482313e-01,5.44752595980482313e-01,0.00000000000000000e+00,1.30770497610521886e+02,1.30770497610521886e+02,0.00000000000000000e+00,1.45530150999788749e-01,1.45530150999788749e-01,0.00000000000000000e+00,6.05155563333937163e-01,6.05155563333937163e-01,0.00000000000000000e+00,8.82775888222612462e-04,8.85107727863097696e-04,2.33183964048523391e-06,4.20894825736350953e-03,4.20894825736350953e-03,0.00000000000000000e+00,4.74246217406952830e+00,4.74246217406952830e+00,8.07822908965075692e-01,8.07822908965075692e-01,1.01422604169999886e+01,0,0,0,ok,stochastic coordinate shape descent
39,6039,576,8.39999999999999969e-01,bounded_ricci_du010,sum_channel,voro_radical,voro_radical_fixed_topology,1,1,1.18471597273810555e-01,1.14591974333791286e-01,-3.87962294001926999e-03,7.29116201007790621e-02,5.82722747477597072e-02,-1.46393453530193549e-02,1.18084759919168239e-01,1.16800604430698021e-01,-1.28415548847021777e-03,5.38045820062475033e-01,4.29140377057915579e-01,-1.08905443004559455e-01,1.22502284049251969e+02,9.48700106372610890e+01,-2.76322734119908802e+01,1.47355106056242163e-01,1.23508141074209474e-01,-2.38469649820326896e-02,5.64748449087013382e-01,5.02633382059056055e-01,-6.21150670279573269e-02,1.10260650585998639e-03,1.76006047478000083e-01,1.74903440972140084e-01,5.37856306557848995e-03,9.71191590125346504e-02,9.17405959469561605e-02,4.74246217406952830e+00,4.70666100585350300e+00,8.04555153267067946e-01,8.50879909726238726e-01,6.95924085000001469e-01,1,1,1,ok,relative_bounded_ricci
39,6039,576,8.39999999999999969e-01,box_shear_aspect,shape_channel,voro_radical,voro_radical_rebuilt,1,1,1.18471597273810555e-01,1.18471597273810555e-01,0.00000000000000000e+00,7.29116201007790621e-02,7.29116201007790621e-02,0.00000000000000000e+00,1.18084759919168239e-01,1.18084759919168239e-01,0.00000000000000000e+00,5.38045820062475033e-01,5.38045820062475033e-01,0.00000000000000000e+00,1.22502284049251969e+02,1.22502284049251969e+02,0.00000000000000000e+00,1.47355106056242163e-01,1.47355106056242163e-01,0.00000000000000000e+00,5.64748449087013382e-01,5.64748449087013382e-01,0.00000000000000000e+00,1.10260650585998639e-03,1.10260650585998639e-03,0.00000000000000000e+00,5.37856306557848995e-03,5.37856306557848995e-03,0.00000000000000000e+00,4.74246217406952830e+00,4.74246217406952830e+00,8.04555153267067946e-01,8.04555153267067946e-01,8.28974873499998921e+00,0,0,0,ok,aspect-only box strain; shear omitted for rectangular voro++ container
39,6039,576,8.39999999999999969e-01,compression_step,coupled,voro_radical,voro_radical_rebuilt,1,1,1.18471597273810555e-01,1.18665192765307029e-01,1.93595491496473260e-04,7.29116201007790621e-02,7.33909836220541512e-02,4.79363521275089077e-04,1.18084759919168239e-01,1.17972186107255989e-01,-1.12573811912250465e-04,5.38045820062475033e-01,5.40907283008392303e-01,2.86146294591727024e-03,1.22502284049251969e+02,1.22349935233485809e+02,-1.52348815766160328e-01,1.47355106056242163e-01,1.47006045857335538e-01,-3.49060198906625541e-04,5.64748449087013382e-01,5.65078650007618477e-01,3.30200920605094872e-04,1.10260650585998639e-03,0.00000000000000000e+00,-1.10260650585998639e-03,5.37856306557848995e-03,0.00000000000000000e+00,-5.37856306557848995e-03,4.74246217406952830e+00,4.74246217406952830e+00,8.04555153267067946e-01,8.01144153065334708e-01,5.42647450399999798e+00,0,1,0,ok,local phi scan best endpoint
39,6039,576,8.39999999999999969e-01,free_ricci,sum_channel,voro_radical,voro_radical_fixed_topology,1,1,1.18471597273810555e-01,1.11564560871048712e-01,-6.90703640276184305e-03,7.29116201007790621e-02,6.96856138771586419e-12,-7.29116200938104975e-02,1.18084759919168239e-01,1.14523194901294048e-01,-3.56156501787419089e-03,5.38045820062475033e-01,4.96280160009932041e-11,-5.38045820012847065e-01,1.22502284049251969e+02,1.78249065140421791e-08,-1.22502284031427067e+02,1.47355106056242163e-01,2.29722637578761033e-10,-1.47355105826519533e-01,5.64748449087013382e-01,4.61751572082460690e-10,-5.64748448625261856e-01,1.10260650585998639e-03,9.25000779620295432e+00,9.24890518969709419e+00,5.37856306557848995e-03,6.42945971764960378e-01,6.37567408699381888e-01,4.74246217406952830e+00,5.02315311029727773e+00,8.04555153267067946e-01,9.25215243833315992e-01,8.64841568999963783e-01,1,1,1,ok,converged: max_abs_K < tol
39,6039,576,8.39999999999999969e-01,post_voro_surgery,topology,voro_radical,post_surgery_nonradical,1,1,1.18471597273810555e-01,1.35480134386740975e-01,1.70085371129304191e-02,7.29116201007790621e-02,6.85319926508818622e-02,-4.37962744989719988e-03,1.18084759919168239e-01,1.41511417052134159e-01,2.34266571329659196e-02,5.38045820062475033e-01,5.05923164827924210e-01,-3.21226552345508232e-02,1.22502284049251969e+02,9.27087688344002459e+01,-2.97935152148517233e+01,1.47355106056242163e-01,1.42002927600839379e-01,-5.35217845540278403e-03,5.64748449087013382e-01,4.32245388598466063e-01,-1.32503060488547320e-01,1.10260650585998639e-03,1.10260650585998639e-03,0.00000000000000000e+00,5.37856306557848995e-03,5.37856306557848995e-03,0.00000000000000000e+00,4.74246217406952830e+00,4.74246217406952830e+00,8.04555153267067946e-01,8.17186116154141495e-01,3.12528237699000101e+02,1,0,0,ok,light topology surgery; no longer radical
39,6039,576,8.39999999999999969e-01,radius_label_swap,sum_channel,voro_radical,voro_radical_rebuilt,1,1,1.18471597273810555e-01,1.18471597273810555e-01,0.00000000000000000e+00,7.29116201007790621e-02,7.29116201007790621e-02,0.00000000000000000e+00,1.18084759919168239e-01,1.18084759919168239e-01,0.00000000000000000e+00,5.38045820062475033e-01,5.38045820062475033e-01,0.00000000000000000e+00,1.22502284049251969e+02,1.22502284049251969e+02,0.00000000000000000e+00,1.47355106056242163e-01,1.47355106056242163e-01,0.00000000000000000e+00,5.64748449087013382e-01,5.64748449087013382e-01,0.00000000000000000e+00,1.10260650585998639e-03,1.10260650585998639e-03,0.00000000000000000e+00,5.37856306557848995e-03,5.37856306557848995e-03,0.00000000000000000e+00,4.74246217406952830e+00,4.74246217406952830e+00,8.04555153267067946e-01,8.04555153267067946e-01,8.80154790200003845e+00,0,0,0,ok,radius labels permuted; distribution exactly preserved
39,6039,576,8.39999999999999969e-01,shape_descent,shape_channel,voro_radical,voro_radical_rebuilt,1,1,1.18471597273810555e-01,1.18467377228591728e-01,-4.22004521882790584e-06,7.29116201007790621e-02,7.29116201007790482e-02,-1.38777878078144568e-17,1.18084759919168239e-01,1.18079180911584675e-01,-5.57900758356433268e-06,5.38045820062475033e-01,5.38045820062475033e-01,0.00000000000000000e+00,1.22502284049251969e+02,1.22502284049251969e+02,0.00000000000000000e+00,1.47355106056242163e-01,1.47355106056242163e-01,0.00000000000000000e+00,5.64748449087013382e-01,5.64748449087013382e-01,0.00000000000000000e+00,1.10260650585998639e-03,1.12938331384097022e-03,2.67768079809838251e-05,5.37856306557848995e-03,5.37856306557848995e-03,0.00000000000000000e+00,4.74246217406952830e+00,4.74246217406952830e+00,8.04555153267067946e-01,8.04555153267067946e-01,1.01281666429999859e+01,1,1,1,ok,stochastic coordinate shape descent
40,6040,576,8.39999999999999969e-01,bounded_ricci_du010,sum_channel,voro_radical,voro_radical_fixed_topology,1,1,1.21520741074856900e-01,1.16576515864712571e-01,-4.94422521014432903e-03,7.23144571619526444e-02,5.41809587801728373e-02,-1.81334983817798071e-02,1.21236470423718642e-01,1.19671715549616059e-01,-1.56475487410258352e-03,5.28062967972395603e-01,3.94084744608626414e-01,-1.33978223363769189e-01,1.10353528744859858e+02,7.34139483103072905e+01,-3.69395804345525676e+01,1.43202909950648744e-01,1.12547781174107686e-01,-3.06551287765410574e-02,5.21213712601407697e-01,4.17353922625796347e-01,-1.03859789975611350e-01,5.34143670268189636e-04,2.62125847968234293e-01,2.61591704297966077e-01,2.92102942268623877e-03,1.18936822879418092e-01,1.16015793456731853e-01,4.74246217406952830e+00,4.71954397538294845e+00,7.95345992896918541e-01,8.52794014896716468e-01,2.95896287999994456e-01,1,1,1,ok,relative_bounded_ricci
40,6040,576,8.39999999999999969e-01,box_shear_aspect,shape_channel,voro_radical,voro_radical_rebuilt,1,1,1.21520741074856900e-01,1.21520741074856900e-01,0.00000000000000000e+00,7.23144571619526444e-02,7.23144571619526444e-02,0.00000000000000000e+00,1.21236470423718642e-01,1.21236470423718642e-01,0.00000000000000000e+00,5.28062967972395603e-01,5.28062967972395603e-01,0.00000000000000000e+00,1.10353528744859858e+02,1.10353528744859858e+02,0.00000000000000000e+00,1.43202909950648744e-01,1.43202909950648744e-01,0.00000000000000000e+00,5.21213712601407697e-01,5.21213712601407697e-01,0.00000000000000000e+00,5.34143670268189636e-04,5.34143670268189636e-04,0.00000000000000000e+00,2.92102942268623877e-03,2.92102942268623877e-03,0.00000000000000000e+00,4.74246217406952830e+00,4.74246217406952830e+00,7.95345992896918541e-01,7.95345992896918541e-01,4.80046831699996801e+00,0,0,0,ok,aspect-only box strain; shear omitted for rectangular voro++ container
40,6040,576,8.39999999999999969e-01,compression_step,coupled,voro_radical,voro_radical_rebuilt,1,1,1.21520741074856900e-01,1.21520741074856942e-01,4.16333634234433703e-17,7.23144571619526444e-02,7.23144571619526028e-02,-4.16333634234433703e-17,1.21236470423718642e-01,1.21236470423718601e-01,-4.16333634234433703e-17,5.28062967972395603e-01,5.28062967972395603e-01,0.00000000000000000e+00,1.10353528744859858e+02,1.10353528744859858e+02,0.00000000000000000e+00,1.43202909950648744e-01,1.43202909950648744e-01,0.00000000000000000e+00,5.21213712601407697e-01,5.21213712601407697e-01,0.00000000000000000e+00,5.34143670268189636e-04,0.00000000000000000e+00,-5.34143670268189636e-04,2.92102942268623877e-03,0.00000000000000000e+00,-2.92102942268623877e-03,4.74246217406952830e+00,4.74246217406952830e+00,7.95345992896918541e-01,7.95345992896918541e-01,2.82573986399984278e+00,1,1,1,ok,local phi scan best endpoint
40,6040,576,8.39999999999999969e-01,free_ricci,sum_channel,voro_radical,voro_radical_fixed_topology,1,1,1.21520741074856900e-01,1.14747762487642638e-01,-6.77297858721426227e-03,7.23144571619526444e-02,6.57385450026911166e-12,-7.23144571553787918e-02,1.21236470423718642e-01,1.17690519938381657e-01,-3.54595048533698498e-03,5.28062967972395603e-01,4.74263533457923209e-11,-5.28062967924969207e-01,1.10353528744859858e+02,1.72424878319298630e-08,-1.10353528727617373e+02,1.43202909950648744e-01,2.18610397133084984e-10,-1.43202909732038336e-01,5.21213712601407697e-01,4.52579054515721042e-10,-5.21213712148828612e-01,5.34143670268189636e-04,8.48441296953969193e+00,8.48387882586942332e+00,2.92102942268623877e-03,6.23470314604479992e-01,6.20549285181793753e-01,4.74246217406952830e+00,5.40864983289489487e+00,7.95345992896918541e-01,9.19092086070211534e-01,3.33582520999925691e-01,1,1,1,ok,converged: max_abs_K < tol
40,6040,576,8.39999999999999969e-01,post_voro_surgery,topology,voro_radical,post_surgery_nonradical,1,1,1.21520741074856900e-01,1.37909141185407619e-01,1.63884001105507188e-02,7.23144571619526444e-02,6.26067938595049472e-02,-9.70766330244769715e-03,1.21236470423718642e-01,1.45043518585306980e-01,2.38070481615883373e-02,5.28062967972395603e-01,4.53201710539850477e-01,-7.48612574325451252e-02,1.10353528744859858e+02,7.75364101843876341e+01,-3.28171185604722240e+01,1.43202909950648744e-01,1.28695708999048697e-01,-1.45072009516000466e-02,5.21213712601407697e-01,3.89142080176968719e-01,-1.32071632424438978e-01,5.34143670268189636e-04,5.34143670268189636e-04,0.00000000000000000e+00,2.92102942268623877e-03,2.92102942268623877e-03,0.00000000000000000e+00,4.74246217406952830e+00,4.74246217406952830e+00,7.95345992896918541e-01,8.26677767197718127e-01,1.53974399099000038e+02,1,0,0,ok,light topology surgery; no longer radical
40,6040,576,8.39999999999999969e-01,radius_label_swap,sum_channel,voro_radical,voro_radical_rebuilt,1,1,1.21520741074856900e-01,1.21520741074856900e-01,0.00000000000000000e+00,7.23144571619526444e-02,7.23144571619526444e-02,0.00000000000000000e+00,1.21236470423718642e-01,1.21236470423718642e-01,0.00000000000000000e+00,5.28062967972395603e-01,5.28062967972395603e-01,0.00000000000000000e+00,1.10353528744859858e+02,1.10353528744859858e+02,0.00000000000000000e+00,1.43202909950648744e-01,1.43202909950648744e-01,0.00000000000000000e+00,5.21213712601407697e-01,5.21213712601407697e-01,0.00000000000000000e+00,5.34143670268189636e-04,5.34143670268189636e-04,0.00000000000000000e+00,2.92102942268623877e-03,2.92102942268623877e-03,0.00000000000000000e+00,4.74246217406952830e+00,4.74246217406952830e+00,7.95345992896918541e-01,7.95345992896918541e-01,9.11419746599995051e+00,0,0,0,ok,radius labels permuted; distribution exactly preserved
40,6040,576,8.39999999999999969e-01,shape_descent,shape_channel,voro_radical,voro_radical_rebuilt,1,1,1.21520741074856900e-01,1.21529391020404026e-01,8.64994554712616992e-06,7.23144571619526444e-02,7.23144571619526444e-02,0.00000000000000000e+00,1.21236470423718642e-01,1.21235467659965054e-01,-1.00276375358809844e-06,5.28062967972395603e-01,5.28062967972395603e-01,0.00000000000000000e+00,1.10353528744859858e+02,1.10353528744859858e+02,0.00000000000000000e+00,1.43202909950648744e-01,1.43202909950648744e-01,0.00000000000000000e+00,5.21213712601407697e-01,5.21213712601407697e-01,0.00000000000000000e+00,5.34143670268189636e-04,5.41561037040487079e-04,7.41736677229744290e-06,2.92102942268623877e-03,2.92102942268623877e-03,0.00000000000000000e+00,4.74246217406952830e+00,4.74246217406952830e+00,7.95345992896918541e-01,7.95345992896918541e-01,6.42780491100006657e+00,0,1,0,ok,stochastic coordinate shape descent
41,6041,576,8.39999999999999969e-01,bounded_ricci_du010,sum_channel,voro_radical,voro_radical_fixed_topology,1,1,1.21690368391776507e-01,1.16472351526278467e-01,-5.21801686549804022e-03,7.40338460241483087e-02,5.64689944467516580e-02,-1.75648515773966507e-02,1.19136715444388058e-01,1.17722738092262053e-01,-1.41397735212600573e-03,5.33359965215811749e-01,4.06833012294375018e-01,-1.26526952921436731e-01,1.37644617955666433e+02,9.57532108532327584e+01,-4.18914071024336749e+01,1.48262882672729579e-01,1.19173870370385251e-01,-2.90890123023443276e-02,6.25903044007520726e-01,5.18470819715283526e-01,-1.07432224292237199e-01,4.89894452809800122e-04,2.36264858671149325e-01,2.35774964218339517e-01,2.92502146773276905e-03,9.59302366923675542e-02,9.30052152246347852e-02,4.74246217406952830e+00,4.67808429934149661e+00,8.10020429438427669e-01,8.62875471261937199e-01,2.88730514000008043e-01,1,1,1,ok,relative_bounded_ricci
41,6041,576,8.39999999999999969e-01,box_shear_aspect,shape_channel,voro_radical,voro_radical_rebuilt,1,1,1.21690368391776507e-01,1.21690368391776507e-01,0.00000000000000000e+00,7.40338460241483087e-02,7.40338460241483087e-02,0.00000000000000000e+00,1.19136715444388058e-01,1.19136715444388058e-01,0.00000000000000000e+00,5.33359965215811749e-01,5.33359965215811749e-01,0.00000000000000000e+00,1.37644617955666433e+02,1.37644617955666433e+02,0.00000000000000000e+00,1.48262882672729579e-01,1.48262882672729579e-01,0.00000000000000000e+00,6.25903044007520726e-01,6.25903044007520726e-01,0.00000000000000000e+00,4.89894452809800122e-04,4.89894452809800122e-04,0.00000000000000000e+00,2.92502146773276905e-03,2.92502146773276905e-03,0.00000000000000000e+00,4.74246217406952830e+00,4.74246217406952830e+00,8.10020429438427669e-01,8.10020429438427669e-01,4.32511027400005332e+00,0,0,0,ok,aspect-only box strain; shear omitted for rectangular voro++ container
41,6041,576,8.39999999999999969e-01,compression_step,coupled,voro_radical,voro_radical_rebuilt,1,1,1.21690368391776507e-01,1.21720816186074540e-01,3.04477942980330152e-05,7.40338460241483087e-02,7.42236239568815209e-02,1.89777932733212196e-04,1.19136715444388058e-01,1.19148816556638393e-01,1.21011122503345003e-05,5.33359965215811749e-01,5.34527374888543516e-01,1.16740967273176732e-03,1.37644617955666433e+02,1.37768707502045373e+02,1.24089546378939986e-01,1.48262882672729579e-01,1.48419353874831100e-01,1.56471202101521323e-04,6.25903044007520726e-01,6.25970145814050860e-01,6.71018065301343114e-05,4.89894452809800122e-04,0.00000000000000000e+00,-4.89894452809800122e-04,2.92502146773276905e-03,0.00000000000000000e+00,-2.92502146773276905e-03,4.74246217406952830e+00,4.74246217406952830e+00,8.10020429438427669e-01,8.09287108887184914e-01,2.82034253300003002e+00,0,0,0,ok,local phi scan best endpoint
41,6041,576,8.39999999999999969e-01,free_ricci,sum_channel,voro_radical,voro_radical_fixed_topology,1,1,1.21690368391776507e-01,1.12667138608609496e-01,-9.02322978316701108e-03,7.40338460241483087e-02,8.84247613157624004e-12,-7.40338460153058264e-02,1.19136715444388058e-01,1.15387510127397494e-01,-3.74920531699056425e-03,5.33359965215811749e-01,5.75491118367552103e-11,-5.33359965158262672e-01,1.37644617955666433e+02,1.99758739879202142e-08,-1.37644617935690547e+02,1.48262882672729579e-01,2.67469218542043037e-10,-1.48262882405260366e-01,6.25903044007520726e-01,4.54989435979007043e-10,-6.25903043552531235e-01,4.89894452809800122e-04,8.29259906260680779e+00,8.29210916815399735e+00,2.92502146773276905e-03,5.19485557033173784e-01,5.16560535565441015e-01,4.74246217406952830e+00,5.31718345642903412e+00,8.10020429438427669e-01,9.17782258742519175e-01,3.41603446000135591e-01,1,1,1,ok,converged: max_abs_K < tol
41,6041,576,8.39999999999999969e-01,post_voro_surgery,topology,voro_radical,post_surgery_nonradical,1,1,1.21690368391776507e-01,1.35377211370185768e-01,1.36868429784092610e-02,7.40338460241483087e-02,6.91734369543518524e-02,-4.86040906979645637e-03,1.19136715444388058e-01,1.40071762209617423e-01,2.09350467652293648e-02,5.33359965215811749e-01,5.06568387459515934e-01,-2.67915777562958146e-02,1.37644617955666433e+02,9.51702690767500741e+01,-4.24743488789163592e+01,1.48262882672729579e-01,1.41254887603161822e-01,-7.00799506956775731e-03,6.25903044007520726e-01,4.49377300358761222e-01,-1.76525743648759503e-01,4.89894452809800122e-04,4.89894452809800122e-04,0.00000000000000000e+00,2.92502146773276905e-03,2.92502146773276905e-03,0.00000000000000000e+00,4.74246217406952830e+00,4.74246217406952830e+00,8.10020429438427669e-01,8.28837325649707690e-01,1.54131315442999949e+02,1,0,0,ok,light topology surgery; no longer radical
41,6041,576,8.39999999999999969e-01,radius_label_swap,sum_channel,voro_radical,voro_radical_rebuilt,1,1,1.21690368391776507e-01,1.21690368391776507e-01,0.00000000000000000e+00,7.40338460241483087e-02,7.40338460241483087e-02,0.00000000000000000e+00,1.19136715444388058e-01,1.19136715444388058e-01,0.00000000000000000e+00,5.33359965215811749e-01,5.33359965215811749e-01,0.00000000000000000e+00,1.37644617955666433e+02,1.37644617955666433e+02,0.00000000000000000e+00,1.48262882672729579e-01,1.48262882672729579e-01,0.00000000000000000e+00,6.25903044007520726e-01,6.25903044007520726e-01,0.00000000000000000e+00,4.89894452809800122e-04,4.89894452809800122e-04,0.00000000000000000e+00,2.92502146773276905e-03,2.92502146773276905e-03,0.00000000000000000e+00,4.74246217406952830e+00,4.74246217406952830e+00,8.10020429438427669e-01,8.10020429438427669e-01,8.81543652499999553e+00,0,0,0,ok,radius labels permuted; distribution exactly preserved
41,6041,576,8.39999999999999969e-01,shape_descent,shape_channel,voro_radical,voro_radical_rebuilt,1,1,1.21690368391776507e-01,1.21672144638320379e-01,-1.82237534561285885e-05,7.40338460241483087e-02,7.40338460241482810e-02,-2.77555756156289135e-17,1.19136715444388058e-01,1.19110741202552689e-01,-2.59742418353692273e-05,5.33359965215811749e-01,5.33359965215811749e-01,0.00000000000000000e+00,1.37644617955666433e+02,1.37644617955666433e+02,0.00000000000000000e+00,1.48262882672729579e-01,1.48262882672729579e-01,0.00000000000000000e+00,6.25903044007520726e-01,6.25903044007520726e-01,0.00000000000000000e+00,4.89894452809800122e-04,5.04955922684413756e-04,1.50614698746136342e-05,2.92502146773276905e-03,2.95233030719144196e-03,2.73088394586729066e-05,4.74246217406952830e+00,4.74246217406952830e+00,8.10020429438427669e-01,8.10020429438427669e-01,6.48659331900012148e+00,1,1,1,ok,stochastic coordinate shape descent
42,6042,576,8.39999999999999969e-01,bounded_ricci_du010,sum_channel,voro_radical,voro_radical_fixed_topology,1,1,1.20990805783758218e-01,1.16209309413247322e-01,-4.78149637051089593e-03,7.56234696902875619e-02,6.13473029222096067e-02,-1.42761667680779553e-02,1.17399392182349668e-01,1.16057355640982296e-01,-1.34203654136737238e-03,5.56474870655657372e-01,4.50524215418134033e-01,-1.05950655237523339e-01,1.48522078652048435e+02,1.05899391782744615e+02,-4.26226868693038199e+01,1.51859347528326277e-01,1.27174239916798770e-01,-2.46851076115275070e-02,6.58644068288741003e-01,5.45290060049349878e-01,-1.13354008239391124e-01,1.17417310173040571e-03,1.54054659409818218e-01,1.52880486308087815e-01,4.67092954117265258e-03,7.92108322950153543e-02,7.45399027538427017e-02,4.74246217406952830e+00,4.52839801006070886e+00,8.00766411323189486e-01,8.47391086191347398e-01,2.78415191000021878e-01,1,1,1,ok,relative_bounded_ricci
42,6042,576,8.39999999999999969e-01,box_shear_aspect,shape_channel,voro_radical,voro_radical_rebuilt,1,1,1.20990805783758218e-01,1.20990805783758218e-01,0.00000000000000000e+00,7.56234696902875619e-02,7.56234696902875619e-02,0.00000000000000000e+00,1.17399392182349668e-01,1.17399392182349668e-01,0.00000000000000000e+00,5.56474870655657372e-01,5.56474870655657372e-01,0.00000000000000000e+00,1.48522078652048435e+02,1.48522078652048435e+02,0.00000000000000000e+00,1.51859347528326277e-01,1.51859347528326277e-01,0.00000000000000000e+00,6.58644068288741003e-01,6.58644068288741003e-01,0.00000000000000000e+00,1.17417310173040571e-03,1.17417310173040571e-03,0.00000000000000000e+00,4.67092954117265258e-03,4.67092954117265258e-03,0.00000000000000000e+00,4.74246217406952830e+00,4.74246217406952830e+00,8.00766411323189486e-01,8.00766411323189486e-01,4.18210018700006003e+00,0,0,0,ok,aspect-only box strain; shear omitted for rectangular voro++ container
42,6042,576,8.39999999999999969e-01,compression_step,coupled,voro_radical,voro_radical_rebuilt,1,1,1.20990805783758218e-01,1.21062780090775604e-01,7.19743070173861632e-05,7.56234696902875619e-02,7.55080604269387501e-02,-1.15409263348811852e-04,1.17399392182349668e-01,1.17522093256215612e-01,1.22701073865943977e-04,5.56474870655657372e-01,5.56092939877243619e-01,-3.81930778413752670e-04,1.48522078652048435e+02,1.48005056020648340e+02,-5.17022631400095634e-01,1.51859347528326277e-01,1.51101804038847182e-01,-7.57543489479095555e-04,6.58644068288741003e-01,6.58674511079591629e-01,3.04427908506266220e-05,1.17417310173040571e-03,0.00000000000000000e+00,-1.17417310173040571e-03,4.67092954117265258e-03,0.00000000000000000e+00,-4.67092954117265258e-03,4.74246217406952830e+00,4.74246217406952830e+00,8.00766411323189486e-01,8.00703747971738156e-01,2.82176733799997237e+00,1,0,0,ok,local phi scan best endpoint
42,6042,576,8.39999999999999969e-01,free_ricci,sum_channel,voro_radical,voro_radical_fixed_topology,1,1,1.20990805783758218e-01,1.10887055921769312e-01,-1.01037498619889060e-02,7.56234696902875619e-02,6.94338573691016845e-12,-7.56234696833441716e-02,1.17399392182349668e-01,1.13793751837938634e-01,-3.60564034441103465e-03,5.56474870655657372e-01,4.90594667238511024e-11,-5.56474870606597949e-01,1.48522078652048435e+02,1.78062892016027521e-08,-1.48522078634242149e+02,1.51859347528326277e-01,2.25361314909550567e-10,-1.51859347302964964e-01,6.58644068288741003e-01,4.50396743290515968e-10,-6.58644067838344283e-01,1.17417310173040571e-03,8.42841312499401241e+00,8.42723895189228145e+00,4.67092954117265258e-03,5.52504516884342323e-01,5.47833587343169670e-01,4.74246217406952830e+00,5.62303129011476432e+00,8.00766411323189486e-01,9.24659945014427165e-01,3.30150709000008646e-01,1,1,1,ok,converged: max_abs_K < tol
42,6042,576,8.39999999999999969e-01,post_voro_surgery,topology,voro_radical,post_surgery_nonradical,1,1,1.20990805783758218e-01,1.36982155737063821e-01,1.59913499533056030e-02,7.56234696902875619e-02,6.93282881417243840e-02,-6.29518154856317791e-03,1.17399392182349668e-01,1.41566554124204103e-01,2.41671619418544342e-02,5.56474870655657372e-01,5.00325933637743026e-01,-5.61489370179143465e-02,1.48522078652048435e+02,8.38435125173627114e+01,-6.46785661346857239e+01,1.51859347528326277e-01,1.37586423674315977e-01,-1.42729238540102998e-02,6.58644068288741003e-01,3.95924557316440218e-01,-2.62719510972300785e-01,1.17417310173040571e-03,1.17417310173040571e-03,0.00000000000000000e+00,4.67092954117265258e-03,4.67092954117265258e-03,0.00000000000000000e+00,4.74246217406952830e+00,4.74246217406952830e+00,8.00766411323189486e-01,8.24330828459660436e-01,1.60055276967000054e+02,1,0,0,ok,light topology surgery; no longer radical
42,6042,576,8.39999999999999969e-01,radius_label_swap,sum_channel,voro_radical,voro_radical_rebuilt,1,1,1.20990805783758218e-01,1.20991334614382925e-01,5.28830624707543606e-07,7.56234696902875619e-02,7.56232403684102689e-02,-2.29321877293076071e-07,1.17399392182349668e-01,1.17399393985612457e-01,1.80326278909070936e-09,5.56474870655657372e-01,5.56473462135785413e-01,-1.40851987195933503e-06,1.48522078652048435e+02,1.48522598929412425e+02,5.20277363989407604e-04,1.51859347528326277e-01,1.51859704275801560e-01,3.56747475283025750e-07,6.58644068288741003e-01,6.58645156427440592e-01,1.08813869958979126e-06,1.17417310173040571e-03,1.17596399861370966e-03,1.79089688330394750e-06,4.67092954117265258e-03,4.67092954117265258e-03,0.00000000000000000e+00,4.74246217406952830e+00,4.74246217406952830e+00,8.00766411323189486e-01,8.00766411323189486e-01,7.97558660899994720e+00,1,0,0,ok,radius labels permuted; distribution exactly preserved
42,6042,576,8.39999999999999969e-01,shape_descent,shape_channel,voro_radical,voro_radical_rebuilt,1,1,1.20990805783758218e-01,1.20988612466783080e-01,-2.19331697513813761e-06,7.56234696902875619e-02,7.56234696902875619e-02,0.00000000000000000e+00,1.17399392182349668e-01,1.17387480059174251e-01,-1.19121231754171220e-05,5.56474870655657372e-01,5.56474870655657372e-01,0.00000000000000000e+00,1.48522078652048435e+02,1.48522078652048435e+02,0.00000000000000000e+00,1.51859347528326277e-01,1.51859347528326277e-01,0.00000000000000000e+00,6.58644068288741003e-01,6.58644068288741003e-01,0.00000000000000000e+00,1.17417310173040571e-03,1.20265790693290507e-03,2.84848052024993560e-05,4.67092954117265258e-03,4.67092954117265258e-03,0.00000000000000000e+00,4.74246217406952830e+00,4.74246217406952830e+00,8.00766411323189486e-01,8.00766411323189486e-01,6.46496378799997728e+00,0,1,0,ok,stochastic coordinate shape descent
43,6043,576,8.39999999999999969e-01,bounded_ricci_du010,sum_channel,voro_radical,voro_radical_fixed_topology,1,1,1.18833354127734145e-01,1.13909743342676020e-01,-4.92361078505812455e-03,7.49328214856539165e-02,6.17777037618397265e-02,-1.31551177238141900e-02,1.13213633385692097e-01,1.11818934089435704e-01,-1.39469929625639366e-03,5.52237335078991309e-01,4.53560422416059150e-01,-9.86769126629321591e-02,1.49262447677367390e+02,1.09747543830625034e+02,-3.95149038467423566e+01,1.50803157370245633e-01,1.28723510902127830e-01,-2.20796464681178028e-02,6.64375090664444778e-01,5.58978847369931531e-01,-1.05396243294513248e-01,1.29409027946821454e-03,1.50611574493542288e-01,1.49317484214074064e-01,4.55495763116209318e-03,8.73669581880482937e-02,8.28120005568862005e-02,4.74246217406952830e+00,4.74182994911192957e+00,7.99224990081147890e-01,8.42601733006105413e-01,3.16280091999942670e-01,1,1,1,ok,relative_bounded_ricci
43,6043,576,8.39999999999999969e-01,box_shear_aspect,shape_channel,voro_radical,voro_radical_rebuilt,1,1,1.18833354127734145e-01,1.18833354127734145e-01,0.00000000000000000e+00,7.49328214856539165e-02,7.49328214856539165e-02,0.00000000000000000e+00,1.13213633385692097e-01,1.13213633385692097e-01,0.00000000000000000e+00,5.52237335078991309e-01,5.52237335078991309e-01,0.00000000000000000e+00,1.49262447677367390e+02,1.49262447677367390e+02,0.00000000000000000e+00,1.50803157370245633e-01,1.50803157370245633e-01,0.00000000000000000e+00,6.64375090664444778e-01,6.64375090664444778e-01,0.00000000000000000e+00,1.29409027946821454e-03,1.29409027946821454e-03,0.00000000000000000e+00,4.55495763116209318e-03,4.55495763116209318e-03,0.00000000000000000e+00,4.74246217406952830e+00,4.74246217406952830e+00,7.99224990081147890e-01,7.99224990081147890e-01,4.21005648499999552e+00,0,0,0,ok,aspect-only box strain; shear omitted for rectangular voro++ container
43,6043,576,8.39999999999999969e-01,compression_step,coupled,voro_radical,voro_radical_rebuilt,1,1,1.18833354127734145e-01,1.18833354127733964e-01,-1.80411241501587938e-16,7.49328214856539165e-02,7.49328214856539027e-02,-1.38777878078144568e-17,1.13213633385692097e-01,1.13213633385692028e-01,-6.93889390390722838e-17,5.52237335078991309e-01,5.52237335078991309e-01,0.00000000000000000e+00,1.49262447677367390e+02,1.49262447677367390e+02,0.00000000000000000e+00,1.50803157370245633e-01,1.50803157370245633e-01,0.00000000000000000e+00,6.64375090664444778e-01,6.64375090664444778e-01,0.00000000000000000e+00,1.29409027946821454e-03,0.00000000000000000e+00,-1.29409027946821454e-03,4.55495763116209318e-03,0.00000000000000000e+00,-4.55495763116209318e-03,4.74246217406952830e+00,4.74246217406952830e+00,7.99224990081147890e-01,7.99224990081147890e-01,2.88095989400017061e+00,1,1,1,ok,local phi scan best endpoint
43,6043,576,8.39999999999999969e-01,free_ricci,sum_channel,voro_radical,voro_radical_fixed_topology,1,1,1.18833354127734145e-01,1.05763439535344506e-01,-1.30699145923896393e-02,7.49328214856539165e-02,7.31902639183311385e-12,-7.49328214783348961e-02,1.13213633385692097e-01,1.08981983873498708e-01,-4.23164951219338892e-03,5.52237335078991309e-01,5.03965965143213382e-11,-5.52237335028594734e-01,1.49262447677367390e+02,1.81984137717971957e-08,-1.49262447659168970e+02,1.50803157370245633e-01,2.32188367680508923e-10,-1.50803157138057253e-01,6.64375090664444778e-01,4.58245078863189345e-10,-6.64375090206199670e-01,1.29409027946821454e-03,8.80967086461243198e+00,8.80837677433296307e+00,4.55495763116209318e-03,5.89624907776432838e-01,5.85069950145270745e-01,4.74246217406952830e+00,5.54414620429149085e+00,7.99224990081147890e-01,9.28612793237631795e-01,3.62368218000028719e-01,1,1,1,ok,converged: max_abs_K < tol
43,6043,576,8.39999999999999969e-01,post_voro_surgery,topology,voro_radical,post_surgery_nonradical,1,1,1.18833354127734145e-01,1.38740066968342346e-01,1.99067128406082011e-02,7.49328214856539165e-02,6.51736363561914722e-02,-9.75918512946244432e-03,1.13213633385692097e-01,1.42764813140623698e-01,2.95511797549316002e-02,5.52237335078991309e-01,4.80357824259503852e-01,-7.18795108194874577e-02,1.49262447677367390e+02,7.84913212168527252e+01,-7.07711264605146653e+01,1.50803157370245633e-01,1.34241110128188651e-01,-1.65620472420569820e-02,6.64375090664444778e-01,3.73932626902824472e-01,-2.90442463761620306e-01,1.29409027946821454e-03,1.29409027946821454e-03,0.00000000000000000e+00,4.55495763116209318e-03,4.55495763116209318e-03,0.00000000000000000e+00,4.74246217406952830e+00,4.74246217406952830e+00,7.99224990081147890e-01,8.27526205095356904e-01,1.59808513901999959e+02,1,0,0,ok,light topology surgery; no longer radical
43,6043,576,8.39999999999999969e-01,radius_label_swap,sum_channel,voro_radical,voro_radical_rebuilt,1,1,1.18833354127734145e-01,1.18833354127734145e-01,0.00000000000000000e+00,7.49328214856539165e-02,7.49328214856539165e-02,0.00000000000000000e+00,1.13213633385692097e-01,1.13213633385692097e-01,0.00000000000000000e+00,5.52237335078991309e-01,5.52237335078991309e-01,0.00000000000000000e+00,1.49262447677367390e+02,1.49262447677367390e+02,0.00000000000000000e+00,1.50803157370245633e-01,1.50803157370245633e-01,0.00000000000000000e+00,6.64375090664444778e-01,6.64375090664444778e-01,0.00000000000000000e+00,1.29409027946821454e-03,1.29409027946821454e-03,0.00000000000000000e+00,4.55495763116209318e-03,4.55495763116209318e-03,0.00000000000000000e+00,4.74246217406952830e+00,4.74246217406952830e+00,7.99224990081147890e-01,7.99224990081147890e-01,8.09420380799997474e+00,0,0,0,ok,radius labels permuted; distribution exactly preserved
43,6043,576,8.39999999999999969e-01,shape_descent,shape_channel,voro_radical,voro_radical_rebuilt,1,1,1.18833354127734145e-01,1.18846946553056040e-01,1.35924253218955293e-05,7.49328214856539165e-02,7.49328214856539165e-02,0.00000000000000000e+00,1.13213633385692097e-01,1.13232591248867129e-01,1.89578631750314530e-05,5.52237335078991309e-01,5.52237335078991309e-01,0.00000000000000000e+00,1.49262447677367390e+02,1.49262447677367390e+02,0.00000000000000000e+00,1.50803157370245633e-01,1.50803157370245633e-01,0.00000000000000000e+00,6.64375090664444778e-01,6.64375090664444778e-01,0.00000000000000000e+00,1.29409027946821454e-03,1.31931578785155499e-03,2.52255083833404468e-05,4.55495763116209318e-03,4.55495763116209318e-03,0.00000000000000000e+00,4.74246217406952830e+00,4.74246217406952830e+00,7.99224990081147890e-01,7.99224990081147890e-01,6.41637339099997916e+00,0,0,0,ok,stochastic coordinate shape descent
44,6044,576,8.39999999999999969e-01,bounded_ricci_du010,sum_channel,voro_radical,voro_radical_fixed_topology,1,1,1.24576265113982690e-01,1.19653232259873135e-01,-4.92303285410955471e-03,7.78604049155844774e-02,6.13142590475499183e-02,-1.65461458680345591e-02,1.21995570199993797e-01,1.20783878598178004e-01,-1.21169160181579250e-03,5.60416271567676816e-01,4.41410570386349455e-01,-1.19005701181327361e-01,1.21646325685632576e+02,8.54660273595944773e+01,-3.61802983260380984e+01,1.51486887547656490e-01,1.24782380519720792e-01,-2.67045070279356977e-02,5.48563364726073810e-01,4.49528151457384173e-01,-9.90352132686896369e-02,6.89946383744694669e-05,1.92926125204088278e-01,1.92857130565713797e-01,1.52402820776664782e-03,9.14107844007014947e-02,8.98867561929348469e-02,4.74246217406952830e+00,4.78673142381098327e+00,8.04374410472754819e-01,8.53904728263619184e-01,2.98817046000067421e-01,1,1,1,ok,relative_bounded_ricci
44,6044,576,8.39999999999999969e-01,box_shear_aspect,shape_channel,voro_radical,voro_radical_rebuilt,1,1,1.24576265113982690e-01,1.24576265113982690e-01,0.00000000000000000e+00,7.78604049155844774e-02,7.78604049155844774e-02,0.00000000000000000e+00,1.21995570199993797e-01,1.21995570199993797e-01,0.00000000000000000e+00,5.60416271567676816e-01,5.60416271567676816e-01,0.00000000000000000e+00,1.21646325685632576e+02,1.21646325685632576e+02,0.00000000000000000e+00,1.51486887547656490e-01,1.51486887547656490e-01,0.00000000000000000e+00,5.48563364726073810e-01,5.48563364726073810e-01,0.00000000000000000e+00,6.89946383744694669e-05,6.89946383744694669e-05,0.00000000000000000e+00,1.52402820776664782e-03,1.52402820776664782e-03,0.00000000000000000e+00,4.74246217406952830e+00,4.74246217406952830e+00,8.04374410472754819e-01,8.04374410472754819e-01,4.27811027899997498e+00,0,0,0,ok,aspect-only box strain; shear omitted for rectangular voro++ container
44,6044,576,8.39999999999999969e-01,compression_step,coupled,voro_radical,voro_radical_rebuilt,1,1,1.24576265113982690e-01,1.24688132596685097e-01,1.11867482702407428e-04,7.78604049155844774e-02,7.79350274592255921e-02,7.46225436411146470e-05,1.21995570199993797e-01,1.22208008045644301e-01,2.12437845650503832e-04,5.60416271567676816e-01,5.62078410918354310e-01,1.66213935067749397e-03,1.21646325685632576e+02,1.18068831746005969e+02,-3.57749393962660633e+00,1.51486887547656490e-01,1.51765383437243800e-01,2.78495889587310197e-04,5.48563364726073810e-01,5.31080947054444530e-01,-1.74824176716292801e-02,6.89946383744694669e-05,0.00000000000000000e+00,-6.89946383744694669e-05,1.52402820776664782e-03,0.00000000000000000e+00,-1.52402820776664782e-03,4.74246217406952830e+00,4.74246217406952830e+00,8.04374410472754819e-01,8.02146781702469225e-01,2.82055857099999230e+00,0,0,0,ok,local phi scan best endpoint
44,6044,576,8.39999999999999969e-01,free_ricci,sum_channel,voro_radical,voro_radical_fixed_topology,1,1,1.24576265113982690e-01,1.15005071910400450e-01,-9.57119320358224002e-03,7.78604049155844774e-02,7.63339745755519015e-12,-7.78604049079510835e-02,1.21995570199993797e-01,1.18757403854264060e-01,-3.23816634572973716e-03,5.60416271567676816e-01,5.16339243187561401e-11,-5.60416271516042896e-01,1.21646325685632576e+02,1.84125825075998560e-08,-1.21646325667219998e+02,1.51486887547656490e-01,2.38606644799202384e-10,-1.51486887309049856e-01,5.48563364726073810e-01,4.48940121005656999e-10,-5.48563364277133703e-01,6.89946383744694669e-05,8.46782656388858435e+00,8.46775756925021028e+00,1.52402820776664782e-03,5.34586348744372497e-01,5.33062320536605849e-01,4.74246217406952830e+00,6.57198476480196536e+00,8.04374410472754819e-01,9.17779580865129452e-01,3.30252143999814507e-01,1,1,1,ok,converged: max_abs_K < tol
44,6044,576,8.39999999999999969e-01,post_voro_surgery,topology,voro_radical,post_surgery_nonradical,1,1,1.24576265113982690e-01,1.37970208856177834e-01,1.33939437421951441e-02,7.78604049155844774e-02,6.67683635977890932e-02,-1.10920413177953842e-02,1.21995570199993797e-01,1.43136515513529905e-01,2.11409453135361081e-02,5.60416271567676816e-01,4.86454951838261485e-01,-7.39613197294153313e-02,1.21646325685632576e+02,7.78201462292314972e+01,-4.38261794564010785e+01,1.51486887547656490e-01,1.34272570501008132e-01,-1.72143170466483586e-02,5.48563364726073810e-01,3.69491710651314698e-01,-1.79071654074759112e-01,6.89946383744694669e-05,6.89946383744694669e-05,0.00000000000000000e+00,1.52402820776664782e-03,1.52402820776664782e-03,0.00000000000000000e+00,4.74246217406952830e+00,4.74246217406952830e+00,8.04374410472754819e-01,8.35943481889424689e-01,1.54889765918999956e+02,1,0,0,ok,light topology surgery; no longer radical
44,6044,576,8.39999999999999969e-01,radius_label_swap,sum_channel,voro_radical,voro_radical_rebuilt,1,1,1.24576265113982690e-01,1.24576265113982690e-01,0.00000000000000000e+00,7.78604049155844774e-02,7.78604049155844774e-02,0.00000000000000000e+00,1.21995570199993797e-01,1.21995570199993797e-01,0.00000000000000000e+00,5.60416271567676816e-01,5.60416271567676816e-01,0.00000000000000000e+00,1.21646325685632576e+02,1.21646325685632576e+02,0.00000000000000000e+00,1.51486887547656490e-01,1.51486887547656490e-01,0.00000000000000000e+00,5.48563364726073810e-01,5.48563364726073810e-01,0.00000000000000000e+00,6.89946383744694669e-05,6.89946383744694669e-05,0.00000000000000000e+00,1.52402820776664782e-03,1.52402820776664782e-03,0.00000000000000000e+00,4.74246217406952830e+00,4.74246217406952830e+00,8.04374410472754819e-01,8.04374410472754819e-01,8.35002820499994414e+00,0,0,0,ok,radius labels permuted; distribution exactly preserved
44,6044,576,8.39999999999999969e-01,shape_descent,shape_channel,voro_radical,voro_radical_rebuilt,1,1,1.24576265113982690e-01,1.24545210323620273e-01,-3.10547903624169841e-05,7.78604049155844774e-02,7.78604049155844774e-02,0.00000000000000000e+00,1.21995570199993797e-01,1.21966230305914039e-01,-2.93398940797579000e-05,5.60416271567676816e-01,5.60416271567676816e-01,0.00000000000000000e+00,1.21646325685632576e+02,1.21646325685632576e+02,0.00000000000000000e+00,1.51486887547656490e-01,1.51486887547656490e-01,0.00000000000000000e+00,5.48563364726073810e-01,5.48563364726073810e-01,0.00000000000000000e+00,6.89946383744694669e-05,6.90027448467225363e-05,8.10647225306946120e-09,1.52402820776664782e-03,1.52402820776664782e-03,0.00000000000000000e+00,4.74246217406952830e+00,4.74246217406952830e+00,8.04374410472754819e-01,8.04374410472754819e-01,6.34158539899999596e+00,0,1,0,ok,stochastic coordinate shape descent
45,6045,576,8.39999999999999969e-01,bounded_ricci_du010,sum_channel,voro_radical,voro_radical_fixed_topology,1,1,1.17777667523305332e-01,1.12755864791672794e-01,-5.02180273163253810e-03,7.22542844420861197e-02,5.61429059576801504e-02,-1.61113784844059693e-02,1.16110612972423921e-01,1.14852919239059104e-01,-1.25769373336481749e-03,5.21914359122301219e-01,4.04051984753122873e-01,-1.17862374369178347e-01,1.14703464032857795e+02,8.32352919769992354e+01,-3.14681720558585596e+01,1.42832730447794515e-01,1.16801290945979949e-01,-2.60314395018145656e-02,5.42750215292548632e-01,4.60890966216918441e-01,-8.18592490756301916e-02,2.94905607188961365e-04,1.92632282797495807e-01,1.92337377190306857e-01,1.99852018656820896e-03,9.59769552016176419e-02,9.39784350150494330e-02,4.74246217406952830e+00,4.72054329469029899e+00,8.19015325503705260e-01,8.65503501851266011e-01,2.78725512999926650e-01,1,1,1,ok,relative_bounded_ricci
45,6045,576,8.39999999999999969e-01,box_shear_aspect,shape_channel,voro_radical,voro_radical_rebuilt,1,1,1.17777667523305332e-01,1.17777667523305332e-01,0.00000000000000000e+00,7.22542844420861197e-02,7.22542844420861197e-02,0.00000000000000000e+00,1.16110612972423921e-01,1.16110612972423921e-01,0.00000000000000000e+00,5.21914359122301219e-01,5.21914359122301219e-01,0.00000000000000000e+00,1.14703464032857795e+02,1.14703464032857795e+02,0.00000000000000000e+00,1.42832730447794515e-01,1.42832730447794515e-01,0.00000000000000000e+00,5.42750215292548632e-01,5.42750215292548632e-01,0.00000000000000000e+00,2.94905607188961365e-04,2.94905607188961365e-04,0.00000000000000000e+00,1.99852018656820896e-03,1.99852018656820896e-03,0.00000000000000000e+00,4.74246217406952830e+00,4.74246217406952830e+00,8.19015325503705260e-01,8.19015325503705260e-01,4.44401871700006268e+00,0,0,0,ok,aspect-only box strain; shear omitted for rectangular voro++ container
45,6045,576,8.39999999999999969e-01,compression_step,coupled,voro_radical,voro_radical_rebuilt,1,1,1.17777667523305332e-01,1.17791172488243640e-01,1.35049649383073289e-05,7.22542844420861197e-02,7.19913749874828840e-02,-2.62909454603235671e-04,1.16110612972423921e-01,1.16210812989172060e-01,1.00200016748139276e-04,5.21914359122301219e-01,5.20304927552148522e-01,-1.60943157015269733e-03,1.14703464032857795e+02,1.14594405710771355e+02,-1.09058322086440285e-01,1.42832730447794515e-01,1.42550724266839929e-01,-2.82006180954585961e-04,5.42750215292548632e-01,5.43082305847808589e-01,3.32090555259956233e-04,2.94905607188961365e-04,0.00000000000000000e+00,-2.94905607188961365e-04,1.99852018656820896e-03,0.00000000000000000e+00,-1.99852018656820896e-03,4.74246217406952830e+00,4.74246217406952830e+00,8.19015325503705260e-01,8.19740502970790264e-01,2.93522168100003000e+00,1,0,0,ok,local phi scan best endpoint
45,6045,576,8.39999999999999969e-01,free_ricci,sum_channel,voro_radical,voro_radical_fixed_topology,1,1,1.17777667523305332e-01,1.09478718591788315e-01,-8.29894893151701674e-03,7.22542844420861197e-02,7.06801267718252515e-12,-7.22542844350181068e-02,1.16110612972423921e-01,1.12639521710840310e-01,-3.47109126158361148e-03,5.21914359122301219e-01,4.82319603042798924e-11,-5.21914359074069245e-01,1.14703464032857795e+02,1.72878132436781298e-08,-1.14703464015569978e+02,1.42832730447794515e-01,2.22488273894783632e-10,-1.42832730225306237e-01,5.42750215292548632e-01,4.34125748601228763e-10,-5.42750214858422897e-01,2.94905607188961365e-04,8.34412299652554168e+00,8.34382809091835220e+00,1.99852018656820896e-03,5.21157891313006161e-01,5.19159371126437952e-01,4.74246217406952830e+00,5.88751493186101271e+00,8.19015325503705260e-01,9.18514373863612010e-01,3.01718706999963615e-01,1,1,1,ok,converged: max_abs_K < tol
45,6045,576,8.39999999999999969e-01,post_voro_surgery,topology,voro_radical,post_surgery_nonradical,1,1,1.17777667523305332e-01,1.29316885157812367e-01,1.15392176345070346e-02,7.22542844420861197e-02,6.82833899321889787e-02,-3.97089450989714099e-03,1.16110612972423921e-01,1.32372521809601740e-01,1.62619088371778187e-02,5.21914359122301219e-01,4.91440442991074256e-01,-3.04739161312269635e-02,1.14703464032857795e+02,8.38150920667807355e+01,-3.08883719660770595e+01,1.42832730447794515e-01,1.38042853241914815e-01,-4.78987720587970012e-03,5.42750215292548632e-01,3.94147512832500879e-01,-1.48602702460047753e-01,2.94905607188961365e-04,2.94905607188961365e-04,0.00000000000000000e+00,1.99852018656820896e-03,1.99852018656820896e-03,0.00000000000000000e+00,4.74246217406952830e+00,4.74246217406952830e+00,8.19015325503705260e-01,8.32523158373357997e-01,1.56240315799999962e+02,1,0,0,ok,light topology surgery; no longer radical
45,6045,576,8.39999999999999969e-01,radius_label_swap,sum_channel,voro_radical,voro_radical_rebuilt,1,1,1.17777667523305332e-01,1.17777667523305332e-01,0.00000000000000000e+00,7.22542844420861197e-02,7.22542844420861197e-02,0.00000000000000000e+00,1.16110612972423921e-01,1.16110612972423921e-01,0.00000000000000000e+00,5.21914359122301219e-01,5.21914359122301219e-01,0.00000000000000000e+00,1.14703464032857795e+02,1.14703464032857795e+02,0.00000000000000000e+00,1.42832730447794515e-01,1.42832730447794515e-01,0.00000000000000000e+00,5.42750215292548632e-01,5.42750215292548632e-01,0.00000000000000000e+00,2.94905607188961365e-04,2.94905607188961365e-04,0.00000000000000000e+00,1.99852018656820896e-03,1.99852018656820896e-03,0.00000000000000000e+00,4.74246217406952830e+00,4.74246217406952830e+00,8.19015325503705260e-01,8.19015325503705260e-01,7.54799199900003259e+00,0,0,0,ok,radius labels permuted; distribution exactly preserved
45,6045,576,8.39999999999999969e-01,shape_descent,shape_channel,voro_radical,voro_radical_rebuilt,1,1,1.17777667523305332e-01,1.17775436283367410e-01,-2.23123993792206932e-06,7.22542844420861197e-02,7.22542844420861197e-02,0.00000000000000000e+00,1.16110612972423921e-01,1.16110230064093239e-01,-3.82908330681663855e-07,5.21914359122301219e-01,5.21914359122301219e-01,0.00000000000000000e+00,1.14703464032857795e+02,1.14703464032857795e+02,0.00000000000000000e+00,1.42832730447794515e-01,1.42832730447794515e-01,0.00000000000000000e+00,5.42750215292548632e-01,5.42750215292548632e-01,0.00000000000000000e+00,2.94905607188961365e-04,2.95002771803673698e-04,9.71646147123329633e-08,1.99852018656820896e-03,1.99852018656820896e-03,0.00000000000000000e+00,4.74246217406952830e+00,4.74246217406952830e+00,8.19015325503705260e-01,8.19015325503705260e-01,6.21990181099999973e+00,0,1,0,ok,stochastic coordinate shape descent
46,6046,576,8.39999999999999969e-01,bounded_ricci_du010,sum_channel,voro_radical,voro_radical_fixed_topology,1,1,1.14912410140632928e-01,1.08796864429245077e-01,-6.11554571138785141e-03,7.43870484863678322e-02,5.39931120430218250e-02,-2.03939364433460071e-02,1.11781869917620680e-01,1.10191412111565482e-01,-1.59045780605519826e-03,5.36339040185165428e-01,3.88093733150076503e-01,-1.48245307035088925e-01,1.08576954230705383e+02,7.15925572409025364e+01,-3.69843969898028462e+01,1.43688477348296456e-01,1.10983239849307413e-01,-3.27052374989890426e-02,5.11157980991555183e-01,4.11146691292057720e-01,-1.00011289699497463e-01,3.07957413138633309e-04,3.08746150472242631e-01,3.08438193059103971e-01,2.61368864167943471e-03,1.34844892399678340e-01,1.32231203757998905e-01,4.74246217406952830e+00,4.54275835239280390e+00,8.09082387753945920e-01,8.69257404766003883e-01,3.09721762000208400e-01,1,1,1,ok,relative_bounded_ricci
46,6046,576,8.39999999999999969e-01,box_shear_aspect,shape_channel,voro_radical,voro_radical_rebuilt,1,1,1.14912410140632928e-01,1.14911857238147730e-01,-5.52902485198569771e-07,7.43870484863678322e-02,7.43870484863678599e-02,2.77555756156289135e-17,1.11781869917620680e-01,1.11780795142488440e-01,-1.07477513223985799e-06,5.36339040185165428e-01,5.36339040185165428e-01,0.00000000000000000e+00,1.08576954230705383e+02,1.08576954230705383e+02,0.00000000000000000e+00,1.43688477348296456e-01,1.43688477348296456e-01,0.00000000000000000e+00,5.11157980991555183e-01,5.11157980991555183e-01,0.00000000000000000e+00,3.07957413138633309e-04,3.07514228275336781e-04,-4.43184863296527693e-07,2.61368864167943471e-03,2.58346480674243040e-03,-3.02238349370043125e-05,4.74246217406952830e+00,4.74246217406952830e+00,8.09082387753945920e-01,8.09082387753945920e-01,4.43385523500001000e+00,0,1,0,ok,aspect-only box strain; shear omitted for rectangular voro++ container
46,6046,576,8.39999999999999969e-01,compression_step,coupled,voro_radical,voro_radical_rebuilt,1,1,1.14912410140632928e-01,1.14912410140632887e-01,-4.16333634234433703e-17,7.43870484863678322e-02,7.43870484863678183e-02,-1.38777878078144568e-17,1.11781869917620680e-01,1.11781869917620735e-01,5.55111512312578270e-17,5.36339040185165428e-01,5.36339040185165428e-01,0.00000000000000000e+00,1.08576954230705383e+02,1.08576954230705383e+02,0.00000000000000000e+00,1.43688477348296456e-01,1.43688477348296456e-01,0.00000000000000000e+00,5.11157980991555183e-01,5.11157980991555183e-01,0.00000000000000000e+00,3.07957413138633309e-04,0.00000000000000000e+00,-3.07957413138633309e-04,2.61368864167943471e-03,0.00000000000000000e+00,-2.61368864167943471e-03,4.74246217406952830e+00,4.74246217406952830e+00,8.09082387753945920e-01,8.09082387753945920e-01,2.94963748099985423e+00,1,0,0,ok,local phi scan best endpoint
46,6046,576,8.39999999999999969e-01,free_ricci,sum_channel,voro_radical,voro_radical_fixed_topology,1,1,1.14912410140632928e-01,1.05845363001721982e-01,-9.06704713891094694e-03,7.43870484863678322e-02,7.04221244810352036e-12,-7.43870484793256181e-02,1.11781869917620680e-01,1.08488668692192272e-01,-3.29320122542840765e-03,5.36339040185165428e-01,4.86544005332292979e-11,-5.36339040136511014e-01,1.08576954230705383e+02,1.75338076852905515e-08,-1.08576954213171575e+02,1.43688477348296456e-01,2.24977961009073383e-10,-1.43688477123318503e-01,5.11157980991555183e-01,4.56086222626296313e-10,-5.11157980535469014e-01,3.07957413138633309e-04,8.53188558540000663e+00,8.53157762798686825e+00,2.61368864167943471e-03,5.36671278868719126e-01,5.34057590227039691e-01,4.74246217406952830e+00,4.69326933651720068e+00,8.09082387753945920e-01,9.28030380083602502e-01,3.34261018000006516e-01,1,1,1,ok,converged: max_abs_K < tol
46,6046,576,8.39999999999999969e-01,post_voro_surgery,topology,voro_radical,post_surgery_nonradical,1,1,1.14912410140632928e-01,1.34054082831954774e-01,1.91416726913218455e-02,7.43870484863678322e-02,6.77311403688845154e-02,-6.65590811748331679e-03,1.11781869917620680e-01,1.38146797179570013e-01,2.63649272619493336e-02,5.36339040185165428e-01,4.96693282228245880e-01,-3.96457579569195473e-02,1.08576954230705383e+02,8.79967730053272135e+01,-2.05801812253781691e+01,1.43688477348296456e-01,1.35543581354365311e-01,-8.14489599393114494e-03,5.11157980991555183e-01,4.28176548814502289e-01,-8.29814321770528940e-02,3.07957413138633309e-04,3.07957413138633309e-04,0.00000000000000000e+00,2.61368864167943471e-03,2.61368864167943471e-03,0.00000000000000000e+00,4.74246217406952830e+00,4.74246217406952830e+00,8.09082387753945920e-01,8.27832143025682421e-01,1.59082509733000052e+02,1,0,0,ok,light topology surgery; no longer radical
46,6046,576,8.39999999999999969e-01,radius_label_swap,sum_channel,voro_radical,voro_radical_rebuilt,1,1,1.14912410140632928e-01,1.14912490444135498e-01,8.03035025698228822e-08,7.43870484863678322e-02,7.43867090573365058e-02,-3.39429031326332620e-07,1.11781869917620680e-01,1.11781854450356447e-01,-1.54672642332931431e-08,5.36339040185165428e-01,5.36339337473924704e-01,2.97288759276703729e-07,1.08576954230705383e+02,1.08577149309688366e+02,1.95078982983432070e-04,1.43688477348296456e-01,1.43688813140940813e-01,3.35792644357013614e-07,5.11157980991555183e-01,5.11157871303179911e-01,-1.09688375271588257e-07,3.07957413138633309e-04,3.08042535143432405e-04,8.51220047990959919e-08,2.61368864167943471e-03,2.61368864167943471e-03,0.00000000000000000e+00,4.74246217406952830e+00,4.74246217406952830e+00,8.09082387753945920e-01,8.09081891396122854e-01,7.44459428999994088e+00,1,1,1,ok,radius labels permuted; distribution exactly preserved
46,6046,576,8.39999999999999969e-01,shape_descent,shape_channel,voro_radical,voro_radical_rebuilt,1,1,1.14912410140632928e-01,1.14896994453912993e-01,-1.54156867199356507e-05,7.43870484863678322e-02,7.43870484863678322e-02,0.00000000000000000e+00,1.11781869917620680e-01,1.11781763128578113e-01,-1.06789042567112524e-07,5.36339040185165428e-01,5.36339040185165428e-01,0.00000000000000000e+00,1.08576954230705383e+02,1.08576954230705383e+02,0.00000000000000000e+00,1.43688477348296456e-01,1.43688477348296456e-01,0.00000000000000000e+00,5.11157980991555183e-01,5.11157980991555183e-01,0.00000000000000000e+00,3.07957413138633309e-04,3.09099872182387039e-04,1.14245904375372999e-06,2.61368864167943471e-03,2.61368864167943471e-03,0.00000000000000000e+00,4.74246217406952830e+00,4.74246217406952830e+00,8.09082387753945920e-01,8.09082387753945920e-01,6.34745440599999711e+00,0,1,0,ok,stochastic coordinate shape descent
47,6047,576,8.39999999999999969e-01,bounded_ricci_du010,sum_channel,voro_radical,voro_radical_fixed_topology,1,1,1.18339100868402006e-01,1.12604918809469434e-01,-5.73418205893257149e-03,7.30144897538623217e-02,5.41616012045027864e-02,-1.88528885493595352e-02,1.15821494974375536e-01,1.14361452424875665e-01,-1.46004254949987089e-03,5.28545871724953931e-01,3.91875867614654316e-01,-1.36670004110299614e-01,1.00395561571839522e+02,6.93355520592784700e+01,-3.10600095125610522e+01,1.40878076360694160e-01,1.10564392002229686e-01,-3.03136843584644738e-02,4.78595305154243367e-01,3.98128661732903955e-01,-8.04666434213394122e-02,1.04352659346334780e-04,2.35791240619627196e-01,2.35686887960280866e-01,1.56503162986965094e-03,1.09671418078777005e-01,1.08106386448907354e-01,4.74246217406952830e+00,4.59815979732011826e+00,8.09856734605257089e-01,8.64241204497993465e-01,2.90387540999972771e-01,1,1,1,ok,relative_bounded_ricci
47,6047,576,8.39999999999999969e-01,box_shear_aspect,shape_channel,voro_radical,voro_radical_rebuilt,1,1,1.18339100868402006e-01,1.18339100868402006e-01,0.00000000000000000e+00,7.30144897538623217e-02,7.30144897538623217e-02,0.00000000000000000e+00,1.15821494974375536e-01,1.15821494974375536e-01,0.00000000000000000e+00,5.28545871724953931e-01,5.28545871724953931e-01,0.00000000000000000e+00,1.00395561571839522e+02,1.00395561571839522e+02,0.00000000000000000e+00,1.40878076360694160e-01,1.40878076360694160e-01,0.00000000000000000e+00,4.78595305154243367e-01,4.78595305154243367e-01,0.00000000000000000e+00,1.04352659346334780e-04,1.04352659346334780e-04,0.00000000000000000e+00,1.56503162986965094e-03,1.56503162986965094e-03,0.00000000000000000e+00,4.74246217406952830e+00,4.74246217406952830e+00,8.09856734605257089e-01,8.09856734605257089e-01,4.44147987199994532e+00,0,0,0,ok,aspect-only box strain; shear omitted for rectangular voro++ container
47,6047,576,8.39999999999999969e-01,compression_step,coupled,voro_radical,voro_radical_rebuilt,1,1,1.18339100868402006e-01,1.18339100868401950e-01,-5.55111512312578270e-17,7.30144897538623217e-02,7.30144897538624049e-02,8.32667268468867405e-17,1.15821494974375536e-01,1.15821494974375466e-01,-6.93889390390722838e-17,5.28545871724953931e-01,5.28545871724953931e-01,0.00000000000000000e+00,1.00395561571839522e+02,1.00395561571839522e+02,0.00000000000000000e+00,1.40878076360694160e-01,1.40878076360694160e-01,0.00000000000000000e+00,4.78595305154243367e-01,4.78595305154243367e-01,0.00000000000000000e+00,1.04352659346334780e-04,0.00000000000000000e+00,-1.04352659346334780e-04,1.56503162986965094e-03,0.00000000000000000e+00,-1.56503162986965094e-03,4.74246217406952830e+00,4.74246217406952830e+00,8.09856734605257089e-01,8.09856734605257089e-01,2.89108596100004434e+00,0,1,0,ok,local phi scan best endpoint
47,6047,576,8.39999999999999969e-01,free_ricci,sum_channel,voro_radical,voro_radical_fixed_topology,1,1,1.18339100868402006e-01,1.09790359559965744e-01,-8.54874130843626123e-03,7.30144897538623217e-02,6.88718948249465576e-12,-7.30144897469751364e-02,1.15821494974375536e-01,1.12974630154664107e-01,-2.84686481971142824e-03,5.28545871724953931e-01,4.82494455415881867e-11,-5.28545871676704526e-01,1.00395561571839522e+02,1.71591672426454110e-08,-1.00395561554680356e+02,1.40878076360694160e-01,2.22912696076926338e-10,-1.40878076137781472e-01,4.78595305154243367e-01,4.48538845169646532e-10,-4.78595304705704494e-01,1.04352659346334780e-04,7.85902627141195342e+00,7.85892191875260693e+00,1.56503162986965094e-03,5.57469570756883304e-01,5.55904539127013653e-01,4.74246217406952830e+00,5.12671271644598825e+00,8.09856734605257089e-01,9.21943706347517988e-01,3.30374364000135756e-01,1,1,1,ok,converged: max_abs_K < tol
47,6047,576,8.39999999999999969e-01,post_voro_surgery,topology,voro_radical,post_surgery_nonradical,1,1,1.18339100868402006e-01,1.30520584723607114e-01,1.21814838552051080e-02,7.30144897538623217e-02,6.71179953617886821e-02,-5.89649439207363957e-03,1.15821494974375536e-01,1.35025613418000540e-01,1.92041184436250040e-02,5.28545871724953931e-01,4.83182800294106929e-01,-4.53630714308470018e-02,1.00395561571839522e+02,8.14462763010406405e+01,-1.89492852707988817e+01,1.40878076360694160e-01,1.32165671188603534e-01,-8.71240517209062593e-03,4.78595305154243367e-01,4.01150429725781799e-01,-7.74448754284615681e-02,1.04352659346334780e-04,1.04352659346334780e-04,0.00000000000000000e+00,1.56503162986965094e-03,1.56503162986965094e-03,0.00000000000000000e+00,4.74246217406952830e+00,4.74246217406952830e+00,8.09856734605257089e-01,8.32712875655480467e-01,1.58946776074999889e+02,1,0,0,ok,light topology surgery; no longer radical
47,6047,576,8.39999999999999969e-01,radius_label_swap,sum_channel,voro_radical,voro_radical_rebuilt,1,1,1.18339100868402006e-01,1.18338891209020539e-01,-2.09659381467108830e-07,7.30144897538623217e-02,7.30147200623150194e-02,2.30308452697780552e-07,1.15821494974375536e-01,1.15821002288136965e-01,-4.92686238570683166e-07,5.28545871724953931e-01,5.28545910667579943e-01,3.89426260127834212e-08,1.00395561571839522e+02,1.00394302596957090e+02,-1.25897488243253974e-03,1.40878076360694160e-01,1.40876088869928445e-01,-1.98749076571469452e-06,4.78595305154243367e-01,4.78595338918205826e-01,3.37639624592434018e-08,1.04352659346334780e-04,1.04499828696884907e-04,1.47169350550127608e-07,1.56503162986965094e-03,1.56503162986965094e-03,0.00000000000000000e+00,4.74246217406952830e+00,4.74246217406952830e+00,8.09856734605257089e-01,8.09856734605256978e-01,7.20356748700010030e+00,0,1,0,ok,radius labels permuted; distribution exactly preserved
47,6047,576,8.39999999999999969e-01,shape_descent,shape_channel,voro_radical,voro_radical_rebuilt,1,1,1.18339100868402006e-01,1.18337100064374756e-01,-2.00080402724955864e-06,7.30144897538623217e-02,7.30144897538623217e-02,0.00000000000000000e+00,1.15821494974375536e-01,1.15820463507612825e-01,-1.03146676271037574e-06,5.28545871724953931e-01,5.28545871724953931e-01,0.00000000000000000e+00,1.00395561571839522e+02,1.00395561571839522e+02,0.00000000000000000e+00,1.40878076360694160e-01,1.40878076360694160e-01,0.00000000000000000e+00,4.78595305154243367e-01,4.78595305154243367e-01,0.00000000000000000e+00,1.04352659346334780e-04,1.04850847597733374e-04,4.98188251398594645e-07,1.56503162986965094e-03,1.56503162986965094e-03,0.00000000000000000e+00,4.74246217406952830e+00,4.74246217406952830e+00,8.09856734605257089e-01,8.09856734605257089e-01,6.29582004100006998e+00,0,1,0,ok,stochastic coordinate shape descent
