run_id,seed,N,phi,operator_name,operator_family,topology_identity_before,topology_identity_after,valid_before,valid_after,Theta_NM_before,Theta_NM_after,Delta_Theta_NM,Theta_sum_before,Theta_sum_after,Delta_Theta_sum,Theta_shape_before,Theta_shape_after,Delta_Theta_shape,B_rms_before,B_rms_after,Delta_B_rms,S_pred_before,S_pred_after,Delta_S_pred,du_rms_before,du_rms_after,Delta_du_rms,du_max_before,du_max_after,Delta_du_max,U_overlap_before,U_overlap_after,Delta_U_overlap,max_overlap_before,max_overlap_after,Delta_max_overlap,radius_ratio_before,radius_ratio_after,degree_radius_corr_before,degree_radius_corr_after,time_sec,success_left,success_down,success_diagonal,status,notes
0,5000,256,8.39999999999999969e-01,bounded_ricci_du010,sum_channel,voro_radical,voro_radical_fixed_topology,1,1,1.22499764529738778e-01,1.17782242646378835e-01,-4.71752188335994305e-03,7.97974009700866960e-02,6.59166619090780503e-02,-1.38807390610086456e-02,1.19856608806006779e-01,1.18540215623506848e-01,-1.31639318249993087e-03,5.83486463009095679e-01,4.79334611552875656e-01,-1.04151851456220024e-01,1.19529146507398508e+02,9.22771215154654385e+01,-2.72520249919330695e+01,1.56964576320315491e-01,1.34069862475865775e-01,-2.28947138444497156e-02,5.21094382057403882e-01,4.57587980099664837e-01,-6.35064019577390448e-02,4.53715929528068773e-03,7.09706686672994108e-02,6.64335093720187231e-02,1.13506296529952699e-02,8.10728479234295030e-02,6.97222182704342330e-02,3.96077057090769946e+00,3.94353524803967836e+00,7.91660492723290088e-01,8.39970700228925060e-01,1.15525889000000603e-01,1,1,1,ok,relative_bounded_ricci
0,5000,256,8.39999999999999969e-01,box_shear_aspect,shape_channel,voro_radical,voro_radical_rebuilt,1,1,1.22499764529738778e-01,1.22498997490577965e-01,-7.67039160812221787e-07,7.97974009700866960e-02,7.97974009700866682e-02,-2.77555756156289135e-17,1.19856608806006779e-01,1.19857013621903277e-01,4.04815896498655903e-07,5.83486463009095679e-01,5.83486463009095679e-01,0.00000000000000000e+00,1.19529146507398508e+02,1.19529146507398508e+02,0.00000000000000000e+00,1.56964576320315491e-01,1.56964576320315491e-01,0.00000000000000000e+00,5.21094382057403882e-01,5.21094382057403882e-01,0.00000000000000000e+00,4.53715929528068773e-03,4.53552627624700770e-03,-1.63301903368003043e-06,1.13506296529952699e-02,1.13259520704760419e-02,-2.46775825192280251e-05,3.96077057090769946e+00,3.96077057090769946e+00,7.91660492723290088e-01,7.91660492723290088e-01,2.80256106400000249e+00,1,0,0,ok,aspect-only box strain; shear omitted for rectangular voro++ container
0,5000,256,8.39999999999999969e-01,compression_step,coupled,voro_radical,voro_radical_rebuilt,1,1,1.22499764529738778e-01,1.22499764529738805e-01,2.77555756156289135e-17,7.97974009700866960e-02,7.97974009700867237e-02,2.77555756156289135e-17,1.19856608806006779e-01,1.19856608806006834e-01,5.55111512312578270e-17,5.83486463009095679e-01,5.83486463009095679e-01,0.00000000000000000e+00,1.19529146507398508e+02,1.19529146507398508e+02,0.00000000000000000e+00,1.56964576320315491e-01,1.56964576320315491e-01,0.00000000000000000e+00,5.21094382057403882e-01,5.21094382057403882e-01,0.00000000000000000e+00,4.53715929528068773e-03,0.00000000000000000e+00,-4.53715929528068773e-03,1.13506296529952699e-02,0.00000000000000000e+00,-1.13506296529952699e-02,3.96077057090769946e+00,3.96077057090769946e+00,7.91660492723290088e-01,7.91660492723290088e-01,1.09467172499999776e+00,0,0,0,ok,local phi scan best endpoint
0,5000,256,8.39999999999999969e-01,free_ricci,sum_channel,voro_radical,voro_radical_fixed_topology,1,1,1.22499764529738778e-01,1.11066520278383360e-01,-1.14332442513554178e-02,7.97974009700866960e-02,6.75884830769525907e-12,-7.97974009633278525e-02,1.19856608806006779e-01,1.14923553375062715e-01,-4.93305543094406385e-03,5.83486463009095679e-01,4.78381880317034683e-11,-5.83486462961257502e-01,1.19529146507398508e+02,8.51199087011588763e-09,-1.19529146498886519e+02,1.56964576320315491e-01,2.26646547590772566e-10,-1.56964576093668956e-01,5.21094382057403882e-01,4.58668454921952483e-10,-5.21094381598735445e-01,4.53715929528068773e-03,4.15517199764322331e+00,4.15063483834794233e+00,1.13506296529952699e-02,5.09588232343545222e-01,4.98237602690549952e-01,3.96077057090769946e+00,5.13385384451954607e+00,7.91660492723290088e-01,9.20336741095900690e-01,1.24425625000000650e-01,1,1,1,ok,converged: max_abs_K < tol
0,5000,256,8.39999999999999969e-01,post_voro_surgery,topology,voro_radical,post_surgery_nonradical,1,1,1.22499764529738778e-01,1.43884386583156137e-01,2.13846220534173598e-02,7.97974009700866960e-02,6.33791147655885928e-02,-1.64182862044981032e-02,1.19856608806006779e-01,1.52457151894829751e-01,3.26005430888229725e-02,5.83486463009095679e-01,4.62248921008825919e-01,-1.21237542000269760e-01,1.19529146507398508e+02,7.10537610071280881e+01,-4.84753855002704199e+01,1.56964576320315491e-01,1.28119442854663146e-01,-2.88451334656523450e-02,5.21094382057403882e-01,3.47251070464775324e-01,-1.73843311592628558e-01,4.53715929528068773e-03,4.53715929528068773e-03,0.00000000000000000e+00,1.13506296529952699e-02,1.13506296529952699e-02,0.00000000000000000e+00,3.96077057090769946e+00,3.96077057090769946e+00,7.91660492723290088e-01,8.35888965307733489e-01,6.15406428269999992e+01,1,0,0,ok,light topology surgery; no longer radical
0,5000,256,8.39999999999999969e-01,radius_label_swap,sum_channel,voro_radical,voro_radical_rebuilt,1,1,1.22499764529738778e-01,1.22499787764145787e-01,2.32344070094647748e-08,7.97974009700866960e-02,7.98028142796909368e-02,5.41330960424080132e-06,1.19856608806006779e-01,1.19854877667090715e-01,-1.73113891606402337e-06,5.83486463009095679e-01,5.83514465124593040e-01,2.80021154973608688e-05,1.19529146507398508e+02,1.19530294282211401e+02,1.14777481289252137e-03,1.56964576320315491e-01,1.56965796984150918e-01,1.22066383542729362e-06,5.21094382057403882e-01,5.21095892036931518e-01,1.50997952763631815e-06,4.53715929528068773e-03,4.50818251685951386e-03,-2.89767784211738752e-05,1.13506296529952699e-02,1.13506296529952699e-02,0.00000000000000000e+00,3.96077057090769946e+00,3.96077057090769946e+00,7.91660492723290088e-01,7.91660492723290088e-01,8.48440007499999638e+00,0,1,0,ok,radius labels permuted; distribution exactly preserved
0,5000,256,8.39999999999999969e-01,shape_descent,shape_channel,voro_radical,voro_radical_rebuilt,1,1,1.22499764529738778e-01,1.22501459764058337e-01,1.69523431955975745e-06,7.97974009700866960e-02,7.97974009700866960e-02,0.00000000000000000e+00,1.19856608806006779e-01,1.19782875171991585e-01,-7.37336340151939496e-05,5.83486463009095679e-01,5.83486463009095679e-01,0.00000000000000000e+00,1.19529146507398508e+02,1.19529146507398508e+02,0.00000000000000000e+00,1.56964576320315491e-01,1.56964576320315491e-01,0.00000000000000000e+00,5.21094382057403882e-01,5.21094382057403882e-01,0.00000000000000000e+00,4.53715929528068773e-03,4.72635752816603829e-03,1.89198232885350558e-04,1.13506296529952699e-02,1.13506296529952699e-02,0.00000000000000000e+00,3.96077057090769946e+00,3.96077057090769946e+00,7.91660492723290088e-01,7.91660492723290088e-01,4.08159750500000129e+00,0,1,0,ok,stochastic coordinate shape descent
1,5001,256,8.39999999999999969e-01,bounded_ricci_du010,sum_channel,voro_radical,voro_radical_fixed_topology,1,1,1.13638151361536877e-01,1.09079224031995284e-01,-4.55892732954159274e-03,7.31079313080001680e-02,5.45838638159805711e-02,-1.85240674920195969e-02,1.13732160471657587e-01,1.12307858271302019e-01,-1.42430220035556776e-03,5.14815167390920370e-01,3.83815414506327168e-01,-1.30999752884593201e-01,9.51769142675232729e+01,6.66141427243058217e+01,-2.85627715432174512e+01,1.42689086069606230e-01,1.13939705107350062e-01,-2.87493809622561686e-02,4.44120139810292358e-01,3.69449289896205624e-01,-7.46708499140867343e-02,2.87280607168554367e-04,1.03330630402419035e-01,1.03043349795250483e-01,3.36565601562499594e-03,9.30597748369690336e-02,8.96941188213440377e-02,3.96077057090769946e+00,3.88932888378414798e+00,8.07375155519678867e-01,8.61760712454160860e-01,1.14021830000002211e-01,1,1,1,ok,relative_bounded_ricci
1,5001,256,8.39999999999999969e-01,box_shear_aspect,shape_channel,voro_radical,voro_radical_rebuilt,1,1,1.13638151361536877e-01,1.13638151361536877e-01,0.00000000000000000e+00,7.31079313080001680e-02,7.31079313080001680e-02,0.00000000000000000e+00,1.13732160471657587e-01,1.13732160471657587e-01,0.00000000000000000e+00,5.14815167390920370e-01,5.14815167390920370e-01,0.00000000000000000e+00,9.51769142675232729e+01,9.51769142675232729e+01,0.00000000000000000e+00,1.42689086069606230e-01,1.42689086069606230e-01,0.00000000000000000e+00,4.44120139810292358e-01,4.44120139810292358e-01,0.00000000000000000e+00,2.87280607168554367e-04,2.87280607168554367e-04,0.00000000000000000e+00,3.36565601562499594e-03,3.36565601562499594e-03,0.00000000000000000e+00,3.96077057090769946e+00,3.96077057090769946e+00,8.07375155519678867e-01,8.07375155519678867e-01,3.97001555700000353e+00,0,0,0,ok,aspect-only box strain; shear omitted for rectangular voro++ container
1,5001,256,8.39999999999999969e-01,compression_step,coupled,voro_radical,voro_radical_rebuilt,1,1,1.13638151361536877e-01,1.13638151361536835e-01,-4.16333634234433703e-17,7.31079313080001680e-02,7.31079313080001542e-02,-1.38777878078144568e-17,1.13732160471657587e-01,1.13732160471657545e-01,-4.16333634234433703e-17,5.14815167390920370e-01,5.14815167390920370e-01,0.00000000000000000e+00,9.51769142675232729e+01,9.51769142675232729e+01,0.00000000000000000e+00,1.42689086069606230e-01,1.42689086069606230e-01,0.00000000000000000e+00,4.44120139810292358e-01,4.44120139810292358e-01,0.00000000000000000e+00,2.87280607168554367e-04,0.00000000000000000e+00,-2.87280607168554367e-04,3.36565601562499594e-03,0.00000000000000000e+00,-3.36565601562499594e-03,3.96077057090769946e+00,3.96077057090769946e+00,8.07375155519678867e-01,8.07375155519678867e-01,1.89276809999999784e+00,1,1,1,ok,local phi scan best endpoint
1,5001,256,8.39999999999999969e-01,free_ricci,sum_channel,voro_radical,voro_radical_fixed_topology,1,1,1.13638151361536877e-01,1.08150039887587798e-01,-5.48811147394907828e-03,7.31079313080001680e-02,6.44641671668001832e-12,-7.31079313015537552e-02,1.13732160471657587e-01,1.10486401886278854e-01,-3.24575858537873296e-03,5.14815167390920370e-01,4.46678496812012240e-11,-5.14815167346252545e-01,9.51769142675232729e+01,7.52529851739370121e-09,-9.51769142599979716e+01,1.42689086069606230e-01,2.08153933241388223e-10,-1.42689085861452292e-01,4.44120139810292358e-01,4.25016658394396633e-10,-4.44120139385275725e-01,2.87280607168554367e-04,4.01771145635277005e+00,4.01742417574560129e+00,3.36565601562499594e-03,4.42387384532224370e-01,4.39021728516599374e-01,3.96077057090769946e+00,4.57582776457878104e+00,8.07375155519678867e-01,9.11216039422162005e-01,9.68745460000022263e-02,1,1,1,ok,converged: max_abs_K < tol
1,5001,256,8.39999999999999969e-01,post_voro_surgery,topology,voro_radical,post_surgery_nonradical,1,1,1.13638151361536877e-01,1.38299248148706977e-01,2.46610967871701003e-02,7.31079313080001680e-02,6.41911414273143577e-02,-8.91678988068581035e-03,1.13732160471657587e-01,1.48085819290179554e-01,3.43536588185219677e-02,5.14815167390920370e-01,4.54110959617529675e-01,-6.07042077733906948e-02,9.51769142675232729e+01,6.93714005807627103e+01,-2.58055136867605626e+01,1.42689086069606230e-01,1.30529185619829569e-01,-1.21599004497766616e-02,4.44120139810292358e-01,3.24252250584860457e-01,-1.19867889225431901e-01,2.87280607168554367e-04,2.87280607168554367e-04,0.00000000000000000e+00,3.36565601562499594e-03,3.36565601562499594e-03,0.00000000000000000e+00,3.96077057090769946e+00,3.96077057090769946e+00,8.07375155519678867e-01,8.37584362563301710e-01,5.37128491370000063e+01,1,0,0,ok,light topology surgery; no longer radical
1,5001,256,8.39999999999999969e-01,radius_label_swap,sum_channel,voro_radical,voro_radical_rebuilt,1,1,1.13638151361536877e-01,1.13640168331297864e-01,2.01696976098730829e-06,7.31079313080001680e-02,7.31102011328891022e-02,2.26982488893412437e-06,1.13732160471657587e-01,1.13732433242072578e-01,2.72770414991296839e-07,5.14815167390920370e-01,5.14829753411083724e-01,1.45860201633540854e-05,9.51769142675232729e+01,9.51766236190725863e+01,-2.90648450686603610e-04,1.42689086069606230e-01,1.42688843059291193e-01,-2.43010315037484048e-07,4.44120139810292358e-01,4.44119302861594123e-01,-8.36948698235140398e-07,2.87280607168554367e-04,2.86738310080293342e-04,-5.42297088261024535e-07,3.36565601562499594e-03,3.36565601562499594e-03,0.00000000000000000e+00,3.96077057090769946e+00,3.96077057090769946e+00,8.07375155519678867e-01,8.07366401456745320e-01,5.60571528599999169e+00,0,0,0,ok,radius labels permuted; distribution exactly preserved
1,5001,256,8.39999999999999969e-01,shape_descent,shape_channel,voro_radical,voro_radical_rebuilt,1,1,1.13638151361536877e-01,1.13583318583438619e-01,-5.48327780982571511e-05,7.31079313080001680e-02,7.31079313080001680e-02,0.00000000000000000e+00,1.13732160471657587e-01,1.13699258194741262e-01,-3.29022769163245243e-05,5.14815167390920370e-01,5.14815167390920370e-01,0.00000000000000000e+00,9.51769142675232729e+01,9.51769142675232729e+01,0.00000000000000000e+00,1.42689086069606230e-01,1.42689086069606230e-01,0.00000000000000000e+00,4.44120139810292358e-01,4.44120139810292358e-01,0.00000000000000000e+00,2.87280607168554367e-04,2.87323706827339361e-04,4.30996587849944400e-08,3.36565601562499594e-03,3.36565601562499594e-03,0.00000000000000000e+00,3.96077057090769946e+00,3.96077057090769946e+00,8.07375155519678867e-01,8.07375155519678867e-01,6.47086638499999722e+00,0,1,0,ok,stochastic coordinate shape descent
2,5002,256,8.39999999999999969e-01,bounded_ricci_du010,sum_channel,voro_radical,voro_radical_fixed_topology,1,1,1.19948483391180596e-01,1.14280367947966144e-01,-5.66811544321445260e-03,7.66442705132053953e-02,5.66965254753261580e-02,-1.99477450378792373e-02,1.15690035563522489e-01,1.14632448070397380e-01,-1.05758749312510891e-03,5.47681225373384373e-01,4.03975760909162707e-01,-1.43705464464221666e-01,1.01497663867793392e+02,6.77129140089296868e+01,-3.37847498588637052e+01,1.44151192856422306e-01,1.11616406375331975e-01,-3.25347864810903303e-02,4.74002012686933372e-01,3.85146508695532186e-01,-8.88555039914011857e-02,7.23910398442805577e-04,1.15933327724399918e-01,1.15209417325957117e-01,4.93644155168881937e-03,1.12665025794405071e-01,1.07728584242716252e-01,3.96077057090769946e+00,3.75541409938962101e+00,7.93737348816864641e-01,8.55974766105798146e-01,8.51820080000003088e-02,1,1,1,ok,relative_bounded_ricci
2,5002,256,8.39999999999999969e-01,box_shear_aspect,shape_channel,voro_radical,voro_radical_rebuilt,1,1,1.19948483391180596e-01,1.19948483391180596e-01,0.00000000000000000e+00,7.66442705132053953e-02,7.66442705132053953e-02,0.00000000000000000e+00,1.15690035563522489e-01,1.15690035563522489e-01,0.00000000000000000e+00,5.47681225373384373e-01,5.47681225373384373e-01,0.00000000000000000e+00,1.01497663867793392e+02,1.01497663867793392e+02,0.00000000000000000e+00,1.44151192856422306e-01,1.44151192856422306e-01,0.00000000000000000e+00,4.74002012686933372e-01,4.74002012686933372e-01,0.00000000000000000e+00,7.23910398442805577e-04,7.23910398442805577e-04,0.00000000000000000e+00,4.93644155168881937e-03,4.93644155168881937e-03,0.00000000000000000e+00,3.96077057090769946e+00,3.96077057090769946e+00,7.93737348816864641e-01,7.93737348816864641e-01,4.36242415499999936e+00,0,0,0,ok,aspect-only box strain; shear omitted for rectangular voro++ container
2,5002,256,8.39999999999999969e-01,compression_step,coupled,voro_radical,voro_radical_rebuilt,1,1,1.19948483391180596e-01,1.19948483391180583e-01,-1.38777878078144568e-17,7.66442705132053953e-02,7.66442705132053953e-02,0.00000000000000000e+00,1.15690035563522489e-01,1.15690035563522559e-01,6.93889390390722838e-17,5.47681225373384373e-01,5.47681225373384373e-01,0.00000000000000000e+00,1.01497663867793392e+02,1.01497663867793392e+02,0.00000000000000000e+00,1.44151192856422306e-01,1.44151192856422306e-01,0.00000000000000000e+00,4.74002012686933372e-01,4.74002012686933372e-01,0.00000000000000000e+00,7.23910398442805577e-04,0.00000000000000000e+00,-7.23910398442805577e-04,4.93644155168881937e-03,0.00000000000000000e+00,-4.93644155168881937e-03,3.96077057090769946e+00,3.96077057090769946e+00,7.93737348816864641e-01,7.93737348816864641e-01,1.26405043700000164e+00,0,0,0,ok,local phi scan best endpoint
2,5002,256,8.39999999999999969e-01,free_ricci,sum_channel,voro_radical,voro_radical_fixed_topology,1,1,1.19948483391180596e-01,1.11479053756030941e-01,-8.46942963514965563e-03,7.66442705132053953e-02,6.69544865978493569e-12,-7.66442705065099456e-02,1.15690035563522489e-01,1.14191720490662160e-01,-1.49831507286032894e-03,5.47681225373384373e-01,4.74227547267766054e-11,-5.47681225325961640e-01,1.01497663867793392e+02,8.04706400903125694e-09,-1.01497663859746325e+02,1.44151192856422306e-01,2.21846362263865131e-10,-1.44151192634575931e-01,4.74002012686933372e-01,4.54515204383513084e-10,-4.74002012232418168e-01,7.23910398442805577e-04,2.84996439177689442e+00,2.84924048137845176e+00,4.93644155168881937e-03,4.66584555703936532e-01,4.61648114152247713e-01,3.96077057090769946e+00,5.15437900694108997e+00,7.93737348816864641e-01,9.28507435647652368e-01,1.56315339000002496e-01,1,1,1,ok,converged: max_abs_K < tol
2,5002,256,8.39999999999999969e-01,post_voro_surgery,topology,voro_radical,post_surgery_nonradical,1,1,1.19948483391180596e-01,1.42711492547834773e-01,2.27630091566541765e-02,7.66442705132053953e-02,6.85222656791360518e-02,-8.12200483406934348e-03,1.15690035563522489e-01,1.47269796482894039e-01,3.15797609193715495e-02,5.47681225373384373e-01,4.98158715757797133e-01,-4.95225096155872402e-02,1.01497663867793392e+02,8.14719678332201909e+01,-2.00256960345732011e+01,1.44151192856422306e-01,1.33594248010588251e-01,-1.05569448458340542e-02,4.74002012686933372e-01,3.96304433398735223e-01,-7.76975792881981486e-02,7.23910398442805577e-04,7.23910398442805577e-04,0.00000000000000000e+00,4.93644155168881937e-03,4.93644155168881937e-03,0.00000000000000000e+00,3.96077057090769946e+00,3.96077057090769946e+00,7.93737348816864641e-01,8.22321301586625197e-01,5.65914813910000021e+01,1,0,0,ok,light topology surgery; no longer radical
2,5002,256,8.39999999999999969e-01,radius_label_swap,sum_channel,voro_radical,voro_radical_rebuilt,1,1,1.19948483391180596e-01,1.19936400951627956e-01,-1.20824395526408779e-05,7.66442705132053953e-02,7.66291045701130158e-02,-1.51659430923795080e-05,1.15690035563522489e-01,1.15687188217381068e-01,-2.84734614142134745e-06,5.47681225373384373e-01,5.47541475634355623e-01,-1.39749739028749431e-04,1.01497663867793392e+02,1.01475863851071068e+02,-2.18000167223237895e-02,1.44151192856422306e-01,1.44115291619717312e-01,-3.59012367049937886e-05,4.74002012686933372e-01,4.74008650580024393e-01,6.63789309102158498e-06,7.23910398442805577e-04,6.99138517643598315e-04,-2.47718807992072625e-05,4.93644155168881937e-03,4.93644155168881937e-03,0.00000000000000000e+00,3.96077057090769946e+00,3.96077057090769946e+00,7.93737348816864641e-01,7.93804049902699926e-01,5.76297583400000235e+00,1,1,1,ok,radius labels permuted; distribution exactly preserved
2,5002,256,8.39999999999999969e-01,shape_descent,shape_channel,voro_radical,voro_radical_rebuilt,1,1,1.19948483391180596e-01,1.19941988026022892e-01,-6.49536515770487988e-06,7.66442705132053953e-02,7.66442705132053953e-02,0.00000000000000000e+00,1.15690035563522489e-01,1.15660026115061473e-01,-3.00094484610158307e-05,5.47681225373384373e-01,5.47681225373384373e-01,0.00000000000000000e+00,1.01497663867793392e+02,1.01497663867793392e+02,0.00000000000000000e+00,1.44151192856422306e-01,1.44151192856422306e-01,0.00000000000000000e+00,4.74002012686933372e-01,4.74002012686933372e-01,0.00000000000000000e+00,7.23910398442805577e-04,7.26713013222075703e-04,2.80261477927012601e-06,4.93644155168881937e-03,4.93644155168881937e-03,0.00000000000000000e+00,3.96077057090769946e+00,3.96077057090769946e+00,7.93737348816864641e-01,7.93737348816864641e-01,5.79701759699999997e+00,0,1,0,ok,stochastic coordinate shape descent
3,5003,256,8.39999999999999969e-01,bounded_ricci_du010,sum_channel,voro_radical,voro_radical_fixed_topology,1,1,1.17601124293678083e-01,1.12330139817298932e-01,-5.27098447637915080e-03,7.03161139059429313e-02,5.10677955367751513e-02,-1.92483183691677801e-02,1.16145898655366536e-01,1.14389856543150648e-01,-1.75604211221588868e-03,5.19513641556254235e-01,3.74802378056489915e-01,-1.44711263499764320e-01,9.78507862104311528e+01,6.41317717438676880e+01,-3.37190144665634648e+01,1.39881489888050020e-01,1.07121998385590333e-01,-3.27594915024596867e-02,4.68794630184126537e-01,3.75808872050703902e-01,-9.29857581334226357e-02,3.54363981794495267e-04,1.42536335941427450e-01,1.42181971959632947e-01,3.50019781603005953e-03,1.08569600667360877e-01,1.05069402851330818e-01,3.96077057090769946e+00,3.64112424746326369e+00,8.02775911664197372e-01,8.66005091993715226e-01,9.00094990000006590e-02,1,1,1,ok,relative_bounded_ricci
3,5003,256,8.39999999999999969e-01,box_shear_aspect,shape_channel,voro_radical,voro_radical_rebuilt,1,1,1.17601124293678083e-01,1.17601124293678083e-01,0.00000000000000000e+00,7.03161139059429313e-02,7.03161139059429313e-02,0.00000000000000000e+00,1.16145898655366536e-01,1.16145898655366536e-01,0.00000000000000000e+00,5.19513641556254235e-01,5.19513641556254235e-01,0.00000000000000000e+00,9.78507862104311528e+01,9.78507862104311528e+01,0.00000000000000000e+00,1.39881489888050020e-01,1.39881489888050020e-01,0.00000000000000000e+00,4.68794630184126537e-01,4.68794630184126537e-01,0.00000000000000000e+00,3.54363981794495267e-04,3.54363981794495267e-04,0.00000000000000000e+00,3.50019781603005953e-03,3.50019781603005953e-03,0.00000000000000000e+00,3.96077057090769946e+00,3.96077057090769946e+00,8.02775911664197372e-01,8.02775911664197372e-01,2.84534151400000113e+00,0,0,0,ok,aspect-only box strain; shear omitted for rectangular voro++ container
3,5003,256,8.39999999999999969e-01,compression_step,coupled,voro_radical,voro_radical_rebuilt,1,1,1.17601124293678083e-01,1.17601124293678042e-01,-4.16333634234433703e-17,7.03161139059429313e-02,7.03161139059429452e-02,1.38777878078144568e-17,1.16145898655366536e-01,1.16145898655366467e-01,-6.93889390390722838e-17,5.19513641556254235e-01,5.19513641556254235e-01,0.00000000000000000e+00,9.78507862104311528e+01,9.78507862104311528e+01,0.00000000000000000e+00,1.39881489888050020e-01,1.39881489888050020e-01,0.00000000000000000e+00,4.68794630184126537e-01,4.68794630184126537e-01,0.00000000000000000e+00,3.54363981794495267e-04,0.00000000000000000e+00,-3.54363981794495267e-04,3.50019781603005953e-03,0.00000000000000000e+00,-3.50019781603005953e-03,3.96077057090769946e+00,3.96077057090769946e+00,8.02775911664197372e-01,8.02775911664197372e-01,1.09542809100000227e+00,0,1,0,ok,local phi scan best endpoint
3,5003,256,8.39999999999999969e-01,free_ricci,sum_channel,voro_radical,voro_radical_fixed_topology,1,1,1.17601124293678083e-01,1.10924256276585184e-01,-6.67686801709289901e-03,7.03161139059429313e-02,6.41649363161645286e-12,-7.03161138995264390e-02,1.16145898655366536e-01,1.13796237335101164e-01,-2.34966132026537267e-03,5.19513641556254235e-01,4.58865919125818014e-11,-5.19513641510367608e-01,9.78507862104311528e+01,7.59860496166347631e-09,-9.78507862028325519e+01,1.39881489888050020e-01,2.12740911748581442e-10,-1.39881489675309112e-01,4.68794630184126537e-01,4.39505725722430696e-10,-4.68794629744620828e-01,3.54363981794495267e-04,3.17823250632808652e+00,3.17787814234629185e+00,3.50019781603005953e-03,4.91013545401736806e-01,4.87513347585706747e-01,3.96077057090769946e+00,4.74796159211061308e+00,8.02775911664197372e-01,9.29542284260844509e-01,1.14397838999998669e-01,1,1,1,ok,converged: max_abs_K < tol
3,5003,256,8.39999999999999969e-01,post_voro_surgery,topology,voro_radical,post_surgery_nonradical,1,1,1.17601124293678083e-01,1.37651534529612735e-01,2.00504102359346514e-02,7.03161139059429313e-02,6.58828498458253614e-02,-4.43326406011756990e-03,1.16145898655366536e-01,1.42448215813242601e-01,2.63023171578760651e-02,5.19513641556254235e-01,4.83077642844719213e-01,-3.64359987115350226e-02,9.78507862104311528e+01,7.75758518698122401e+01,-2.02749343406189126e+01,1.39881489888050020e-01,1.36493194654831701e-01,-3.38829523321831916e-03,4.68794630184126537e-01,3.58539478598118910e-01,-1.10255151586007627e-01,3.54363981794495267e-04,3.54363981794495267e-04,0.00000000000000000e+00,3.50019781603005953e-03,3.50019781603005953e-03,0.00000000000000000e+00,3.96077057090769946e+00,3.96077057090769946e+00,8.02775911664197372e-01,8.32367952370397512e-01,6.31870977660000008e+01,1,0,0,ok,light topology surgery; no longer radical
3,5003,256,8.39999999999999969e-01,radius_label_swap,sum_channel,voro_radical,voro_radical_rebuilt,1,1,1.17601124293678083e-01,1.17601124293678083e-01,0.00000000000000000e+00,7.03161139059429313e-02,7.03161139059429313e-02,0.00000000000000000e+00,1.16145898655366536e-01,1.16145898655366536e-01,0.00000000000000000e+00,5.19513641556254235e-01,5.19513641556254235e-01,0.00000000000000000e+00,9.78507862104311528e+01,9.78507862104311528e+01,0.00000000000000000e+00,1.39881489888050020e-01,1.39881489888050020e-01,0.00000000000000000e+00,4.68794630184126537e-01,4.68794630184126537e-01,0.00000000000000000e+00,3.54363981794495267e-04,3.54363981794495267e-04,0.00000000000000000e+00,3.50019781603005953e-03,3.50019781603005953e-03,0.00000000000000000e+00,3.96077057090769946e+00,3.96077057090769946e+00,8.02775911664197372e-01,8.02775911664197372e-01,8.07193587400000467e+00,0,0,0,ok,radius labels permuted; distribution exactly preserved
3,5003,256,8.39999999999999969e-01,shape_descent,shape_channel,voro_radical,voro_radical_rebuilt,1,1,1.17601124293678083e-01,1.17554199092615885e-01,-4.69252010621978854e-05,7.03161139059429313e-02,7.03161139059429174e-02,-1.38777878078144568e-17,1.16145898655366536e-01,1.16125163399722578e-01,-2.07352556439582836e-05,5.19513641556254235e-01,5.19513641556254235e-01,0.00000000000000000e+00,9.78507862104311528e+01,9.78507862104311528e+01,0.00000000000000000e+00,1.39881489888050020e-01,1.39881489888050020e-01,0.00000000000000000e+00,4.68794630184126537e-01,4.68794630184126537e-01,0.00000000000000000e+00,3.54363981794495267e-04,3.55732789342828935e-04,1.36880754833366850e-06,3.50019781603005953e-03,3.50019781603005953e-03,0.00000000000000000e+00,3.96077057090769946e+00,3.96077057090769946e+00,8.02775911664197372e-01,8.02775911664197372e-01,4.09090574200000034e+00,1,1,1,ok,stochastic coordinate shape descent
4,5004,256,8.39999999999999969e-01,bounded_ricci_du010,sum_channel,voro_radical,voro_radical_fixed_topology,1,1,1.18264654110374332e-01,1.13569332304223988e-01,-4.69532180615034322e-03,7.21330724591260769e-02,5.41345404655726448e-02,-1.79985319935534321e-02,1.17425503005310794e-01,1.15813893376491034e-01,-1.61160962881976011e-03,5.30062400615019302e-01,3.97382885487755855e-01,-1.32679515127263448e-01,8.57831987573442376e+01,6.06879448013311986e+01,-2.50952539560130390e+01,1.42689178824425444e-01,1.13114760776603498e-01,-2.95744180478219459e-02,3.88036055087988718e-01,3.30533414228879718e-01,-5.75026408591089999e-02,8.78352746363445544e-04,1.44585460702990665e-01,1.43707107956627222e-01,5.78557712910265920e-03,1.07756049560522094e-01,1.01970472431419434e-01,3.96077057090769946e+00,4.11577368985502634e+00,8.12659016019371738e-01,8.68447097241191623e-01,1.21222938000002500e-01,1,1,1,ok,relative_bounded_ricci
4,5004,256,8.39999999999999969e-01,box_shear_aspect,shape_channel,voro_radical,voro_radical_rebuilt,1,1,1.18264654110374332e-01,1.18263032170377577e-01,-1.62193999675430689e-06,7.21330724591260769e-02,7.21330724591260491e-02,-2.77555756156289135e-17,1.17425503005310794e-01,1.17423692672868396e-01,-1.81033244239792168e-06,5.30062400615019302e-01,5.30062400615019302e-01,0.00000000000000000e+00,8.57831987573442376e+01,8.57831987573442376e+01,0.00000000000000000e+00,1.42689178824425444e-01,1.42689178824425444e-01,0.00000000000000000e+00,3.88036055087988718e-01,3.88036055087988718e-01,0.00000000000000000e+00,8.78352746363445544e-04,8.77548605372311329e-04,-8.04140991134214694e-07,5.78557712910265920e-03,5.76673022696194693e-03,-1.88469021407122739e-05,3.96077057090769946e+00,3.96077057090769946e+00,8.12659016019371738e-01,8.12659016019371738e-01,4.33818548500000034e+00,1,1,1,ok,aspect-only box strain; shear omitted for rectangular voro++ container
4,5004,256,8.39999999999999969e-01,compression_step,coupled,voro_radical,voro_radical_rebuilt,1,1,1.18264654110374332e-01,1.18264654110374234e-01,-9.71445146547011973e-17,7.21330724591260769e-02,7.21330724591260491e-02,-2.77555756156289135e-17,1.17425503005310794e-01,1.17425503005310780e-01,-1.38777878078144568e-17,5.30062400615019302e-01,5.30062400615019302e-01,0.00000000000000000e+00,8.57831987573442376e+01,8.57831987573442376e+01,0.00000000000000000e+00,1.42689178824425444e-01,1.42689178824425444e-01,0.00000000000000000e+00,3.88036055087988718e-01,3.88036055087988718e-01,0.00000000000000000e+00,8.78352746363445544e-04,0.00000000000000000e+00,-8.78352746363445544e-04,5.78557712910265920e-03,0.00000000000000000e+00,-5.78557712910265920e-03,3.96077057090769946e+00,3.96077057090769946e+00,8.12659016019371738e-01,8.12659016019371738e-01,1.54567011200000337e+00,1,1,1,ok,local phi scan best endpoint
4,5004,256,8.39999999999999969e-01,free_ricci,sum_channel,voro_radical,voro_radical_fixed_topology,1,1,1.18264654110374332e-01,1.10467243946099372e-01,-7.79741016427495937e-03,7.21330724591260769e-02,6.89739676446340954e-12,-7.21330724522286776e-02,1.17425503005310794e-01,1.13369070453365306e-01,-4.05643255194548802e-03,5.30062400615019302e-01,4.91920990953452740e-11,-5.30062400565827208e-01,8.57831987573442376e+01,8.83627703578136777e-09,-8.57831987485079566e+01,1.42689178824425444e-01,2.33782469193211183e-10,-1.42689178590642979e-01,3.88036055087988718e-01,4.66041166765144588e-10,-3.88036054621947568e-01,8.78352746363445544e-04,4.58506272574686768e+00,4.58418437300050385e+00,5.78557712910265920e-03,5.41683449819624574e-01,5.35897872690521915e-01,3.96077057090769946e+00,5.63969874511981661e+00,8.12659016019371738e-01,9.26216699279262978e-01,1.24348244000000108e-01,1,1,1,ok,converged: max_abs_K < tol
4,5004,256,8.39999999999999969e-01,post_voro_surgery,topology,voro_radical,post_surgery_nonradical,1,1,1.18264654110374332e-01,1.39768818887530566e-01,2.15041647771562344e-02,7.21330724591260769e-02,6.62394466406683452e-02,-5.89362581845773170e-03,1.17425503005310794e-01,1.47274032662709609e-01,2.98485296573988146e-02,5.30062400615019302e-01,4.85462947774131737e-01,-4.45994528408875657e-02,8.57831987573442376e+01,7.15939522108719757e+01,-1.41892465464722619e+01,1.42689178824425444e-01,1.30965830665270150e-01,-1.17233481591552946e-02,3.88036055087988718e-01,3.39595789938820392e-01,-4.84402651491683267e-02,8.78352746363445544e-04,8.78352746363445544e-04,0.00000000000000000e+00,5.78557712910265920e-03,5.78557712910265920e-03,0.00000000000000000e+00,3.96077057090769946e+00,3.96077057090769946e+00,8.12659016019371738e-01,8.32080922705876858e-01,5.45328331029999944e+01,1,0,0,ok,light topology surgery; no longer radical
4,5004,256,8.39999999999999969e-01,radius_label_swap,sum_channel,voro_radical,voro_radical_rebuilt,1,1,1.18264654110374332e-01,1.18264654110374332e-01,0.00000000000000000e+00,7.21330724591260769e-02,7.21330724591260769e-02,0.00000000000000000e+00,1.17425503005310794e-01,1.17425503005310794e-01,0.00000000000000000e+00,5.30062400615019302e-01,5.30062400615019302e-01,0.00000000000000000e+00,8.57831987573442376e+01,8.57831987573442376e+01,0.00000000000000000e+00,1.42689178824425444e-01,1.42689178824425444e-01,0.00000000000000000e+00,3.88036055087988718e-01,3.88036055087988718e-01,0.00000000000000000e+00,8.78352746363445544e-04,8.78352746363445544e-04,0.00000000000000000e+00,5.78557712910265920e-03,5.78557712910265920e-03,0.00000000000000000e+00,3.96077057090769946e+00,3.96077057090769946e+00,8.12659016019371738e-01,8.12659016019371738e-01,8.07212775099999646e+00,0,0,0,ok,radius labels permuted; distribution exactly preserved
4,5004,256,8.39999999999999969e-01,shape_descent,shape_channel,voro_radical,voro_radical_rebuilt,1,1,1.18264654110374332e-01,1.18213415979078196e-01,-5.12381312961357471e-05,7.21330724591260769e-02,7.21330724591260491e-02,-2.77555756156289135e-17,1.17425503005310794e-01,1.17385535592939641e-01,-3.99674123711529772e-05,5.30062400615019302e-01,5.30062400615019302e-01,0.00000000000000000e+00,8.57831987573442376e+01,8.57831987573442376e+01,0.00000000000000000e+00,1.42689178824425444e-01,1.42689178824425444e-01,0.00000000000000000e+00,3.88036055087988718e-01,3.88036055087988718e-01,0.00000000000000000e+00,8.78352746363445544e-04,8.97109048216296616e-04,1.87563018528510723e-05,5.78557712910265920e-03,5.78557712910265920e-03,0.00000000000000000e+00,3.96077057090769946e+00,3.96077057090769946e+00,8.12659016019371738e-01,8.12659016019371738e-01,5.19116981399999844e+00,1,1,1,ok,stochastic coordinate shape descent
5,5005,256,8.39999999999999969e-01,bounded_ricci_du010,sum_channel,voro_radical,voro_radical_fixed_topology,1,1,1.24549812419659109e-01,1.19982730661760018e-01,-4.56708175789909132e-03,7.86910097392601177e-02,5.92792792827069245e-02,-1.94117304565531931e-02,1.24500624961085771e-01,1.22703087034921346e-01,-1.79753792616442476e-03,5.64482524636394034e-01,4.24692094218440064e-01,-1.39790430417953970e-01,1.37055558642019321e+02,9.52725172769545736e+01,-4.17830413650647472e+01,1.58795659264554218e-01,1.26602078346438968e-01,-3.21935809181152499e-02,5.94075525202527932e-01,4.96231187772895099e-01,-9.78443374296328328e-02,3.94353397400655069e-03,1.64025726997213961e-01,1.60082193023207420e-01,1.28925941840618563e-02,1.57672975335334975e-01,1.44780381151273119e-01,3.96077057090769946e+00,3.74160178590301262e+00,7.99599090007134361e-01,8.63949904487738229e-01,1.24372593000000364e-01,1,1,1,ok,relative_bounded_ricci
5,5005,256,8.39999999999999969e-01,box_shear_aspect,shape_channel,voro_radical,voro_radical_rebuilt,1,1,1.24549812419659109e-01,1.24546647978421576e-01,-3.16444123753256701e-06,7.86910097392601177e-02,7.86910097392601177e-02,0.00000000000000000e+00,1.24500624961085771e-01,1.24494900641557271e-01,-5.72431952849949965e-06,5.64482524636394034e-01,5.64482524636394034e-01,0.00000000000000000e+00,1.37055558642019321e+02,1.37055558642019321e+02,0.00000000000000000e+00,1.58795659264554218e-01,1.58795659264554218e-01,0.00000000000000000e+00,5.94075525202527932e-01,5.94075525202527932e-01,0.00000000000000000e+00,3.94353397400655069e-03,3.93189718692461398e-03,-1.16367870819367170e-05,1.28925941840618563e-02,1.29407063287989565e-02,4.81121447371002375e-05,3.96077057090769946e+00,3.96077057090769946e+00,7.99599090007134361e-01,7.99599090007134361e-01,3.77083769900000121e+00,0,1,0,ok,aspect-only box strain; shear omitted for rectangular voro++ container
5,5005,256,8.39999999999999969e-01,compression_step,coupled,voro_radical,voro_radical_rebuilt,1,1,1.24549812419659109e-01,1.24549812419659220e-01,1.11022302462515654e-16,7.86910097392601177e-02,7.86910097392600899e-02,-2.77555756156289135e-17,1.24500624961085771e-01,1.24500624961085771e-01,0.00000000000000000e+00,5.64482524636394034e-01,5.64482524636394034e-01,0.00000000000000000e+00,1.37055558642019321e+02,1.37055558642019321e+02,0.00000000000000000e+00,1.58795659264554218e-01,1.58795659264554218e-01,0.00000000000000000e+00,5.94075525202527932e-01,5.94075525202527932e-01,0.00000000000000000e+00,3.94353397400655069e-03,0.00000000000000000e+00,-3.94353397400655069e-03,1.28925941840618563e-02,0.00000000000000000e+00,-1.28925941840618563e-02,3.96077057090769946e+00,3.96077057090769946e+00,7.99599090007134361e-01,7.99599090007134361e-01,1.67674026400000287e+00,1,0,0,ok,local phi scan best endpoint
5,5005,256,8.39999999999999969e-01,free_ricci,sum_channel,voro_radical,voro_radical_fixed_topology,1,1,1.24549812419659109e-01,1.17309581016987477e-01,-7.24023140267163190e-03,7.86910097392601177e-02,7.83589818224696198e-12,-7.86910097314242191e-02,1.24500624961085771e-01,1.20753369630802562e-01,-3.74725533028320845e-03,5.64482524636394034e-01,5.36349267408428025e-11,-5.64482524582759160e-01,1.37055558642019321e+02,9.10013662055814240e-09,-1.37055558632919173e+02,1.58795659264554218e-01,2.51922592012988433e-10,-1.58795659012631624e-01,5.94075525202527932e-01,4.64607605376842232e-10,-5.94075524737920357e-01,3.94353397400655069e-03,5.17685413646866532e+00,5.17291060249465851e+00,1.28925941840618563e-02,8.20821018205396324e-01,8.07928424021334468e-01,3.96077057090769946e+00,4.51919349138223314e+00,7.99599090007134361e-01,9.25183926690475888e-01,1.52651511999998490e-01,1,1,1,ok,converged: max_abs_K < tol
5,5005,256,8.39999999999999969e-01,post_voro_surgery,topology,voro_radical,post_surgery_nonradical,1,1,1.24549812419659109e-01,1.48761120392469998e-01,2.42113079728108888e-02,7.86910097392601177e-02,7.04327308030596594e-02,-8.25827893620045828e-03,1.24500624961085771e-01,1.58516662326586150e-01,3.40160373655003789e-02,5.64482524636394034e-01,5.14086821700067809e-01,-5.03957029363262254e-02,1.37055558642019321e+02,8.41625267941372215e+01,-5.28930318478820993e+01,1.58795659264554218e-01,1.45311747164784566e-01,-1.34839120997696515e-02,5.94075525202527932e-01,3.65948599937017227e-01,-2.28126925265510705e-01,3.94353397400655069e-03,3.94353397400655069e-03,0.00000000000000000e+00,1.28925941840618563e-02,1.28925941840618563e-02,0.00000000000000000e+00,3.96077057090769946e+00,3.96077057090769946e+00,7.99599090007134361e-01,8.23012997742793462e-01,6.48702011169999935e+01,1,0,0,ok,light topology surgery; no longer radical
5,5005,256,8.39999999999999969e-01,radius_label_swap,sum_channel,voro_radical,voro_radical_rebuilt,1,1,1.24549812419659109e-01,1.24546223800454894e-01,-3.58861920421449376e-06,7.86910097392601177e-02,7.86914148682611864e-02,4.05129001068704753e-07,1.24500624961085771e-01,1.24504330890637518e-01,3.70592955174775529e-06,5.64482524636394034e-01,5.64438395911268098e-01,-4.41287251259359081e-05,1.37055558642019321e+02,1.37050149148738825e+02,-5.40949328049578071e-03,1.58795659264554218e-01,1.58791635288628691e-01,-4.02397592552672378e-06,5.94075525202527932e-01,5.94064535625977275e-01,-1.09895765506573539e-05,3.94353397400655069e-03,3.94830334523155538e-03,4.76937122500468297e-06,1.28925941840618563e-02,1.28925941840618563e-02,0.00000000000000000e+00,3.96077057090769946e+00,3.96077057090769946e+00,7.99599090007134361e-01,7.99599090007134361e-01,7.48395313000000328e+00,0,0,0,ok,radius labels permuted; distribution exactly preserved
5,5005,256,8.39999999999999969e-01,shape_descent,shape_channel,voro_radical,voro_radical_rebuilt,1,1,1.24549812419659109e-01,1.24572175344018363e-01,2.23629243592537996e-05,7.86910097392601177e-02,7.86910097392601177e-02,0.00000000000000000e+00,1.24500624961085771e-01,1.24383120422174226e-01,-1.17504538911544776e-04,5.64482524636394034e-01,5.64482524636394034e-01,0.00000000000000000e+00,1.37055558642019321e+02,1.37055558642019321e+02,0.00000000000000000e+00,1.58795659264554218e-01,1.58795659264554218e-01,0.00000000000000000e+00,5.94075525202527932e-01,5.94075525202527932e-01,0.00000000000000000e+00,3.94353397400655069e-03,4.12006434312583124e-03,1.76530369119280543e-04,1.28925941840618563e-02,1.28925941840618563e-02,0.00000000000000000e+00,3.96077057090769946e+00,3.96077057090769946e+00,7.99599090007134361e-01,7.99599090007134361e-01,4.89558724699999814e+00,0,1,0,ok,stochastic coordinate shape descent
6,5006,256,8.39999999999999969e-01,bounded_ricci_du010,sum_channel,voro_radical,voro_radical_fixed_topology,1,1,1.14127101216289620e-01,1.08238669863928508e-01,-5.88843135236111204e-03,6.94090965359428075e-02,5.19399845146141792e-02,-1.74691120213286283e-02,1.08785794492808813e-01,1.07532308871168283e-01,-1.25348562164052935e-03,5.13741629520454546e-01,3.82893165591213225e-01,-1.30848463929241321e-01,9.70764843587167405e+01,6.19010844591626750e+01,-3.51753998995540655e+01,1.37847210683212706e-01,1.08554385583431875e-01,-2.92928250997808309e-02,4.71371778877463510e-01,3.55828306386792803e-01,-1.15543472490670707e-01,2.06423154320809074e-04,9.95485885603335230e-02,9.93421654060127196e-02,3.03920552181979886e-03,1.10800159655243480e-01,1.07760954133423681e-01,3.96077057090769946e+00,3.86395992938385380e+00,8.15619293122900935e-01,8.67884656518072561e-01,8.18553800000003662e-02,1,1,1,ok,relative_bounded_ricci
6,5006,256,8.39999999999999969e-01,box_shear_aspect,shape_channel,voro_radical,voro_radical_rebuilt,1,1,1.14127101216289620e-01,1.14127101216289620e-01,0.00000000000000000e+00,6.94090965359428075e-02,6.94090965359428075e-02,0.00000000000000000e+00,1.08785794492808813e-01,1.08785794492808813e-01,0.00000000000000000e+00,5.13741629520454546e-01,5.13741629520454546e-01,0.00000000000000000e+00,9.70764843587167405e+01,9.70764843587167405e+01,0.00000000000000000e+00,1.37847210683212706e-01,1.37847210683212706e-01,0.00000000000000000e+00,4.71371778877463510e-01,4.71371778877463510e-01,0.00000000000000000e+00,2.06423154320809074e-04,2.06423154320809074e-04,0.00000000000000000e+00,3.03920552181979886e-03,3.03920552181979886e-03,0.00000000000000000e+00,3.96077057090769946e+00,3.96077057090769946e+00,8.15619293122900935e-01,8.15619293122900935e-01,3.67336028600000120e+00,0,0,0,ok,aspect-only box strain; shear omitted for rectangular voro++ container
6,5006,256,8.39999999999999969e-01,compression_step,coupled,voro_radical,voro_radical_rebuilt,1,1,1.14127101216289620e-01,1.14127101216289481e-01,-1.38777878078144568e-16,6.94090965359428075e-02,6.94090965359428075e-02,0.00000000000000000e+00,1.08785794492808813e-01,1.08785794492808882e-01,6.93889390390722838e-17,5.13741629520454546e-01,5.13741629520454546e-01,0.00000000000000000e+00,9.70764843587167405e+01,9.70764843587167405e+01,0.00000000000000000e+00,1.37847210683212706e-01,1.37847210683212706e-01,0.00000000000000000e+00,4.71371778877463510e-01,4.71371778877463510e-01,0.00000000000000000e+00,2.06423154320809074e-04,0.00000000000000000e+00,-2.06423154320809074e-04,3.03920552181979886e-03,0.00000000000000000e+00,-3.03920552181979886e-03,3.96077057090769946e+00,3.96077057090769946e+00,8.15619293122900935e-01,8.15619293122900935e-01,1.70029294599999758e+00,0,0,0,ok,local phi scan best endpoint
6,5006,256,8.39999999999999969e-01,free_ricci,sum_channel,voro_radical,voro_radical_fixed_topology,1,1,1.14127101216289620e-01,1.02978350638025115e-01,-1.11487505782645047e-02,6.94090965359428075e-02,6.48156731246286036e-12,-6.94090965294612422e-02,1.08785794492808813e-01,1.05423553896813696e-01,-3.36224059599511682e-03,5.13741629520454546e-01,4.65202382854321700e-11,-5.13741629473934314e-01,9.70764843587167405e+01,7.77036798277318382e-09,-9.70764843509463731e+01,1.37847210683212706e-01,2.16685133864353571e-10,-1.37847210466527564e-01,4.71371778877463510e-01,4.43361218854562591e-10,-4.71371778434102273e-01,2.06423154320809074e-04,3.19483480127699782e+00,3.19462837812267697e+00,3.03920552181979886e-03,4.18208706678361963e-01,4.15169501156542164e-01,3.96077057090769946e+00,4.77699304401070624e+00,8.15619293122900935e-01,9.18662080841999074e-01,1.09280542999997010e-01,1,1,1,ok,converged: max_abs_K < tol
6,5006,256,8.39999999999999969e-01,post_voro_surgery,topology,voro_radical,post_surgery_nonradical,1,1,1.14127101216289620e-01,1.42523525972233611e-01,2.83964247559439914e-02,6.94090965359428075e-02,6.09688895307202508e-02,-8.44020700522255668e-03,1.08785794492808813e-01,1.46039029974074280e-01,3.72532354812654676e-02,5.13741629520454546e-01,4.55967118350581235e-01,-5.77745111698733105e-02,9.70764843587167405e+01,7.49335311691443309e+01,-2.21429531895724097e+01,1.37847210683212706e-01,1.31072516648596260e-01,-6.77469403461644637e-03,4.71371778877463510e-01,3.62578629288585974e-01,-1.08793149588877536e-01,2.06423154320809074e-04,2.06423154320809074e-04,0.00000000000000000e+00,3.03920552181979886e-03,3.03920552181979886e-03,0.00000000000000000e+00,3.96077057090769946e+00,3.96077057090769946e+00,8.15619293122900935e-01,8.33280790189954490e-01,6.14671686410000078e+01,1,0,0,ok,light topology surgery; no longer radical
6,5006,256,8.39999999999999969e-01,radius_label_swap,sum_channel,voro_radical,voro_radical_rebuilt,1,1,1.14127101216289620e-01,1.14127101216289620e-01,0.00000000000000000e+00,6.94090965359428075e-02,6.94090965359428075e-02,0.00000000000000000e+00,1.08785794492808813e-01,1.08785794492808813e-01,0.00000000000000000e+00,5.13741629520454546e-01,5.13741629520454546e-01,0.00000000000000000e+00,9.70764843587167405e+01,9.70764843587167405e+01,0.00000000000000000e+00,1.37847210683212706e-01,1.37847210683212706e-01,0.00000000000000000e+00,4.71371778877463510e-01,4.71371778877463510e-01,0.00000000000000000e+00,2.06423154320809074e-04,2.06423154320809074e-04,0.00000000000000000e+00,3.03920552181979886e-03,3.03920552181979886e-03,0.00000000000000000e+00,3.96077057090769946e+00,3.96077057090769946e+00,8.15619293122900935e-01,8.15619293122900935e-01,7.43757437500001117e+00,0,0,0,ok,radius labels permuted; distribution exactly preserved
6,5006,256,8.39999999999999969e-01,shape_descent,shape_channel,voro_radical,voro_radical_rebuilt,1,1,1.14127101216289620e-01,1.14123335368421494e-01,-3.76584786812572681e-06,6.94090965359428075e-02,6.94090965359428214e-02,1.38777878078144568e-17,1.08785794492808813e-01,1.08807403823934917e-01,2.16093311261045251e-05,5.13741629520454546e-01,5.13741629520454546e-01,0.00000000000000000e+00,9.70764843587167405e+01,9.70764843587167405e+01,0.00000000000000000e+00,1.37847210683212706e-01,1.37847210683212706e-01,0.00000000000000000e+00,4.71371778877463510e-01,4.71371778877463510e-01,0.00000000000000000e+00,2.06423154320809074e-04,2.07092135970575323e-04,6.68981649766249402e-07,3.03920552181979886e-03,3.03920552181979886e-03,0.00000000000000000e+00,3.96077057090769946e+00,3.96077057090769946e+00,8.15619293122900935e-01,8.15619293122900935e-01,4.83106468999999805e+00,0,0,0,ok,stochastic coordinate shape descent
7,5007,256,8.39999999999999969e-01,bounded_ricci_du010,sum_channel,voro_radical,voro_radical_fixed_topology,1,1,1.17318189180149593e-01,1.12512115166059967e-01,-4.80607401408962576e-03,7.14318935081790229e-02,5.03351465861389055e-02,-2.10967469220401174e-02,1.16630236974453488e-01,1.14767641055294398e-01,-1.86259591915909073e-03,5.17206823487613487e-01,3.63929013907175469e-01,-1.53277809580438018e-01,9.41295057018740806e+01,6.04059994203329609e+01,-3.37235062815411197e+01,1.41055970689158677e-01,1.06439191902424068e-01,-3.46167787867346088e-02,4.44387305618422768e-01,3.52422400167490490e-01,-9.19649054509322772e-02,8.23657967882727949e-04,1.58324404990375728e-01,1.57500747022493004e-01,5.87383809674757451e-03,1.06153318227910631e-01,1.00279480131163057e-01,3.96077057090769946e+00,4.00125008236272528e+00,7.99724625389482746e-01,8.64436087828473587e-01,1.20688965000002923e-01,1,1,1,ok,relative_bounded_ricci
7,5007,256,8.39999999999999969e-01,box_shear_aspect,shape_channel,voro_radical,voro_radical_rebuilt,1,1,1.17318189180149593e-01,1.17302854510322338e-01,-1.53346698272549542e-05,7.14318935081790229e-02,7.14318935081790091e-02,-1.38777878078144568e-17,1.16630236974453488e-01,1.16620020528691790e-01,-1.02164457616987780e-05,5.17206823487613487e-01,5.17206823487613487e-01,0.00000000000000000e+00,9.41295057018740806e+01,9.41295057018740806e+01,0.00000000000000000e+00,1.41055970689158677e-01,1.41055970689158677e-01,0.00000000000000000e+00,4.44387305618422768e-01,4.44387305618422768e-01,0.00000000000000000e+00,8.23657967882727949e-04,8.19616444999527361e-04,-4.04152288320058870e-06,5.87383809674757451e-03,5.57477269950568122e-03,-2.99065397241893294e-04,3.96077057090769946e+00,3.96077057090769946e+00,7.99724625389482746e-01,7.99724625389482746e-01,3.00825457200000201e+00,1,1,1,ok,aspect-only box strain; shear omitted for rectangular voro++ container
7,5007,256,8.39999999999999969e-01,compression_step,coupled,voro_radical,voro_radical_rebuilt,1,1,1.17318189180149593e-01,1.17318189180149468e-01,-1.24900090270330111e-16,7.14318935081790229e-02,7.14318935081790368e-02,1.38777878078144568e-17,1.16630236974453488e-01,1.16630236974453419e-01,-6.93889390390722838e-17,5.17206823487613487e-01,5.17206823487613487e-01,0.00000000000000000e+00,9.41295057018740806e+01,9.41295057018740806e+01,0.00000000000000000e+00,1.41055970689158677e-01,1.41055970689158677e-01,0.00000000000000000e+00,4.44387305618422768e-01,4.44387305618422768e-01,0.00000000000000000e+00,8.23657967882727949e-04,0.00000000000000000e+00,-8.23657967882727949e-04,5.87383809674757451e-03,0.00000000000000000e+00,-5.87383809674757451e-03,3.96077057090769946e+00,3.96077057090769946e+00,7.99724625389482746e-01,7.99724625389482746e-01,1.19365674899999874e+00,0,1,0,ok,local phi scan best endpoint
7,5007,256,8.39999999999999969e-01,free_ricci,sum_channel,voro_radical,voro_radical_fixed_topology,1,1,1.17318189180149593e-01,1.10121863083443364e-01,-7.19632609670622925e-03,7.14318935081790229e-02,6.89950720288575361e-12,-7.14318935012795142e-02,1.16630236974453488e-01,1.12558658874917575e-01,-4.07157809953591354e-03,5.17206823487613487e-01,4.72667479084953665e-11,-5.17206823440346741e-01,9.41295057018740806e+01,8.60825581690303434e-09,-9.41295056932658269e+01,1.41055970689158677e-01,2.25348959964924488e-10,-1.41055970463809716e-01,4.44387305618422768e-01,4.38462651314964026e-10,-4.44387305179960113e-01,8.23657967882727949e-04,3.39884347360765782e+00,3.39801981563977495e+00,5.87383809674757451e-03,4.94620676850646035e-01,4.88746838753898460e-01,3.96077057090769946e+00,4.37445189318953709e+00,7.99724625389482746e-01,9.17340879361282502e-01,1.60499344000001543e-01,1,1,1,ok,converged: max_abs_K < tol
7,5007,256,8.39999999999999969e-01,post_voro_surgery,topology,voro_radical,post_surgery_nonradical,1,1,1.17318189180149593e-01,1.33832277259230109e-01,1.65140880790805161e-02,7.14318935081790229e-02,6.48999035118652812e-02,-6.53198999631374178e-03,1.16630236974453488e-01,1.38602547476142535e-01,2.19723105016890463e-02,5.17206823487613487e-01,4.73184938717344017e-01,-4.40218847702694704e-02,9.41295057018740806e+01,7.68876768431310325e+01,-1.72418288587430482e+01,1.41055970689158677e-01,1.30673737097269149e-01,-1.03822335918895281e-02,4.44387305618422768e-01,3.77745732733222983e-01,-6.66415728851997846e-02,8.23657967882727949e-04,8.23657967882727949e-04,0.00000000000000000e+00,5.87383809674757451e-03,5.87383809674757451e-03,0.00000000000000000e+00,3.96077057090769946e+00,3.96077057090769946e+00,7.99724625389482746e-01,8.32969811762294676e-01,4.70446041410000007e+01,1,0,0,ok,light topology surgery; no longer radical
7,5007,256,8.39999999999999969e-01,radius_label_swap,sum_channel,voro_radical,voro_radical_rebuilt,1,1,1.17318189180149593e-01,1.17022125502963814e-01,-2.96063677185778862e-04,7.14318935081790229e-02,7.10356968682822332e-02,-3.96196639896789771e-04,1.16630236974453488e-01,1.16615968414643029e-01,-1.42685598104597133e-05,5.17206823487613487e-01,5.13668934346464101e-01,-3.53788914114938624e-03,9.41295057018740806e+01,9.35444734492789678e+01,-5.85032252595112823e-01,1.41055970689158677e-01,1.40131781492284307e-01,-9.24189196874369845e-04,4.44387305618422768e-01,4.44350317664504724e-01,-3.69879539180439920e-05,8.23657967882727949e-04,8.21566970573960964e-04,-2.09099730876698489e-06,5.87383809674757451e-03,5.87383809674757451e-03,0.00000000000000000e+00,3.96077057090769946e+00,3.96077057090769946e+00,7.99724625389482746e-01,8.01407987787173037e-01,5.56106532500000128e+00,1,1,1,ok,radius labels permuted; distribution exactly preserved
7,5007,256,8.39999999999999969e-01,shape_descent,shape_channel,voro_radical,voro_radical_rebuilt,1,1,1.17318189180149593e-01,1.17295722812817152e-01,-2.24663673324410063e-05,7.14318935081790229e-02,7.14318935081790229e-02,0.00000000000000000e+00,1.16630236974453488e-01,1.16538972342562053e-01,-9.12646318914356325e-05,5.17206823487613487e-01,5.17206823487613487e-01,0.00000000000000000e+00,9.41295057018740806e+01,9.41295057018740806e+01,0.00000000000000000e+00,1.41055970689158677e-01,1.41055970689158677e-01,0.00000000000000000e+00,4.44387305618422768e-01,4.44387305618422768e-01,0.00000000000000000e+00,8.23657967882727949e-04,8.32429984712356559e-04,8.77201682962860940e-06,5.87383809674757451e-03,5.87383809674757451e-03,0.00000000000000000e+00,3.96077057090769946e+00,3.96077057090769946e+00,7.99724625389482746e-01,7.99724625389482746e-01,4.97899617299999875e+00,0,1,0,ok,stochastic coordinate shape descent
8,5008,256,8.39999999999999969e-01,bounded_ricci_du010,sum_channel,voro_radical,voro_radical_fixed_topology,1,1,1.22892888329637504e-01,1.18875937255718045e-01,-4.01695107391945860e-03,7.18281233189133894e-02,5.27265117169760933e-02,-1.91016116019372961e-02,1.25742426455840051e-01,1.24115222555431837e-01,-1.62720390040821394e-03,5.12290383767867286e-01,3.75644497151936152e-01,-1.36645886615931134e-01,1.08322201946838135e+02,7.57397369565285459e+01,-3.25824649903095889e+01,1.44657270243547659e-01,1.13609298792086075e-01,-3.10479714514615840e-02,5.07238213496546964e-01,4.28494449713954340e-01,-7.87437637825926240e-02,1.46889753340987556e-03,1.69444162608067994e-01,1.67975265074658126e-01,8.56568875766505755e-03,1.00486798908207220e-01,9.19211101505421624e-02,3.96077057090769946e+00,4.21342011909400327e+00,8.33664285733674792e-01,8.88021427834930321e-01,1.65520114999999635e-01,1,1,1,ok,relative_bounded_ricci
8,5008,256,8.39999999999999969e-01,box_shear_aspect,shape_channel,voro_radical,voro_radical_rebuilt,1,1,1.22892888329637504e-01,1.22892888329637504e-01,0.00000000000000000e+00,7.18281233189133894e-02,7.18281233189133894e-02,0.00000000000000000e+00,1.25742426455840051e-01,1.25742426455840051e-01,0.00000000000000000e+00,5.12290383767867286e-01,5.12290383767867286e-01,0.00000000000000000e+00,1.08322201946838135e+02,1.08322201946838135e+02,0.00000000000000000e+00,1.44657270243547659e-01,1.44657270243547659e-01,0.00000000000000000e+00,5.07238213496546964e-01,5.07238213496546964e-01,0.00000000000000000e+00,1.46889753340987556e-03,1.46889753340987556e-03,0.00000000000000000e+00,8.56568875766505755e-03,8.56568875766505755e-03,0.00000000000000000e+00,3.96077057090769946e+00,3.96077057090769946e+00,8.33664285733674792e-01,8.33664285733674792e-01,4.20387005700000316e+00,0,0,0,ok,aspect-only box strain; shear omitted for rectangular voro++ container
8,5008,256,8.39999999999999969e-01,compression_step,coupled,voro_radical,voro_radical_rebuilt,1,1,1.22892888329637504e-01,1.22892888329637462e-01,-4.16333634234433703e-17,7.18281233189133894e-02,7.18281233189134033e-02,1.38777878078144568e-17,1.25742426455840051e-01,1.25742426455840023e-01,-2.77555756156289135e-17,5.12290383767867286e-01,5.12290383767867286e-01,0.00000000000000000e+00,1.08322201946838135e+02,1.08322201946838135e+02,0.00000000000000000e+00,1.44657270243547659e-01,1.44657270243547659e-01,0.00000000000000000e+00,5.07238213496546964e-01,5.07238213496546964e-01,0.00000000000000000e+00,1.46889753340987556e-03,0.00000000000000000e+00,-1.46889753340987556e-03,8.56568875766505755e-03,0.00000000000000000e+00,-8.56568875766505755e-03,3.96077057090769946e+00,3.96077057090769946e+00,8.33664285733674792e-01,8.33664285733674792e-01,1.71943506099999865e+00,0,1,0,ok,local phi scan best endpoint
8,5008,256,8.39999999999999969e-01,free_ricci,sum_channel,voro_radical,voro_radical_fixed_topology,1,1,1.22892888329637504e-01,1.18939199892424255e-01,-3.95368843721324859e-03,7.18281233189133894e-02,6.43012611988741390e-12,-7.18281233124832691e-02,1.25742426455840051e-01,1.21851293110192924e-01,-3.89113334564712698e-03,5.12290383767867286e-01,4.51964351396762319e-11,-5.12290383722670883e-01,1.08322201946838135e+02,7.65350943065452374e-09,-1.08322201939184623e+02,1.44657270243547659e-01,2.10729890009409057e-10,-1.44657270032817781e-01,5.07238213496546964e-01,4.63268022027754083e-10,-5.07238213033278984e-01,1.46889753340987556e-03,4.63441802146237780e+00,4.63294912392896752e+00,8.56568875766505755e-03,4.94349727032359354e-01,4.85784038274694296e-01,3.96077057090769946e+00,5.01715876768184454e+00,8.33664285733674792e-01,9.24026423846822098e-01,2.00548278999999496e-01,1,1,1,ok,converged: max_abs_K < tol
8,5008,256,8.39999999999999969e-01,post_voro_surgery,topology,voro_radical,post_surgery_nonradical,1,1,1.22892888329637504e-01,1.45500249688627376e-01,2.26073613589898720e-02,7.18281233189133894e-02,7.05951763755821443e-02,-1.23294694333124510e-03,1.25742426455840051e-01,1.54936198264765401e-01,2.91937718089253506e-02,5.12290383767867286e-01,5.07573651399352066e-01,-4.71673236851521960e-03,1.08322201946838135e+02,9.11533227710415019e+01,-1.71688791757966328e+01,1.44657270243547659e-01,1.44272926766181697e-01,-3.84343477365961528e-04,5.07238213496546964e-01,4.14950563354980984e-01,-9.22876501415659800e-02,1.46889753340987556e-03,1.46889753340987556e-03,0.00000000000000000e+00,8.56568875766505755e-03,8.56568875766505755e-03,0.00000000000000000e+00,3.96077057090769946e+00,3.96077057090769946e+00,8.33664285733674792e-01,8.47519517368165998e-01,6.09420884080000036e+01,1,0,0,ok,light topology surgery; no longer radical
8,5008,256,8.39999999999999969e-01,radius_label_swap,sum_channel,voro_radical,voro_radical_rebuilt,1,1,1.22892888329637504e-01,1.22892888329637504e-01,0.00000000000000000e+00,7.18281233189133894e-02,7.18281233189133894e-02,0.00000000000000000e+00,1.25742426455840051e-01,1.25742426455840051e-01,0.00000000000000000e+00,5.12290383767867286e-01,5.12290383767867286e-01,0.00000000000000000e+00,1.08322201946838135e+02,1.08322201946838135e+02,0.00000000000000000e+00,1.44657270243547659e-01,1.44657270243547659e-01,0.00000000000000000e+00,5.07238213496546964e-01,5.07238213496546964e-01,0.00000000000000000e+00,1.46889753340987556e-03,1.46889753340987556e-03,0.00000000000000000e+00,8.56568875766505755e-03,8.56568875766505755e-03,0.00000000000000000e+00,3.96077057090769946e+00,3.96077057090769946e+00,8.33664285733674792e-01,8.33664285733674792e-01,5.86300457400000141e+00,0,0,0,ok,radius labels permuted; distribution exactly preserved
8,5008,256,8.39999999999999969e-01,shape_descent,shape_channel,voro_radical,voro_radical_rebuilt,1,1,1.22892888329637504e-01,1.22891874156060663e-01,-1.01417357684097098e-06,7.18281233189133894e-02,7.18281233189133755e-02,-1.38777878078144568e-17,1.25742426455840051e-01,1.25718025901016522e-01,-2.44005548235282088e-05,5.12290383767867286e-01,5.12290383767867286e-01,0.00000000000000000e+00,1.08322201946838135e+02,1.08322201946838135e+02,0.00000000000000000e+00,1.44657270243547659e-01,1.44657270243547659e-01,0.00000000000000000e+00,5.07238213496546964e-01,5.07238213496546964e-01,0.00000000000000000e+00,1.46889753340987556e-03,1.48998822652634481e-03,2.10906931164692515e-05,8.56568875766505755e-03,8.56568875766505755e-03,0.00000000000000000e+00,3.96077057090769946e+00,3.96077057090769946e+00,8.33664285733674792e-01,8.33664285733674792e-01,6.01365507399999899e+00,1,1,1,ok,stochastic coordinate shape descent
9,5009,256,8.39999999999999969e-01,bounded_ricci_du010,sum_channel,voro_radical,voro_radical_fixed_topology,1,1,1.18989716995862083e-01,1.14561253137630534e-01,-4.42846385823154887e-03,7.00946224685673608e-02,5.46823106058287808e-02,-1.54123118627385799e-02,1.17018778463741771e-01,1.15318312090019762e-01,-1.70046637372200937e-03,5.21749151696416447e-01,4.05843120363087173e-01,-1.15906031333329274e-01,1.22994265446143515e+02,8.86022104986261922e+01,-3.43920549475173232e+01,1.45111239540821807e-01,1.18708687140685887e-01,-2.64025524001359202e-02,5.73635826944374538e-01,4.84377489365961755e-01,-8.92583375784127830e-02,6.06381977684141457e-04,9.45649156103727795e-02,9.39585336326886345e-02,5.10615801755376353e-03,7.96222764361327329e-02,7.45161184185789693e-02,3.96077057090769946e+00,4.07123935108374013e+00,8.24004499403811486e-01,8.71976160505938847e-01,8.02344929999989631e-02,1,1,1,ok,relative_bounded_ricci
9,5009,256,8.39999999999999969e-01,box_shear_aspect,shape_channel,voro_radical,voro_radical_rebuilt,1,1,1.18989716995862083e-01,1.18989716995862083e-01,0.00000000000000000e+00,7.00946224685673608e-02,7.00946224685673608e-02,0.00000000000000000e+00,1.17018778463741771e-01,1.17018778463741771e-01,0.00000000000000000e+00,5.21749151696416447e-01,5.21749151696416447e-01,0.00000000000000000e+00,1.22994265446143515e+02,1.22994265446143515e+02,0.00000000000000000e+00,1.45111239540821807e-01,1.45111239540821807e-01,0.00000000000000000e+00,5.73635826944374538e-01,5.73635826944374538e-01,0.00000000000000000e+00,6.06381977684141457e-04,6.06381977684141457e-04,0.00000000000000000e+00,5.10615801755376353e-03,5.10615801755376353e-03,0.00000000000000000e+00,3.96077057090769946e+00,3.96077057090769946e+00,8.24004499403811486e-01,8.24004499403811486e-01,2.79307650899999871e+00,0,0,0,ok,aspect-only box strain; shear omitted for rectangular voro++ container
9,5009,256,8.39999999999999969e-01,compression_step,coupled,voro_radical,voro_radical_rebuilt,1,1,1.18989716995862083e-01,1.18989716995862013e-01,-6.93889390390722838e-17,7.00946224685673608e-02,7.00946224685673747e-02,1.38777878078144568e-17,1.17018778463741771e-01,1.17018778463741785e-01,1.38777878078144568e-17,5.21749151696416447e-01,5.21749151696416447e-01,0.00000000000000000e+00,1.22994265446143515e+02,1.22994265446143515e+02,0.00000000000000000e+00,1.45111239540821807e-01,1.45111239540821807e-01,0.00000000000000000e+00,5.73635826944374538e-01,5.73635826944374538e-01,0.00000000000000000e+00,6.06381977684141457e-04,0.00000000000000000e+00,-6.06381977684141457e-04,5.10615801755376353e-03,0.00000000000000000e+00,-5.10615801755376353e-03,3.96077057090769946e+00,3.96077057090769946e+00,8.24004499403811486e-01,8.24004499403811486e-01,1.03811242399999770e+00,0,0,0,ok,local phi scan best endpoint
9,5009,256,8.39999999999999969e-01,free_ricci,sum_channel,voro_radical,voro_radical_fixed_topology,1,1,1.18989716995862083e-01,1.10439390057557596e-01,-8.55032693830448665e-03,7.00946224685673608e-02,6.94297564353826405e-12,-7.00946224616243868e-02,1.17018778463741771e-01,1.12554052447437200e-01,-4.46472601630457100e-03,5.21749151696416447e-01,4.97289148653911990e-11,-5.21749151646687559e-01,1.22994265446143515e+02,7.98911941139224865e-09,-1.22994265438154400e+02,1.45111239540821807e-01,2.28654001822573717e-10,-1.45111239312167795e-01,5.73635826944374538e-01,4.56279600359533461e-10,-5.73635826488094969e-01,6.06381977684141457e-04,3.59622639438049907e+00,3.59562001240281504e+00,5.10615801755376353e-03,6.31965456090036071e-01,6.26859298072482307e-01,3.96077057090769946e+00,4.98135279879005832e+00,8.24004499403811486e-01,9.26166840453488405e-01,9.32964800000029015e-02,1,1,1,ok,converged: max_abs_K < tol
9,5009,256,8.39999999999999969e-01,post_voro_surgery,topology,voro_radical,post_surgery_nonradical,1,1,1.18989716995862083e-01,1.33083747280160730e-01,1.40940302842986476e-02,7.00946224685673608e-02,5.96742426912255652e-02,-1.04203797773417955e-02,1.17018778463741771e-01,1.40642009919874328e-01,2.36232314561325568e-02,5.21749151696416447e-01,4.37658322821640466e-01,-8.40908288747759802e-02,1.22994265446143515e+02,7.13913983237496836e+01,-5.16028671223938318e+01,1.45111239540821807e-01,1.27263769183846104e-01,-1.78474703569757032e-02,5.73635826944374538e-01,3.52942311797173447e-01,-2.20693515147201091e-01,6.06381977684141457e-04,6.06381977684141457e-04,0.00000000000000000e+00,5.10615801755376353e-03,5.10615801755376353e-03,0.00000000000000000e+00,3.96077057090769946e+00,3.96077057090769946e+00,8.24004499403811486e-01,8.55870799795346082e-01,6.97076997159999934e+01,1,0,0,ok,light topology surgery; no longer radical
9,5009,256,8.39999999999999969e-01,radius_label_swap,sum_channel,voro_radical,voro_radical_rebuilt,1,1,1.18989716995862083e-01,1.18989784192017334e-01,6.71961552511923799e-08,7.00946224685673608e-02,7.00950189440360250e-02,3.96475468664170272e-07,1.17018778463741771e-01,1.17018806885905463e-01,2.84221636920323206e-08,5.21749151696416447e-01,5.21750731967106529e-01,1.58027069008248588e-06,1.22994265446143515e+02,1.22994353211472244e+02,8.77653287290058870e-05,1.45111239540821807e-01,1.45111231485433895e-01,-8.05538791226467765e-09,5.73635826944374538e-01,5.73636250111622670e-01,4.23167248131406382e-07,6.06381977684141457e-04,6.06993534770359621e-04,6.11557086218164105e-07,5.10615801755376353e-03,5.10615801755376353e-03,0.00000000000000000e+00,3.96077057090769946e+00,3.96077057090769946e+00,8.24004499403811486e-01,8.24004499403811486e-01,7.33977818000001037e+00,0,0,0,ok,radius labels permuted; distribution exactly preserved
9,5009,256,8.39999999999999969e-01,shape_descent,shape_channel,voro_radical,voro_radical_rebuilt,1,1,1.18989716995862083e-01,1.18982218779824248e-01,-7.49821603783507040e-06,7.00946224685673608e-02,7.00946224685673608e-02,0.00000000000000000e+00,1.17018778463741771e-01,1.17017495900057292e-01,-1.28256368447932090e-06,5.21749151696416447e-01,5.21749151696416447e-01,0.00000000000000000e+00,1.22994265446143515e+02,1.22994265446143515e+02,0.00000000000000000e+00,1.45111239540821807e-01,1.45111239540821807e-01,0.00000000000000000e+00,5.73635826944374538e-01,5.73635826944374538e-01,0.00000000000000000e+00,6.06381977684141457e-04,6.12551179190809784e-04,6.16920150666832711e-06,5.10615801755376353e-03,5.10615801755376353e-03,0.00000000000000000e+00,3.96077057090769946e+00,3.96077057090769946e+00,8.24004499403811486e-01,8.24004499403811486e-01,4.25108039399999882e+00,0,1,0,ok,stochastic coordinate shape descent
10,5010,256,8.39999999999999969e-01,bounded_ricci_du010,sum_channel,voro_radical,voro_radical_fixed_topology,1,1,1.15406195243123566e-01,1.09962990819898729e-01,-5.44320442322483722e-03,6.98186707053164157e-02,5.05798045753638528e-02,-1.92388661299525629e-02,1.13615423429421478e-01,1.12221062455198958e-01,-1.39436097422251937e-03,4.99161924435307214e-01,3.61016862931825111e-01,-1.38145061503482103e-01,9.66840340681708597e+01,6.39229298803962820e+01,-3.27611041877745777e+01,1.34711587201374799e-01,1.04034420493388055e-01,-3.06771667079867444e-02,4.79498955963146345e-01,3.84226914352065130e-01,-9.52720416110812152e-02,2.59254102426447730e-05,1.34772179699617495e-01,1.34746254289374839e-01,1.15448527683303936e-03,1.07025149104569284e-01,1.05870663827736244e-01,3.96077057090769946e+00,4.19568245741165136e+00,8.22897300589726099e-01,8.78193399055667956e-01,1.38843237999999758e-01,1,1,1,ok,relative_bounded_ricci
10,5010,256,8.39999999999999969e-01,box_shear_aspect,shape_channel,voro_radical,voro_radical_rebuilt,1,1,1.15406195243123566e-01,1.15406195243123566e-01,0.00000000000000000e+00,6.98186707053164157e-02,6.98186707053164157e-02,0.00000000000000000e+00,1.13615423429421478e-01,1.13615423429421478e-01,0.00000000000000000e+00,4.99161924435307214e-01,4.99161924435307214e-01,0.00000000000000000e+00,9.66840340681708597e+01,9.66840340681708597e+01,0.00000000000000000e+00,1.34711587201374799e-01,1.34711587201374799e-01,0.00000000000000000e+00,4.79498955963146345e-01,4.79498955963146345e-01,0.00000000000000000e+00,2.59254102426447730e-05,2.59254102426447730e-05,0.00000000000000000e+00,1.15448527683303936e-03,1.15448527683303936e-03,0.00000000000000000e+00,3.96077057090769946e+00,3.96077057090769946e+00,8.22897300589726099e-01,8.22897300589726099e-01,3.55227311200000173e+00,0,0,0,ok,aspect-only box strain; shear omitted for rectangular voro++ container
10,5010,256,8.39999999999999969e-01,compression_step,coupled,voro_radical,voro_radical_rebuilt,1,1,1.15406195243123566e-01,1.15406195243123552e-01,-1.38777878078144568e-17,6.98186707053164157e-02,6.98186707053164157e-02,0.00000000000000000e+00,1.13615423429421478e-01,1.13615423429421505e-01,2.77555756156289135e-17,4.99161924435307214e-01,4.99161924435307214e-01,0.00000000000000000e+00,9.66840340681708597e+01,9.66840340681708597e+01,0.00000000000000000e+00,1.34711587201374799e-01,1.34711587201374799e-01,0.00000000000000000e+00,4.79498955963146345e-01,4.79498955963146345e-01,0.00000000000000000e+00,2.59254102426447730e-05,0.00000000000000000e+00,-2.59254102426447730e-05,1.15448527683303936e-03,0.00000000000000000e+00,-1.15448527683303936e-03,3.96077057090769946e+00,3.96077057090769946e+00,8.22897300589726099e-01,8.22897300589726099e-01,1.24006333799999879e+00,0,0,0,ok,local phi scan best endpoint
10,5010,256,8.39999999999999969e-01,free_ricci,sum_channel,voro_radical,voro_radical_fixed_topology,1,1,1.15406195243123566e-01,1.09179787941428630e-01,-6.22640730169493617e-03,6.98186707053164157e-02,8.06506750437928991e-12,-6.98186706972513532e-02,1.13615423429421478e-01,1.11265212041285463e-01,-2.35021138813601427e-03,4.99161924435307214e-01,5.36828053289690247e-11,-4.99161924381624433e-01,9.66840340681708597e+01,8.86841191427986311e-09,-9.66840340593024479e+01,1.34711587201374799e-01,2.50577641321282331e-10,-1.34711586950797158e-01,4.79498955963146345e-01,4.62592713027557274e-10,-4.79498955500553659e-01,2.59254102426447730e-05,3.70689530546159363e+00,3.70686938005135103e+00,1.15448527683303936e-03,5.42482790564188910e-01,5.41328305287355871e-01,3.96077057090769946e+00,5.74657730383508980e+00,8.22897300589726099e-01,9.29002287690986028e-01,1.58853838999998942e-01,1,1,1,ok,converged: max_abs_K < tol
10,5010,256,8.39999999999999969e-01,post_voro_surgery,topology,voro_radical,post_surgery_nonradical,1,1,1.15406195243123566e-01,1.30776249128322475e-01,1.53700538851989088e-02,6.98186707053164157e-02,6.16915553444167819e-02,-8.12711536089963382e-03,1.13615423429421478e-01,1.36741742013355871e-01,2.31263185839343938e-02,4.99161924435307214e-01,4.40979007361774644e-01,-5.81829170735325696e-02,9.66840340681708597e+01,7.22879302565529116e+01,-2.43961038116179481e+01,1.34711587201374799e-01,1.31122561926284270e-01,-3.58902527509052938e-03,4.79498955963146345e-01,3.43767789977022509e-01,-1.35731165986123836e-01,2.59254102426447730e-05,2.59254102426447730e-05,0.00000000000000000e+00,1.15448527683303936e-03,1.15448527683303936e-03,0.00000000000000000e+00,3.96077057090769946e+00,3.96077057090769946e+00,8.22897300589726099e-01,8.53439713907155673e-01,5.90306276260000047e+01,1,0,0,ok,light topology surgery; no longer radical
10,5010,256,8.39999999999999969e-01,radius_label_swap,sum_channel,voro_radical,voro_radical_rebuilt,1,1,1.15406195243123566e-01,1.15379509823332005e-01,-2.66854197915611380e-05,6.98186707053164157e-02,6.97634300520166978e-02,-5.52406532997179456e-05,1.13615423429421478e-01,1.13613214836513363e-01,-2.20859290811503683e-06,4.99161924435307214e-01,4.98735494133226653e-01,-4.26430302080560431e-04,9.66840340681708597e+01,9.66468068819739301e+01,-3.72271861969295514e-02,1.34711587201374799e-01,1.34648822687753633e-01,-6.27645136211663068e-05,4.79498955963146345e-01,4.79501380697985091e-01,2.42473483874627860e-06,2.59254102426447730e-05,2.53602083690135153e-05,-5.65201873631257680e-07,1.15448527683303936e-03,1.15448527683303936e-03,0.00000000000000000e+00,3.96077057090769946e+00,3.96077057090769946e+00,8.22897300589726099e-01,8.23035244244864961e-01,7.39381027800000368e+00,1,1,1,ok,radius labels permuted; distribution exactly preserved
10,5010,256,8.39999999999999969e-01,shape_descent,shape_channel,voro_radical,voro_radical_rebuilt,1,1,1.15406195243123566e-01,1.15427225190438812e-01,2.10299473152458782e-05,6.98186707053164157e-02,6.98186707053164157e-02,0.00000000000000000e+00,1.13615423429421478e-01,1.13583461511578734e-01,-3.19619178427432704e-05,4.99161924435307214e-01,4.99161924435307214e-01,0.00000000000000000e+00,9.66840340681708597e+01,9.66840340681708597e+01,0.00000000000000000e+00,1.34711587201374799e-01,1.34711587201374799e-01,0.00000000000000000e+00,4.79498955963146345e-01,4.79498955963146345e-01,0.00000000000000000e+00,2.59254102426447730e-05,2.59252501153646309e-05,-1.60127280142072226e-10,1.15448527683303936e-03,1.15448527683303936e-03,0.00000000000000000e+00,3.96077057090769946e+00,3.96077057090769946e+00,8.22897300589726099e-01,8.22897300589726099e-01,5.88098159299999779e+00,0,1,0,ok,stochastic coordinate shape descent
11,5011,256,8.39999999999999969e-01,bounded_ricci_du010,sum_channel,voro_radical,voro_radical_fixed_topology,1,1,1.18624389954936779e-01,1.13557286410822925e-01,-5.06710354411385455e-03,7.63732805086607125e-02,5.77942895559184558e-02,-1.85789909527422567e-02,1.15851758745160266e-01,1.14540685577429954e-01,-1.31107316773031168e-03,5.44848907274605998e-01,4.12556311517012719e-01,-1.32292595757593279e-01,1.02168222722989796e+02,7.14378427704652381e+01,-3.07303799525245580e+01,1.45634040856733288e-01,1.16019077961959607e-01,-2.96149628947736804e-02,4.72199114965395905e-01,3.94368679409465739e-01,-7.78304355559301664e-02,2.00159522136682906e-03,1.25769206432139541e-01,1.23767611210772718e-01,7.26540337908510025e-03,9.85061646652529710e-02,9.12407612861678707e-02,3.96077057090769946e+00,3.96088110980686370e+00,8.10959337775468248e-01,8.69055322082965098e-01,1.12498419999997878e-01,1,1,1,ok,relative_bounded_ricci
11,5011,256,8.39999999999999969e-01,box_shear_aspect,shape_channel,voro_radical,voro_radical_rebuilt,1,1,1.18624389954936779e-01,1.18624389954936779e-01,0.00000000000000000e+00,7.63732805086607125e-02,7.63732805086607125e-02,0.00000000000000000e+00,1.15851758745160266e-01,1.15851758745160266e-01,0.00000000000000000e+00,5.44848907274605998e-01,5.44848907274605998e-01,0.00000000000000000e+00,1.02168222722989796e+02,1.02168222722989796e+02,0.00000000000000000e+00,1.45634040856733288e-01,1.45634040856733288e-01,0.00000000000000000e+00,4.72199114965395905e-01,4.72199114965395905e-01,0.00000000000000000e+00,2.00159522136682906e-03,2.00159522136682906e-03,0.00000000000000000e+00,7.26540337908510025e-03,7.26540337908510025e-03,0.00000000000000000e+00,3.96077057090769946e+00,3.96077057090769946e+00,8.10959337775468248e-01,8.10959337775468248e-01,3.94084191100000325e+00,0,0,0,ok,aspect-only box strain; shear omitted for rectangular voro++ container
11,5011,256,8.39999999999999969e-01,compression_step,coupled,voro_radical,voro_radical_rebuilt,1,1,1.18624389954936779e-01,1.18624389954936779e-01,0.00000000000000000e+00,7.63732805086607125e-02,7.63732805086607125e-02,0.00000000000000000e+00,1.15851758745160266e-01,1.15851758745160363e-01,9.71445146547011973e-17,5.44848907274605998e-01,5.44848907274605998e-01,0.00000000000000000e+00,1.02168222722989796e+02,1.02168222722989796e+02,0.00000000000000000e+00,1.45634040856733288e-01,1.45634040856733288e-01,0.00000000000000000e+00,4.72199114965395905e-01,4.72199114965395905e-01,0.00000000000000000e+00,2.00159522136682906e-03,0.00000000000000000e+00,-2.00159522136682906e-03,7.26540337908510025e-03,0.00000000000000000e+00,-7.26540337908510025e-03,3.96077057090769946e+00,3.96077057090769946e+00,8.10959337775468248e-01,8.10959337775468248e-01,1.70650863600000235e+00,0,0,0,ok,local phi scan best endpoint
11,5011,256,8.39999999999999969e-01,free_ricci,sum_channel,voro_radical,voro_radical_fixed_topology,1,1,1.18624389954936779e-01,1.10611178255590692e-01,-8.01321169934608724e-03,7.63732805086607125e-02,6.46020131541806119e-12,-7.63732805022005051e-02,1.15851758745160266e-01,1.13112185692515119e-01,-2.73957305264514728e-03,5.44848907274605998e-01,4.61837953319511494e-11,-5.44848907228422163e-01,1.02168222722989796e+02,7.61987889670086707e-09,-1.02168222715369922e+02,1.45634040856733288e-01,2.14054812601941515e-10,-1.45634040642678486e-01,4.72199114965395905e-01,4.50898454921695938e-10,-4.72199114514497476e-01,2.00159522136682906e-03,4.14752053784358754e+00,4.14551894262222032e+00,7.26540337908510025e-03,5.09737084738246082e-01,5.02471681359160982e-01,3.96077057090769946e+00,5.16509613779424459e+00,8.10959337775468248e-01,9.30231462410613608e-01,2.34564391999999344e-01,1,1,1,ok,converged: max_abs_K < tol
11,5011,256,8.39999999999999969e-01,post_voro_surgery,topology,voro_radical,post_surgery_nonradical,1,1,1.18624389954936779e-01,1.40292390280509521e-01,2.16680003255727421e-02,7.63732805086607125e-02,6.91713223225140644e-02,-7.20195818614664807e-03,1.15851758745160266e-01,1.47692756065855996e-01,3.18409973206957297e-02,5.44848907274605998e-01,4.92494109946676417e-01,-5.23547973279295809e-02,1.02168222722989796e+02,7.83098319894073995e+01,-2.38583907335823966e+01,1.45634040856733288e-01,1.35670008533845921e-01,-9.96403232288736729e-03,4.72199114965395905e-01,3.66939367166229158e-01,-1.05259747799166747e-01,2.00159522136682906e-03,2.00159522136682906e-03,0.00000000000000000e+00,7.26540337908510025e-03,7.26540337908510025e-03,0.00000000000000000e+00,3.96077057090769946e+00,3.96077057090769946e+00,8.10959337775468248e-01,8.40662598041521880e-01,6.54516940219999981e+01,1,0,0,ok,light topology surgery; no longer radical
11,5011,256,8.39999999999999969e-01,radius_label_swap,sum_channel,voro_radical,voro_radical_rebuilt,1,1,1.18624389954936779e-01,1.18611946478163699e-01,-1.24434767730802198e-05,7.63732805086607125e-02,7.63580918228185246e-02,-1.51886858421879101e-05,1.15851758745160266e-01,1.15849943275462053e-01,-1.81546969821311244e-06,5.44848907274605998e-01,5.44836959694399270e-01,-1.19475802067281478e-05,1.02168222722989796e+02,1.02158809020949917e+02,-9.41370203987901277e-03,1.45634040856733288e-01,1.45625475545885702e-01,-8.56531084758582750e-06,4.72199114965395905e-01,4.72178835642971639e-01,-2.02793224242658887e-05,2.00159522136682906e-03,2.01884580351416928e-03,1.72505821473402203e-05,7.26540337908510025e-03,7.26540337908510025e-03,0.00000000000000000e+00,3.96077057090769946e+00,3.96077057090769946e+00,8.10959337775468248e-01,8.10959337775468025e-01,7.23469965399999637e+00,1,1,1,ok,radius labels permuted; distribution exactly preserved
11,5011,256,8.39999999999999969e-01,shape_descent,shape_channel,voro_radical,voro_radical_rebuilt,1,1,1.18624389954936779e-01,1.18630334446029384e-01,5.94449109260486441e-06,7.63732805086607125e-02,7.63732805086607125e-02,0.00000000000000000e+00,1.15851758745160266e-01,1.15882703338915066e-01,3.09445937548002981e-05,5.44848907274605998e-01,5.44848907274605998e-01,0.00000000000000000e+00,1.02168222722989796e+02,1.02168222722989796e+02,0.00000000000000000e+00,1.45634040856733288e-01,1.45634040856733288e-01,0.00000000000000000e+00,4.72199114965395905e-01,4.72199114965395905e-01,0.00000000000000000e+00,2.00159522136682906e-03,2.04875709758240874e-03,4.71618762155796845e-05,7.26540337908510025e-03,7.26540337908510025e-03,0.00000000000000000e+00,3.96077057090769946e+00,3.96077057090769946e+00,8.10959337775468248e-01,8.10959337775468248e-01,4.84722257800000023e+00,0,0,0,ok,stochastic coordinate shape descent
12,5012,256,8.39999999999999969e-01,bounded_ricci_du010,sum_channel,voro_radical,voro_radical_fixed_topology,1,1,1.20958104673535752e-01,1.14906931876379806e-01,-6.05117279715594591e-03,7.64454987331396607e-02,5.85508976046889701e-02,-1.78946011284506906e-02,1.16544341621159314e-01,1.15082604567954758e-01,-1.46173705320455649e-03,5.69295892293819938e-01,4.34699458258246907e-01,-1.34596434035573032e-01,1.05900920336141240e+02,7.41212675197359658e+01,-3.17796528164052745e+01,1.49263785100642893e-01,1.19143258209700578e-01,-3.01205268909423146e-02,4.79355793693994114e-01,4.01021544149811004e-01,-7.83342495441831099e-02,8.29662075261042948e-04,1.07826189930760902e-01,1.06996527855499859e-01,5.90616100687091361e-03,1.05943666491517430e-01,1.00037505484646516e-01,3.96077057090769946e+00,3.84481231465835815e+00,7.99160511856893852e-01,8.59458818567864768e-01,1.23206336999999166e-01,1,1,1,ok,relative_bounded_ricci
12,5012,256,8.39999999999999969e-01,box_shear_aspect,shape_channel,voro_radical,voro_radical_rebuilt,1,1,1.20958104673535752e-01,1.20956777995320383e-01,-1.32667821536869290e-06,7.64454987331396607e-02,7.64454987331396330e-02,-2.77555756156289135e-17,1.16544341621159314e-01,1.16543682817439043e-01,-6.58803720271494697e-07,5.69295892293819938e-01,5.69295892293819938e-01,0.00000000000000000e+00,1.05900920336141240e+02,1.05900920336141240e+02,0.00000000000000000e+00,1.49263785100642893e-01,1.49263785100642893e-01,0.00000000000000000e+00,4.79355793693994114e-01,4.79355793693994114e-01,0.00000000000000000e+00,8.29662075261042948e-04,8.29122760742383429e-04,-5.39314518659518918e-07,5.90616100687091361e-03,5.94464848444342664e-03,3.84874775725130291e-05,3.96077057090769946e+00,3.96077057090769946e+00,7.99160511856893852e-01,7.99160511856893852e-01,4.45141493099999863e+00,1,1,1,ok,aspect-only box strain; shear omitted for rectangular voro++ container
12,5012,256,8.39999999999999969e-01,compression_step,coupled,voro_radical,voro_radical_rebuilt,1,1,1.20958104673535752e-01,1.20958104673536029e-01,2.77555756156289135e-16,7.64454987331396607e-02,7.64454987331396052e-02,-5.55111512312578270e-17,1.16544341621159314e-01,1.16544341621159328e-01,1.38777878078144568e-17,5.69295892293819938e-01,5.69295892293819938e-01,0.00000000000000000e+00,1.05900920336141240e+02,1.05900920336141240e+02,0.00000000000000000e+00,1.49263785100642893e-01,1.49263785100642893e-01,0.00000000000000000e+00,4.79355793693994114e-01,4.79355793693994114e-01,0.00000000000000000e+00,8.29662075261042948e-04,0.00000000000000000e+00,-8.29662075261042948e-04,5.90616100687091361e-03,0.00000000000000000e+00,-5.90616100687091361e-03,3.96077057090769946e+00,3.96077057090769946e+00,7.99160511856893852e-01,7.99160511856893852e-01,1.52212715200000304e+00,1,0,0,ok,local phi scan best endpoint
12,5012,256,8.39999999999999969e-01,free_ricci,sum_channel,voro_radical,voro_radical_fixed_topology,1,1,1.20958104673535752e-01,1.10633862938697092e-01,-1.03242417348386600e-02,7.64454987331396607e-02,7.21866533975350425e-12,-7.64454987259209906e-02,1.16544341621159314e-01,1.13924440217508194e-01,-2.61990140365112034e-03,5.69295892293819938e-01,4.98096891106681082e-11,-5.69295892244010227e-01,1.05900920336141240e+02,8.41008229085007412e-09,-1.05900920327731157e+02,1.49263785100642893e-01,2.29961045081400365e-10,-1.49263784870681843e-01,4.79355793693994114e-01,4.58358602525467533e-10,-4.79355793235635486e-01,8.29662075261042948e-04,3.43828942098299306e+00,3.43745975890773181e+00,5.90616100687091361e-03,4.24263107814282669e-01,4.18356946807411756e-01,3.96077057090769946e+00,4.76006958649823630e+00,7.99160511856893852e-01,9.35667532067879448e-01,1.50902174999998806e-01,1,1,1,ok,converged: max_abs_K < tol
12,5012,256,8.39999999999999969e-01,post_voro_surgery,topology,voro_radical,post_surgery_nonradical,1,1,1.20958104673535752e-01,1.52787454761193514e-01,3.18293500876577623e-02,7.64454987331396607e-02,6.05571577267618524e-02,-1.58883410063778083e-02,1.16544341621159314e-01,1.61917012909721325e-01,4.53726712885620109e-02,5.69295892293819938e-01,4.45974375317037208e-01,-1.23321516976782730e-01,1.05900920336141240e+02,7.11362151262788984e+01,-3.47647052098623419e+01,1.49263785100642893e-01,1.28330881550475701e-01,-2.09329035501671923e-02,4.79355793693994114e-01,3.46587904674138747e-01,-1.32767889019855367e-01,8.29662075261042948e-04,8.29662075261042948e-04,0.00000000000000000e+00,5.90616100687091361e-03,5.90616100687091361e-03,0.00000000000000000e+00,3.96077057090769946e+00,3.96077057090769946e+00,7.99160511856893852e-01,8.64862444972135380e-01,5.47793557000000035e+01,1,0,0,ok,light topology surgery; no longer radical
12,5012,256,8.39999999999999969e-01,radius_label_swap,sum_channel,voro_radical,voro_radical_rebuilt,1,1,1.20958104673535752e-01,1.20926882316774773e-01,-3.12223567609792862e-05,7.64454987331396607e-02,7.64385560503484385e-02,-6.94268279122223220e-06,1.16544341621159314e-01,1.16540282974637741e-01,-4.05864652157361672e-06,5.69295892293819938e-01,5.69257767216952870e-01,-3.81250768670682305e-05,1.05900920336141240e+02,1.05916814621887482e+02,1.58942857462420761e-02,1.49263785100642893e-01,1.49266909344746151e-01,3.12424410325862212e-06,4.79355793693994114e-01,4.79427724784516618e-01,7.19310905225034602e-05,8.29662075261042948e-04,8.21347013471604957e-04,-8.31506178943799100e-06,5.90616100687091361e-03,5.90616100687091361e-03,0.00000000000000000e+00,3.96077057090769946e+00,3.96077057090769946e+00,7.99160511856893852e-01,7.99160511856893852e-01,6.24259732199999462e+00,1,1,1,ok,radius labels permuted; distribution exactly preserved
12,5012,256,8.39999999999999969e-01,shape_descent,shape_channel,voro_radical,voro_radical_rebuilt,1,1,1.20958104673535752e-01,1.20940868736934840e-01,-1.72359366009122716e-05,7.64454987331396607e-02,7.64454987331396607e-02,0.00000000000000000e+00,1.16544341621159314e-01,1.16503809594711183e-01,-4.05320264481312531e-05,5.69295892293819938e-01,5.69295892293819938e-01,0.00000000000000000e+00,1.05900920336141240e+02,1.05900920336141240e+02,0.00000000000000000e+00,1.49263785100642893e-01,1.49263785100642893e-01,0.00000000000000000e+00,4.79355793693994114e-01,4.79355793693994114e-01,0.00000000000000000e+00,8.29662075261042948e-04,8.67068074014333101e-04,3.74059987532901527e-05,5.90616100687091361e-03,5.90616100687091361e-03,0.00000000000000000e+00,3.96077057090769946e+00,3.96077057090769946e+00,7.99160511856893852e-01,7.99160511856893852e-01,5.14255345200000136e+00,0,1,0,ok,stochastic coordinate shape descent
13,5013,256,8.39999999999999969e-01,bounded_ricci_du010,sum_channel,voro_radical,voro_radical_fixed_topology,1,1,1.17310816554090980e-01,1.12626855332813233e-01,-4.68396122127774650e-03,7.33489174856341991e-02,5.67024838762673344e-02,-1.66464336093668647e-02,1.15402913503028823e-01,1.14065692691065937e-01,-1.33722081196288589e-03,5.39977473321685553e-01,4.15929855312232588e-01,-1.24047618009452965e-01,1.05426960539636553e+02,7.73952603800008774e+01,-2.80317001596356761e+01,1.47841845950567485e-01,1.20789561851303337e-01,-2.70522840992641483e-02,4.81355250623074105e-01,4.15188667350027685e-01,-6.61665832730464198e-02,7.68579439458549462e-03,1.07638436040547875e-01,9.99526416459623757e-02,2.11050023332872705e-02,9.25155363455569812e-02,7.14105340122697108e-02,3.96077057090769946e+00,3.85170886500656939e+00,8.00327229697078368e-01,8.53276011298938930e-01,1.19107277000001233e-01,1,1,1,ok,relative_bounded_ricci
13,5013,256,8.39999999999999969e-01,box_shear_aspect,shape_channel,voro_radical,voro_radical_rebuilt,1,1,1.17310816554090980e-01,1.17311764445227076e-01,9.47891136096612463e-07,7.33489174856341991e-02,7.33489174856341852e-02,-1.38777878078144568e-17,1.15402913503028823e-01,1.15410231524879753e-01,7.31802185093000102e-06,5.39977473321685553e-01,5.39977473321685553e-01,0.00000000000000000e+00,1.05426960539636553e+02,1.05426960539636553e+02,0.00000000000000000e+00,1.47841845950567485e-01,1.47841845950567485e-01,0.00000000000000000e+00,4.81355250623074105e-01,4.81355250623074105e-01,0.00000000000000000e+00,7.68579439458549462e-03,7.67763821354680662e-03,-8.15618103868799571e-06,2.11050023332872705e-02,2.08102810981820596e-02,-2.94721235105210866e-04,3.96077057090769946e+00,3.96077057090769946e+00,8.00327229697078368e-01,8.00327229697078368e-01,3.86299196500000264e+00,1,0,0,ok,aspect-only box strain; shear omitted for rectangular voro++ container
13,5013,256,8.39999999999999969e-01,compression_step,coupled,voro_radical,voro_radical_rebuilt,1,1,1.17310816554090980e-01,1.17310816554090910e-01,-6.93889390390722838e-17,7.33489174856341991e-02,7.33489174856341852e-02,-1.38777878078144568e-17,1.15402913503028823e-01,1.15402913503028712e-01,-1.11022302462515654e-16,5.39977473321685553e-01,5.39977473321685553e-01,0.00000000000000000e+00,1.05426960539636553e+02,1.05426960539636553e+02,0.00000000000000000e+00,1.47841845950567485e-01,1.47841845950567485e-01,0.00000000000000000e+00,4.81355250623074105e-01,4.81355250623074105e-01,0.00000000000000000e+00,7.68579439458549462e-03,0.00000000000000000e+00,-7.68579439458549462e-03,2.11050023332872705e-02,0.00000000000000000e+00,-2.11050023332872705e-02,3.96077057090769946e+00,3.96077057090769946e+00,8.00327229697078368e-01,8.00327229697078368e-01,1.58480373400000474e+00,1,1,1,ok,local phi scan best endpoint
13,5013,256,8.39999999999999969e-01,free_ricci,sum_channel,voro_radical,voro_radical_fixed_topology,1,1,1.17310816554090980e-01,1.10447003858073003e-01,-6.86381269601797628e-03,7.33489174856341991e-02,7.82291239751107776e-12,-7.33489174778112901e-02,1.15402913503028823e-01,1.12310001656761776e-01,-3.09291184626704629e-03,5.39977473321685553e-01,5.21620858103279699e-11,-5.39977473269523500e-01,1.05426960539636553e+02,8.21374204594514869e-09,-1.05426960531422807e+02,1.47841845950567485e-01,2.39848806950538626e-10,-1.47841845710718678e-01,4.81355250623074105e-01,4.43694339707912024e-10,-4.81355250179379746e-01,7.68579439458549462e-03,4.55642765628510382e+00,4.54874186189051866e+00,2.11050023332872705e-02,6.67311591065358423e-01,6.46206588732071152e-01,3.96077057090769946e+00,4.50376519248529927e+00,8.00327229697078368e-01,9.24772868545733484e-01,1.54750338999999570e-01,1,1,1,ok,converged: max_abs_K < tol
13,5013,256,8.39999999999999969e-01,post_voro_surgery,topology,voro_radical,post_surgery_nonradical,1,1,1.17310816554090980e-01,1.35478649929165584e-01,1.81678333750746046e-02,7.33489174856341991e-02,6.43071491026149522e-02,-9.04176838301924690e-03,1.15402913503028823e-01,1.43961820426322579e-01,2.85589069232937559e-02,5.39977473321685553e-01,4.61910085286627414e-01,-7.80673880350581384e-02,1.05426960539636553e+02,6.94118889377249815e+01,-3.60150716019115720e+01,1.47841845950567485e-01,1.30798280096775466e-01,-1.70435658537920198e-02,4.81355250623074105e-01,3.24076631957915307e-01,-1.57278618665158798e-01,7.68579439458549462e-03,7.68579439458549462e-03,0.00000000000000000e+00,2.11050023332872705e-02,2.11050023332872705e-02,0.00000000000000000e+00,3.96077057090769946e+00,3.96077057090769946e+00,8.00327229697078368e-01,8.43317751601678323e-01,6.37606302660000068e+01,1,0,0,ok,light topology surgery; no longer radical
13,5013,256,8.39999999999999969e-01,radius_label_swap,sum_channel,voro_radical,voro_radical_rebuilt,1,1,1.17310816554090980e-01,1.17273367749058707e-01,-3.74488050322724364e-05,7.33489174856341991e-02,7.32720381549246541e-02,-7.68793307095450018e-05,1.15402913503028823e-01,1.15396811374660319e-01,-6.10212836850421159e-06,5.39977473321685553e-01,5.39628301281668055e-01,-3.49172040017498020e-04,1.05426960539636553e+02,1.05395970988589170e+02,-3.09895510473836566e-02,1.47841845950567485e-01,1.47789949960903999e-01,-5.18959896634862972e-05,4.81355250623074105e-01,4.81371838742021774e-01,1.65881189476690949e-05,7.68579439458549462e-03,7.54736816659034183e-03,-1.38426227995152792e-04,2.11050023332872705e-02,2.11050023332872705e-02,0.00000000000000000e+00,3.96077057090769946e+00,3.96077057090769946e+00,8.00327229697078368e-01,8.00469023249720579e-01,6.70827276200000711e+00,1,1,1,ok,radius labels permuted; distribution exactly preserved
13,5013,256,8.39999999999999969e-01,shape_descent,shape_channel,voro_radical,voro_radical_rebuilt,1,1,1.17310816554090980e-01,1.17360886929637365e-01,5.00703755463849376e-05,7.33489174856341991e-02,7.33489174856342130e-02,1.38777878078144568e-17,1.15402913503028823e-01,1.15478361793100462e-01,7.54482900716391125e-05,5.39977473321685553e-01,5.39977473321685553e-01,0.00000000000000000e+00,1.05426960539636553e+02,1.05426960539636553e+02,0.00000000000000000e+00,1.47841845950567485e-01,1.47841845950567485e-01,0.00000000000000000e+00,4.81355250623074105e-01,4.81355250623074105e-01,0.00000000000000000e+00,7.68579439458549462e-03,8.05834864624258712e-03,3.72554251657092501e-04,2.11050023332872705e-02,2.11050023332872705e-02,0.00000000000000000e+00,3.96077057090769946e+00,3.96077057090769946e+00,8.00327229697078368e-01,8.00327229697078368e-01,5.16310011100000210e+00,0,0,0,ok,stochastic coordinate shape descent
14,5014,256,8.39999999999999969e-01,bounded_ricci_du010,sum_channel,voro_radical,voro_radical_fixed_topology,1,1,1.19195894196339927e-01,1.13705827742820356e-01,-5.49006645351957090e-03,7.24629493822057935e-02,5.72764803720599569e-02,-1.51864690101458366e-02,1.14084951887687705e-01,1.12817673982385222e-01,-1.26727790530248297e-03,5.28911638200484924e-01,4.16768616837903672e-01,-1.12143021362581252e-01,9.89949646541907669e+01,7.15879403147972653e+01,-2.74070243393935016e+01,1.39467873303951440e-01,1.14303084795769144e-01,-2.51647885081822953e-02,4.76205675477625601e-01,4.00939824319116234e-01,-7.52658511585093670e-02,7.68325080463593511e-04,7.41533016469227146e-02,7.33849765664591203e-02,5.30669068776612463e-03,1.05198856227790127e-01,9.98921655400240027e-02,3.96077057090769946e+00,4.02306851676348476e+00,8.15787444823400709e-01,8.63183871099134747e-01,7.94297200000002590e-02,1,1,1,ok,relative_bounded_ricci
14,5014,256,8.39999999999999969e-01,box_shear_aspect,shape_channel,voro_radical,voro_radical_rebuilt,1,1,1.19195894196339927e-01,1.19195894196339927e-01,0.00000000000000000e+00,7.24629493822057935e-02,7.24629493822057935e-02,0.00000000000000000e+00,1.14084951887687705e-01,1.14084951887687705e-01,0.00000000000000000e+00,5.28911638200484924e-01,5.28911638200484924e-01,0.00000000000000000e+00,9.89949646541907669e+01,9.89949646541907669e+01,0.00000000000000000e+00,1.39467873303951440e-01,1.39467873303951440e-01,0.00000000000000000e+00,4.76205675477625601e-01,4.76205675477625601e-01,0.00000000000000000e+00,7.68325080463593511e-04,7.68325080463593511e-04,0.00000000000000000e+00,5.30669068776612463e-03,5.30669068776612463e-03,0.00000000000000000e+00,3.96077057090769946e+00,3.96077057090769946e+00,8.15787444823400709e-01,8.15787444823400709e-01,2.79446342600000008e+00,0,0,0,ok,aspect-only box strain; shear omitted for rectangular voro++ container
14,5014,256,8.39999999999999969e-01,compression_step,coupled,voro_radical,voro_radical_rebuilt,1,1,1.19195894196339927e-01,1.19195894196339761e-01,-1.66533453693773481e-16,7.24629493822057935e-02,7.24629493822058351e-02,4.16333634234433703e-17,1.14084951887687705e-01,1.14084951887687733e-01,2.77555756156289135e-17,5.28911638200484924e-01,5.28911638200484924e-01,0.00000000000000000e+00,9.89949646541907669e+01,9.89949646541907669e+01,0.00000000000000000e+00,1.39467873303951440e-01,1.39467873303951440e-01,0.00000000000000000e+00,4.76205675477625601e-01,4.76205675477625601e-01,0.00000000000000000e+00,7.68325080463593511e-04,0.00000000000000000e+00,-7.68325080463593511e-04,5.30669068776612463e-03,0.00000000000000000e+00,-5.30669068776612463e-03,3.96077057090769946e+00,3.96077057090769946e+00,8.15787444823400709e-01,8.15787444823400709e-01,1.09909711599999937e+00,0,0,0,ok,local phi scan best endpoint
14,5014,256,8.39999999999999969e-01,free_ricci,sum_channel,voro_radical,voro_radical_fixed_topology,1,1,1.19195894196339927e-01,1.08519908749637864e-01,-1.06759854467020632e-02,7.24629493822057935e-02,7.74333841370015172e-12,-7.24629493744624598e-02,1.14084951887687705e-01,1.10992270771232568e-01,-3.09268111645513710e-03,5.28911638200484924e-01,5.20978968133511157e-11,-5.28911638148387042e-01,9.89949646541907669e+01,9.04692897741473541e-09,-9.89949646451438383e+01,1.39467873303951440e-01,2.46343326108280081e-10,-1.39467873057608105e-01,4.76205675477625601e-01,4.54428887593267414e-10,-4.76205675023196717e-01,7.68325080463593511e-04,3.21046384098561122e+00,3.20969551590514746e+00,5.30669068776612463e-03,4.75619804589036743e-01,4.70313113901270619e-01,3.96077057090769946e+00,4.55876649691245195e+00,8.15787444823400709e-01,9.45505201510240090e-01,1.09802882000000324e-01,1,1,1,ok,converged: max_abs_K < tol
14,5014,256,8.39999999999999969e-01,post_voro_surgery,topology,voro_radical,post_surgery_nonradical,1,1,1.19195894196339927e-01,1.39424256247579009e-01,2.02283620512390822e-02,7.24629493822057935e-02,6.33703798116559414e-02,-9.09256957054985215e-03,1.14084951887687705e-01,1.43411637583028551e-01,2.93266856953408456e-02,5.28911638200484924e-01,4.61380098725850840e-01,-6.75315394746340836e-02,9.89949646541907669e+01,7.24473227163520903e+01,-2.65476419378386765e+01,1.39467873303951440e-01,1.25195273174002336e-01,-1.42726001299491034e-02,4.76205675477625601e-01,3.68956863094078436e-01,-1.07248812383547165e-01,7.68325080463593511e-04,7.68325080463593511e-04,0.00000000000000000e+00,5.30669068776612463e-03,5.30669068776612463e-03,0.00000000000000000e+00,3.96077057090769946e+00,3.96077057090769946e+00,8.15787444823400709e-01,8.50351049338046394e-01,4.47856359639999937e+01,1,0,0,ok,light topology surgery; no longer radical
14,5014,256,8.39999999999999969e-01,radius_label_swap,sum_channel,voro_radical,voro_radical_rebuilt,1,1,1.19195894196339927e-01,1.19194704044235267e-01,-1.19015210466033583e-06,7.24629493822057935e-02,7.24603181839063165e-02,-2.63119829947700001e-06,1.14084951887687705e-01,1.14085221502278150e-01,2.69614590445166336e-07,5.28911638200484924e-01,5.28897261958353959e-01,-1.43762421309645561e-05,9.89949646541907669e+01,9.89939205275916834e+01,-1.04412659908348360e-03,1.39467873303951440e-01,1.39466105857965372e-01,-1.76744598606726200e-06,4.76205675477625601e-01,4.76206022017201913e-01,3.46539576312476783e-07,7.68325080463593511e-04,7.66492830010337390e-04,-1.83225045325612155e-06,5.30669068776612463e-03,5.30669068776612463e-03,0.00000000000000000e+00,3.96077057090769946e+00,3.96077057090769946e+00,8.15787444823400709e-01,8.15793513643691903e-01,6.52907177599999500e+00,1,0,0,ok,radius labels permuted; distribution exactly preserved
14,5014,256,8.39999999999999969e-01,shape_descent,shape_channel,voro_radical,voro_radical_rebuilt,1,1,1.19195894196339927e-01,1.19163715543630658e-01,-3.21786527092693397e-05,7.24629493822057935e-02,7.24629493822057935e-02,0.00000000000000000e+00,1.14084951887687705e-01,1.14042453590807238e-01,-4.24982968804665795e-05,5.28911638200484924e-01,5.28911638200484924e-01,0.00000000000000000e+00,9.89949646541907669e+01,9.89949646541907669e+01,0.00000000000000000e+00,1.39467873303951440e-01,1.39467873303951440e-01,0.00000000000000000e+00,4.76205675477625601e-01,4.76205675477625601e-01,0.00000000000000000e+00,7.68325080463593511e-04,7.70458555416144624e-04,2.13347495255111243e-06,5.30669068776612463e-03,5.30669068776612463e-03,0.00000000000000000e+00,3.96077057090769946e+00,3.96077057090769946e+00,8.15787444823400709e-01,8.15787444823400709e-01,4.13165234500000267e+00,0,1,0,ok,stochastic coordinate shape descent
15,5015,256,8.39999999999999969e-01,bounded_ricci_du010,sum_channel,voro_radical,voro_radical_fixed_topology,1,1,1.18975937838729492e-01,1.13027827655140120e-01,-5.94811018358937238e-03,7.69506730584635090e-02,5.68195211888459159e-02,-2.01311518696175931e-02,1.17209342852749698e-01,1.16124727320195062e-01,-1.08461553255463639e-03,5.47413746299208692e-01,4.03134262310510194e-01,-1.44279483988698498e-01,9.29622516112774235e+01,6.09900697931611759e+01,-3.19721818181162476e+01,1.42554486612515297e-01,1.11045321313688675e-01,-3.15091652988266219e-02,4.32528322930654963e-01,3.40750469385554422e-01,-9.17778535451005406e-02,1.52159458067932426e-04,1.33686878202811804e-01,1.33534718744743874e-01,2.22249213233016718e-03,1.17227828167588033e-01,1.15005336035257866e-01,3.96077057090769946e+00,3.75930796316653071e+00,8.21784850705644554e-01,8.79272626101717414e-01,1.18295025999998416e-01,1,1,1,ok,relative_bounded_ricci
15,5015,256,8.39999999999999969e-01,box_shear_aspect,shape_channel,voro_radical,voro_radical_rebuilt,1,1,1.18975937838729492e-01,1.18975937838729492e-01,0.00000000000000000e+00,7.69506730584635090e-02,7.69506730584635090e-02,0.00000000000000000e+00,1.17209342852749698e-01,1.17209342852749698e-01,0.00000000000000000e+00,5.47413746299208692e-01,5.47413746299208692e-01,0.00000000000000000e+00,9.29622516112774235e+01,9.29622516112774235e+01,0.00000000000000000e+00,1.42554486612515297e-01,1.42554486612515297e-01,0.00000000000000000e+00,4.32528322930654963e-01,4.32528322930654963e-01,0.00000000000000000e+00,1.52159458067932426e-04,1.52159458067932426e-04,0.00000000000000000e+00,2.22249213233016718e-03,2.22249213233016718e-03,0.00000000000000000e+00,3.96077057090769946e+00,3.96077057090769946e+00,8.21784850705644554e-01,8.21784850705644554e-01,4.50376698300000200e+00,0,0,0,ok,aspect-only box strain; shear omitted for rectangular voro++ container
15,5015,256,8.39999999999999969e-01,compression_step,coupled,voro_radical,voro_radical_rebuilt,1,1,1.18975937838729492e-01,1.18975937838729395e-01,-9.71445146547011973e-17,7.69506730584635090e-02,7.69506730584635090e-02,0.00000000000000000e+00,1.17209342852749698e-01,1.17209342852749726e-01,2.77555756156289135e-17,5.47413746299208692e-01,5.47413746299208692e-01,0.00000000000000000e+00,9.29622516112774235e+01,9.29622516112774235e+01,0.00000000000000000e+00,1.42554486612515297e-01,1.42554486612515297e-01,0.00000000000000000e+00,4.32528322930654963e-01,4.32528322930654963e-01,0.00000000000000000e+00,1.52159458067932426e-04,0.00000000000000000e+00,-1.52159458067932426e-04,2.22249213233016718e-03,0.00000000000000000e+00,-2.22249213233016718e-03,3.96077057090769946e+00,3.96077057090769946e+00,8.21784850705644554e-01,8.21784850705644554e-01,1.66368166899999892e+00,0,0,0,ok,local phi scan best endpoint
15,5015,256,8.39999999999999969e-01,free_ricci,sum_channel,voro_radical,voro_radical_fixed_topology,1,1,1.18975937838729492e-01,1.11136872555153865e-01,-7.83906528357562749e-03,7.69506730584635090e-02,6.80621285329216345e-12,-7.69506730516573006e-02,1.17209342852749698e-01,1.14722205320015522e-01,-2.48713753273417659e-03,5.47413746299208692e-01,4.80312226518877499e-11,-5.47413746251177447e-01,9.29622516112774235e+01,7.95598106400086731e-09,-9.29622516033214481e+01,1.42554486612515297e-01,2.20264828364344566e-10,-1.42554486392250462e-01,4.32528322930654963e-01,4.65487355967612530e-10,-4.32528322465167592e-01,1.52159458067932426e-04,3.50877841426565018e+00,3.50862625480758217e+00,2.22249213233016718e-03,5.36269987238676471e-01,5.34047495106346304e-01,3.96077057090769946e+00,4.25987191886489569e+00,8.21784850705644554e-01,9.34680143519109663e-01,1.26262753999998978e-01,1,1,1,ok,converged: max_abs_K < tol
15,5015,256,8.39999999999999969e-01,post_voro_surgery,topology,voro_radical,post_surgery_nonradical,1,1,1.18975937838729492e-01,1.51274146626468486e-01,3.22982087877389940e-02,7.69506730584635090e-02,6.81682071657269545e-02,-8.78246589273655454e-03,1.17209342852749698e-01,1.60490893555924247e-01,4.32815507031745483e-02,5.47413746299208692e-01,4.85051173058999363e-01,-6.23625732402093291e-02,9.29622516112774235e+01,7.55070201630989573e+01,-1.74552314481784663e+01,1.42554486612515297e-01,1.35733941490682963e-01,-6.82054512183233319e-03,4.32528322930654963e-01,3.46955589149900656e-01,-8.55727337807543065e-02,1.52159458067932426e-04,1.52159458067932426e-04,0.00000000000000000e+00,2.22249213233016718e-03,2.22249213233016718e-03,0.00000000000000000e+00,3.96077057090769946e+00,3.96077057090769946e+00,8.21784850705644554e-01,8.50490829001257942e-01,6.39895307540000005e+01,1,0,0,ok,light topology surgery; no longer radical
15,5015,256,8.39999999999999969e-01,radius_label_swap,sum_channel,voro_radical,voro_radical_rebuilt,1,1,1.18975937838729492e-01,1.18975937838729492e-01,0.00000000000000000e+00,7.69506730584635090e-02,7.69506730584635090e-02,0.00000000000000000e+00,1.17209342852749698e-01,1.17209342852749698e-01,0.00000000000000000e+00,5.47413746299208692e-01,5.47413746299208692e-01,0.00000000000000000e+00,9.29622516112774235e+01,9.29622516112774235e+01,0.00000000000000000e+00,1.42554486612515297e-01,1.42554486612515297e-01,0.00000000000000000e+00,4.32528322930654963e-01,4.32528322930654963e-01,0.00000000000000000e+00,1.52159458067932426e-04,1.52159458067932426e-04,0.00000000000000000e+00,2.22249213233016718e-03,2.22249213233016718e-03,0.00000000000000000e+00,3.96077057090769946e+00,3.96077057090769946e+00,8.21784850705644554e-01,8.21784850705644554e-01,7.29432197299999530e+00,0,0,0,ok,radius labels permuted; distribution exactly preserved
15,5015,256,8.39999999999999969e-01,shape_descent,shape_channel,voro_radical,voro_radical_rebuilt,1,1,1.18975937838729492e-01,1.18991720593141684e-01,1.57827544121913466e-05,7.69506730584635090e-02,7.69506730584635090e-02,0.00000000000000000e+00,1.17209342852749698e-01,1.17186523820624250e-01,-2.28190321254484463e-05,5.47413746299208692e-01,5.47413746299208692e-01,0.00000000000000000e+00,9.29622516112774235e+01,9.29622516112774235e+01,0.00000000000000000e+00,1.42554486612515297e-01,1.42554486612515297e-01,0.00000000000000000e+00,4.32528322930654963e-01,4.32528322930654963e-01,0.00000000000000000e+00,1.52159458067932426e-04,1.52614525110315527e-04,4.55067042383100907e-07,2.22249213233016718e-03,2.22249213233016718e-03,0.00000000000000000e+00,3.96077057090769946e+00,3.96077057090769946e+00,8.21784850705644554e-01,8.21784850705644554e-01,5.37490937499999788e+00,0,1,0,ok,stochastic coordinate shape descent
16,5016,256,8.39999999999999969e-01,bounded_ricci_du010,sum_channel,voro_radical,voro_radical_fixed_topology,1,1,1.16007450306439067e-01,1.11058732118225478e-01,-4.94871818821358833e-03,6.74786747099703488e-02,5.03173288748534689e-02,-1.71613458351168799e-02,1.15552966309760488e-01,1.13944601267462475e-01,-1.60836504229801280e-03,4.84939673898529433e-01,3.60042327316923705e-01,-1.24897346581605728e-01,8.54787773992609630e+01,5.62681627804477245e+01,-2.92106146188132385e+01,1.34290106784774210e-01,1.06393875051345815e-01,-2.78962317334283949e-02,4.18071690720084765e-01,3.21562655705452449e-01,-9.65090350146323162e-02,4.02984479872622287e-05,1.34967500521949529e-01,1.34927202073962277e-01,1.50632147052442988e-03,1.13965243235069291e-01,1.12458921764544861e-01,3.96077057090769946e+00,3.84693233354992126e+00,8.45350864739998320e-01,8.93467034758872236e-01,1.08223590000001479e-01,1,1,1,ok,relative_bounded_ricci
16,5016,256,8.39999999999999969e-01,box_shear_aspect,shape_channel,voro_radical,voro_radical_rebuilt,1,1,1.16007450306439067e-01,1.16007450306439067e-01,0.00000000000000000e+00,6.74786747099703488e-02,6.74786747099703488e-02,0.00000000000000000e+00,1.15552966309760488e-01,1.15552966309760488e-01,0.00000000000000000e+00,4.84939673898529433e-01,4.84939673898529433e-01,0.00000000000000000e+00,8.54787773992609630e+01,8.54787773992609630e+01,0.00000000000000000e+00,1.34290106784774210e-01,1.34290106784774210e-01,0.00000000000000000e+00,4.18071690720084765e-01,4.18071690720084765e-01,0.00000000000000000e+00,4.02984479872622287e-05,4.02984479872622287e-05,0.00000000000000000e+00,1.50632147052442988e-03,1.50632147052442988e-03,0.00000000000000000e+00,3.96077057090769946e+00,3.96077057090769946e+00,8.45350864739998320e-01,8.45350864739998320e-01,2.84107527899999823e+00,0,0,0,ok,aspect-only box strain; shear omitted for rectangular voro++ container
16,5016,256,8.39999999999999969e-01,compression_step,coupled,voro_radical,voro_radical_rebuilt,1,1,1.16007450306439067e-01,1.16073457026144911e-01,6.60067197058439303e-05,6.74786747099703488e-02,6.81044038255655682e-02,6.25729115595219376e-04,1.15552966309760488e-01,1.15735818729146234e-01,1.82852419385745590e-04,4.84939673898529433e-01,4.89160685131334705e-01,4.22101123280527180e-03,8.54787773992609630e+01,8.61615524915703190e+01,6.82775092309356069e-01,1.34290106784774210e-01,1.36170794630325859e-01,1.88068784555164847e-03,4.18071690720084765e-01,4.15428682542888117e-01,-2.64300817719664849e-03,4.02984479872622287e-05,0.00000000000000000e+00,-4.02984479872622287e-05,1.50632147052442988e-03,0.00000000000000000e+00,-1.50632147052442988e-03,3.96077057090769946e+00,3.96077057090769946e+00,8.45350864739998320e-01,8.41052991925666960e-01,1.83930655300000012e+00,0,0,0,ok,local phi scan best endpoint
16,5016,256,8.39999999999999969e-01,free_ricci,sum_channel,voro_radical,voro_radical_fixed_topology,1,1,1.16007450306439067e-01,1.09371634310656371e-01,-6.63581599578269565e-03,6.74786747099703488e-02,7.46673608772478907e-12,-6.74786747025036132e-02,1.15552966309760488e-01,1.11827611283403544e-01,-3.72535502635694404e-03,4.84939673898529433e-01,4.97755521537371967e-11,-4.84939673848753861e-01,8.54787773992609630e+01,8.74653971414271657e-09,-8.54787773905144235e+01,1.34290106784774210e-01,2.35394637475358683e-10,-1.34290106549379562e-01,4.18071690720084765e-01,4.66740818291556069e-10,-4.18071690253343953e-01,4.02984479872622287e-05,4.31147464415974113e+00,4.31143434571175366e+00,1.50632147052442988e-03,5.36560964914801541e-01,5.35054643444277112e-01,3.96077057090769946e+00,4.59941828609875358e+00,8.45350864739998320e-01,9.31939494137069335e-01,1.26086293000000182e-01,1,1,1,ok,converged: max_abs_K < tol
16,5016,256,8.39999999999999969e-01,post_voro_surgery,topology,voro_radical,post_surgery_nonradical,1,1,1.16007450306439067e-01,1.34716430584349067e-01,1.87089802779100006e-02,6.74786747099703488e-02,6.17576366682411337e-02,-5.72103804172921504e-03,1.15552966309760488e-01,1.40396840671345752e-01,2.48438743615852636e-02,4.84939673898529433e-01,4.57538518181948739e-01,-2.74011557165806940e-02,8.54787773992609630e+01,7.40510136820475111e+01,-1.14277637172134519e+01,1.34290106784774210e-01,1.31709408182305143e-01,-2.58069860246906702e-03,4.18071690720084765e-01,3.52937633124030037e-01,-6.51340575960547286e-02,4.02984479872622287e-05,4.02984479872622287e-05,0.00000000000000000e+00,1.50632147052442988e-03,1.50632147052442988e-03,0.00000000000000000e+00,3.96077057090769946e+00,3.96077057090769946e+00,8.45350864739998320e-01,8.55043307647842088e-01,4.70541527779999953e+01,1,0,0,ok,light topology surgery; no longer radical
16,5016,256,8.39999999999999969e-01,radius_label_swap,sum_channel,voro_radical,voro_radical_rebuilt,1,1,1.16007450306439067e-01,1.15997332612073525e-01,-1.01176943655412188e-05,6.74786747099703488e-02,6.73857374205318049e-02,-9.29372894385438464e-05,1.15552966309760488e-01,1.15594123235552695e-01,4.11569257922073106e-05,4.84939673898529433e-01,4.83893267709299912e-01,-1.04640618922952067e-03,8.54787773992609630e+01,8.53971463316551080e+01,-8.16310676058549234e-02,1.34290106784774210e-01,1.34231830159273841e-01,-5.82766255003697164e-05,4.18071690720084765e-01,4.17778482338262369e-01,-2.93208381822396280e-04,4.02984479872622287e-05,4.02038646366052616e-05,-9.45833506569670850e-08,1.50632147052442988e-03,1.50632147052442988e-03,0.00000000000000000e+00,3.96077057090769946e+00,3.96077057090769946e+00,8.45350864739998320e-01,8.45350864739998431e-01,8.33224221100000761e+00,1,0,0,ok,radius labels permuted; distribution exactly preserved
16,5016,256,8.39999999999999969e-01,shape_descent,shape_channel,voro_radical,voro_radical_rebuilt,1,1,1.16007450306439067e-01,1.15994271051386669e-01,-1.31792550523979202e-05,6.74786747099703488e-02,6.74786747099703488e-02,0.00000000000000000e+00,1.15552966309760488e-01,1.15531595504948223e-01,-2.13708048122651650e-05,4.84939673898529433e-01,4.84939673898529433e-01,0.00000000000000000e+00,8.54787773992609630e+01,8.54787773992609630e+01,0.00000000000000000e+00,1.34290106784774210e-01,1.34290106784774210e-01,0.00000000000000000e+00,4.18071690720084765e-01,4.18071690720084765e-01,0.00000000000000000e+00,4.02984479872622287e-05,4.02972039918001539e-05,-1.24399546207480585e-09,1.50632147052442988e-03,1.50632147052442988e-03,0.00000000000000000e+00,3.96077057090769946e+00,3.96077057090769946e+00,8.45350864739998320e-01,8.45350864739998320e-01,4.01341780100000278e+00,0,1,0,ok,stochastic coordinate shape descent
17,5017,256,8.39999999999999969e-01,bounded_ricci_du010,sum_channel,voro_radical,voro_radical_fixed_topology,1,1,1.18207115433570764e-01,1.12880542392932937e-01,-5.32657304063782755e-03,7.49902505545220754e-02,5.60840204200114267e-02,-1.89062301345106487e-02,1.16832695259188143e-01,1.15365229324832286e-01,-1.46746593435585770e-03,5.36036340063464678e-01,4.00762285821591291e-01,-1.35274054241873387e-01,8.96960003034650981e+01,6.05786797098491263e+01,-2.91173205936159718e+01,1.43852487884662095e-01,1.13853207355646371e-01,-2.99992805290157233e-02,4.07722088492845081e-01,3.26548070950222424e-01,-8.11740175426226562e-02,5.64733663320303634e-05,9.99071404161229193e-02,9.98506670497908838e-02,1.41608140769022839e-03,8.26764397648189764e-02,8.12603583571287480e-02,3.96077057090769946e+00,4.01900247977383174e+00,7.95350181169909187e-01,8.53822552506844357e-01,1.31197100000001399e-01,1,1,1,ok,relative_bounded_ricci
17,5017,256,8.39999999999999969e-01,box_shear_aspect,shape_channel,voro_radical,voro_radical_rebuilt,1,1,1.18207115433570764e-01,1.18207115433570764e-01,0.00000000000000000e+00,7.49902505545220754e-02,7.49902505545220754e-02,0.00000000000000000e+00,1.16832695259188143e-01,1.16832695259188143e-01,0.00000000000000000e+00,5.36036340063464678e-01,5.36036340063464678e-01,0.00000000000000000e+00,8.96960003034650981e+01,8.96960003034650981e+01,0.00000000000000000e+00,1.43852487884662095e-01,1.43852487884662095e-01,0.00000000000000000e+00,4.07722088492845081e-01,4.07722088492845081e-01,0.00000000000000000e+00,5.64733663320303634e-05,5.64733663320303634e-05,0.00000000000000000e+00,1.41608140769022839e-03,1.41608140769022839e-03,0.00000000000000000e+00,3.96077057090769946e+00,3.96077057090769946e+00,7.95350181169909187e-01,7.95350181169909187e-01,3.79975577800000153e+00,0,0,0,ok,aspect-only box strain; shear omitted for rectangular voro++ container
17,5017,256,8.39999999999999969e-01,compression_step,coupled,voro_radical,voro_radical_rebuilt,1,1,1.18207115433570764e-01,1.18207115433570722e-01,-4.16333634234433703e-17,7.49902505545220754e-02,7.49902505545220477e-02,-2.77555756156289135e-17,1.16832695259188143e-01,1.16832695259188213e-01,6.93889390390722838e-17,5.36036340063464678e-01,5.36036340063464678e-01,0.00000000000000000e+00,8.96960003034650981e+01,8.96960003034650981e+01,0.00000000000000000e+00,1.43852487884662095e-01,1.43852487884662095e-01,0.00000000000000000e+00,4.07722088492845081e-01,4.07722088492845081e-01,0.00000000000000000e+00,5.64733663320303634e-05,0.00000000000000000e+00,-5.64733663320303634e-05,1.41608140769022839e-03,0.00000000000000000e+00,-1.41608140769022839e-03,3.96077057090769946e+00,3.96077057090769946e+00,7.95350181169909187e-01,7.95350181169909187e-01,1.64366757799999874e+00,1,0,0,ok,local phi scan best endpoint
17,5017,256,8.39999999999999969e-01,free_ricci,sum_channel,voro_radical,voro_radical_fixed_topology,1,1,1.18207115433570764e-01,1.09937165494078115e-01,-8.26994993949264900e-03,7.49902505545220754e-02,6.55891273419685045e-12,-7.49902505479631692e-02,1.16832695259188143e-01,1.12870110049618763e-01,-3.96258520956938032e-03,5.36036340063464678e-01,4.68899573315583462e-11,-5.36036340016574742e-01,8.96960003034650981e+01,8.69950501947369561e-09,-8.96960002947655965e+01,1.43852487884662095e-01,2.24005591218704853e-10,-1.43852487660656503e-01,4.07722088492845081e-01,4.75316911466940768e-10,-4.07722088017528184e-01,5.64733663320303634e-05,3.38741203240253919e+00,3.38735555903620700e+00,1.41608140769022839e-03,5.09758779403469919e-01,5.08342697995779691e-01,3.96077057090769946e+00,5.38160465149945644e+00,7.95350181169909187e-01,9.09246607494641923e-01,1.55194545000000517e-01,1,1,1,ok,converged: max_abs_K < tol
17,5017,256,8.39999999999999969e-01,post_voro_surgery,topology,voro_radical,post_surgery_nonradical,1,1,1.18207115433570764e-01,1.36843083486760969e-01,1.86359680531902050e-02,7.49902505545220754e-02,6.04773856959475789e-02,-1.45128648585744965e-02,1.16832695259188143e-01,1.44368420842834300e-01,2.75357255836461562e-02,5.36036340063464678e-01,4.30299171096800159e-01,-1.05737168966664519e-01,8.96960003034650981e+01,6.67703903287531091e+01,-2.29256099747119890e+01,1.43852487884662095e-01,1.21874381879148966e-01,-2.19781060055131289e-02,4.07722088492845081e-01,3.41685473359164327e-01,-6.60366151336807539e-02,5.64733663320303634e-05,5.64733663320303634e-05,0.00000000000000000e+00,1.41608140769022839e-03,1.41608140769022839e-03,0.00000000000000000e+00,3.96077057090769946e+00,3.96077057090769946e+00,7.95350181169909187e-01,8.42255196052577593e-01,5.70820352860000071e+01,1,0,0,ok,light topology surgery; no longer radical
17,5017,256,8.39999999999999969e-01,radius_label_swap,sum_channel,voro_radical,voro_radical_rebuilt,1,1,1.18207115433570764e-01,1.18207115433570764e-01,0.00000000000000000e+00,7.49902505545220754e-02,7.49902505545220754e-02,0.00000000000000000e+00,1.16832695259188143e-01,1.16832695259188143e-01,0.00000000000000000e+00,5.36036340063464678e-01,5.36036340063464678e-01,0.00000000000000000e+00,8.96960003034650981e+01,8.96960003034650981e+01,0.00000000000000000e+00,1.43852487884662095e-01,1.43852487884662095e-01,0.00000000000000000e+00,4.07722088492845081e-01,4.07722088492845081e-01,0.00000000000000000e+00,5.64733663320303634e-05,5.64733663320303634e-05,0.00000000000000000e+00,1.41608140769022839e-03,1.41608140769022839e-03,0.00000000000000000e+00,3.96077057090769946e+00,3.96077057090769946e+00,7.95350181169909187e-01,7.95350181169909187e-01,7.83383502800000997e+00,0,0,0,ok,radius labels permuted; distribution exactly preserved
17,5017,256,8.39999999999999969e-01,shape_descent,shape_channel,voro_radical,voro_radical_rebuilt,1,1,1.18207115433570764e-01,1.18153357213573118e-01,-5.37582199976460728e-05,7.49902505545220754e-02,7.49902505545220754e-02,0.00000000000000000e+00,1.16832695259188143e-01,1.16842140150952567e-01,9.44489176442353529e-06,5.36036340063464678e-01,5.36036340063464678e-01,0.00000000000000000e+00,8.96960003034650981e+01,8.96960003034650981e+01,0.00000000000000000e+00,1.43852487884662095e-01,1.43852487884662095e-01,0.00000000000000000e+00,4.07722088492845081e-01,4.07722088492845081e-01,0.00000000000000000e+00,5.64733663320303634e-05,5.70344883060904510e-05,5.61121974060087563e-07,1.41608140769022839e-03,1.41608140769022839e-03,0.00000000000000000e+00,3.96077057090769946e+00,3.96077057090769946e+00,7.95350181169909187e-01,7.95350181169909187e-01,5.06493168700000140e+00,0,0,0,ok,stochastic coordinate shape descent
18,5018,256,8.39999999999999969e-01,bounded_ricci_du010,sum_channel,voro_radical,voro_radical_fixed_topology,1,1,1.24177933474694524e-01,1.18321347766259646e-01,-5.85658570843487769e-03,7.49012496500570529e-02,5.67776632972069456e-02,-1.81235863528501073e-02,1.20147308870729205e-01,1.18731513258221080e-01,-1.41579561250812502e-03,5.38417159955473235e-01,4.06653957452890180e-01,-1.31763202502583054e-01,8.95052441904062732e+01,5.95463984265857533e+01,-2.99588457638205199e+01,1.40302698972440049e-01,1.11013824945546652e-01,-2.92888740268933967e-02,4.20179375838134528e-01,3.29573439652896760e-01,-9.06059361852377676e-02,8.24438756140611099e-04,1.38003480948576146e-01,1.37179042192435541e-01,5.21906226060497858e-03,8.98509211580322820e-02,8.46318588974273034e-02,3.96077057090769946e+00,3.86188995340804775e+00,8.03590733412411717e-01,8.58723626570488952e-01,9.25163419999996961e-02,1,1,1,ok,relative_bounded_ricci
18,5018,256,8.39999999999999969e-01,box_shear_aspect,shape_channel,voro_radical,voro_radical_rebuilt,1,1,1.24177933474694524e-01,1.24175437716977602e-01,-2.49575771692212012e-06,7.49012496500570529e-02,7.49012496500570946e-02,4.16333634234433703e-17,1.20147308870729205e-01,1.20149572490713799e-01,2.26361998459378988e-06,5.38417159955473235e-01,5.38417159955473235e-01,0.00000000000000000e+00,8.95052441904062732e+01,8.95052441904062732e+01,0.00000000000000000e+00,1.40302698972440049e-01,1.40302698972440049e-01,0.00000000000000000e+00,4.20179375838134528e-01,4.20179375838134528e-01,0.00000000000000000e+00,8.24438756140611099e-04,8.20837875887281366e-04,-3.60088025332973294e-06,5.21906226060497858e-03,5.36029898532297544e-03,1.41236724717996864e-04,3.96077057090769946e+00,3.96077057090769946e+00,8.03590733412411717e-01,8.03590733412411717e-01,3.07639874700000249e+00,0,0,0,ok,aspect-only box strain; shear omitted for rectangular voro++ container
18,5018,256,8.39999999999999969e-01,compression_step,coupled,voro_radical,voro_radical_rebuilt,1,1,1.24177933474694524e-01,1.24542663621411573e-01,3.64730146717048842e-04,7.49012496500570529e-02,7.50735240191802849e-02,1.72274369123232018e-04,1.20147308870729205e-01,1.20613324618300044e-01,4.66015747570838745e-04,5.38417159955473235e-01,5.39607749750199983e-01,1.19058979472674853e-03,8.95052441904062732e+01,9.74359934371013594e+01,7.93074924669508619e+00,1.40302698972440049e-01,1.42044818521263300e-01,1.74211954882325104e-03,4.20179375838134528e-01,4.59020094183454685e-01,3.88407183453201577e-02,8.24438756140611099e-04,0.00000000000000000e+00,-8.24438756140611099e-04,5.21906226060497858e-03,0.00000000000000000e+00,-5.21906226060497858e-03,3.96077057090769946e+00,3.96077057090769946e+00,8.03590733412411717e-01,7.98898537498009542e-01,1.16613861900000160e+00,0,0,0,ok,local phi scan best endpoint
18,5018,256,8.39999999999999969e-01,free_ricci,sum_channel,voro_radical,voro_radical_fixed_topology,1,1,1.24177933474694524e-01,1.12473283058754051e-01,-1.17046504159404735e-02,7.49012496500570529e-02,4.60615057174249656e-12,-7.49012496454509041e-02,1.20147308870729205e-01,1.16631119433626265e-01,-3.51618943710294007e-03,5.38417159955473235e-01,3.23172849133694143e-11,-5.38417159923155975e-01,8.95052441904062732e+01,5.77724616589577111e-09,-8.95052441846290208e+01,1.40302698972440049e-01,1.53128252154096708e-10,-1.40302698819311789e-01,4.20179375838134528e-01,3.12754041227032417e-10,-4.20179375525380483e-01,8.24438756140611099e-04,4.26495664675486630e+00,4.26413220799872583e+00,5.21906226060497858e-03,5.21822485228074839e-01,5.16603422967469861e-01,3.96077057090769946e+00,4.74390769693449244e+00,8.03590733412411717e-01,9.19721615736162401e-01,1.20472475999999773e-01,1,1,1,ok,converged: max_abs_K < tol
18,5018,256,8.39999999999999969e-01,post_voro_surgery,topology,voro_radical,post_surgery_nonradical,1,1,1.24177933474694524e-01,1.39840608131053840e-01,1.56626746563593156e-02,7.49012496500570529e-02,6.50403952632448434e-02,-9.86085438681220949e-03,1.20147308870729205e-01,1.44789501056579561e-01,2.46421921858503562e-02,5.38417159955473235e-01,4.67475700905516323e-01,-7.09414590499569120e-02,8.95052441904062732e+01,7.15575483773260999e+01,-1.79476958130801734e+01,1.40302698972440049e-01,1.30534053008546397e-01,-9.76864596389365181e-03,4.20179375838134528e-01,3.40779548681275302e-01,-7.93998271568592262e-02,8.24438756140611099e-04,8.24438756140611099e-04,0.00000000000000000e+00,5.21906226060497858e-03,5.21906226060497858e-03,0.00000000000000000e+00,3.96077057090769946e+00,3.96077057090769946e+00,8.03590733412411717e-01,8.36798760900190564e-01,5.84235295420000043e+01,1,0,0,ok,light topology surgery; no longer radical
18,5018,256,8.39999999999999969e-01,radius_label_swap,sum_channel,voro_radical,voro_radical_rebuilt,1,1,1.24177933474694524e-01,1.24177933474694524e-01,0.00000000000000000e+00,7.49012496500570529e-02,7.49012496500570529e-02,0.00000000000000000e+00,1.20147308870729205e-01,1.20147308870729205e-01,0.00000000000000000e+00,5.38417159955473235e-01,5.38417159955473235e-01,0.00000000000000000e+00,8.95052441904062732e+01,8.95052441904062732e+01,0.00000000000000000e+00,1.40302698972440049e-01,1.40302698972440049e-01,0.00000000000000000e+00,4.20179375838134528e-01,4.20179375838134528e-01,0.00000000000000000e+00,8.24438756140611099e-04,8.24438756140611099e-04,0.00000000000000000e+00,5.21906226060497858e-03,5.21906226060497858e-03,0.00000000000000000e+00,3.96077057090769946e+00,3.96077057090769946e+00,8.03590733412411717e-01,8.03590733412411717e-01,8.40223695900000678e+00,0,0,0,ok,radius labels permuted; distribution exactly preserved
18,5018,256,8.39999999999999969e-01,shape_descent,shape_channel,voro_radical,voro_radical_rebuilt,1,1,1.24177933474694524e-01,1.24181068779944379e-01,3.13530524985450310e-06,7.49012496500570529e-02,7.49012496500570529e-02,0.00000000000000000e+00,1.20147308870729205e-01,1.20098257465582017e-01,-4.90514051471879764e-05,5.38417159955473235e-01,5.38417159955473235e-01,0.00000000000000000e+00,8.95052441904062732e+01,8.95052441904062732e+01,0.00000000000000000e+00,1.40302698972440049e-01,1.40302698972440049e-01,0.00000000000000000e+00,4.20179375838134528e-01,4.20179375838134528e-01,0.00000000000000000e+00,8.24438756140611099e-04,8.29570058727850451e-04,5.13130258723935168e-06,5.21906226060497858e-03,5.21906226060497858e-03,0.00000000000000000e+00,3.96077057090769946e+00,3.96077057090769946e+00,8.03590733412411717e-01,8.03590733412411717e-01,4.18387988899999996e+00,0,1,0,ok,stochastic coordinate shape descent
19,5019,256,8.39999999999999969e-01,bounded_ricci_du010,sum_channel,voro_radical,voro_radical_fixed_topology,1,1,1.17080686565988246e-01,1.11296418560515989e-01,-5.78426800547225672e-03,7.19286053332043596e-02,5.35681563613593370e-02,-1.83604489718450226e-02,1.14829637285994227e-01,1.13438413006186484e-01,-1.39122427980774288e-03,5.03939593531993468e-01,3.74443302058010630e-01,-1.29496291473982839e-01,1.05975218053542179e+02,7.06866887005144520e+01,-3.52885293530277266e+01,1.37363778609788684e-01,1.08759531279678912e-01,-2.86042473301097722e-02,5.17260981375531670e-01,4.11588422334834725e-01,-1.05672559040696945e-01,4.26411986662408887e-05,1.19346888042755381e-01,1.19304246844089135e-01,1.10995785670464642e-03,9.51361799647161277e-02,9.40262221080114813e-02,3.96077057090769946e+00,4.00390154974363455e+00,8.39117555690890859e-01,8.88211369326184497e-01,1.57654397999998253e-01,1,1,1,ok,relative_bounded_ricci
19,5019,256,8.39999999999999969e-01,box_shear_aspect,shape_channel,voro_radical,voro_radical_rebuilt,1,1,1.17080686565988246e-01,1.17080686565988246e-01,0.00000000000000000e+00,7.19286053332043596e-02,7.19286053332043596e-02,0.00000000000000000e+00,1.14829637285994227e-01,1.14829637285994227e-01,0.00000000000000000e+00,5.03939593531993468e-01,5.03939593531993468e-01,0.00000000000000000e+00,1.05975218053542179e+02,1.05975218053542179e+02,0.00000000000000000e+00,1.37363778609788684e-01,1.37363778609788684e-01,0.00000000000000000e+00,5.17260981375531670e-01,5.17260981375531670e-01,0.00000000000000000e+00,4.26411986662408887e-05,4.26411986662408887e-05,0.00000000000000000e+00,1.10995785670464642e-03,1.10995785670464642e-03,0.00000000000000000e+00,3.96077057090769946e+00,3.96077057090769946e+00,8.39117555690890859e-01,8.39117555690890859e-01,4.04748838900000507e+00,0,0,0,ok,aspect-only box strain; shear omitted for rectangular voro++ container
19,5019,256,8.39999999999999969e-01,compression_step,coupled,voro_radical,voro_radical_rebuilt,1,1,1.17080686565988246e-01,1.17080686565988260e-01,1.38777878078144568e-17,7.19286053332043596e-02,7.19286053332044012e-02,4.16333634234433703e-17,1.14829637285994227e-01,1.14829637285994185e-01,-4.16333634234433703e-17,5.03939593531993468e-01,5.03939593531993468e-01,0.00000000000000000e+00,1.05975218053542179e+02,1.05975218053542179e+02,0.00000000000000000e+00,1.37363778609788684e-01,1.37363778609788684e-01,0.00000000000000000e+00,5.17260981375531670e-01,5.17260981375531670e-01,0.00000000000000000e+00,4.26411986662408887e-05,0.00000000000000000e+00,-4.26411986662408887e-05,1.10995785670464642e-03,0.00000000000000000e+00,-1.10995785670464642e-03,3.96077057090769946e+00,3.96077057090769946e+00,8.39117555690890859e-01,8.39117555690890859e-01,1.60683259399999656e+00,0,1,0,ok,local phi scan best endpoint
19,5019,256,8.39999999999999969e-01,free_ricci,sum_channel,voro_radical,voro_radical_fixed_topology,1,1,1.17080686565988246e-01,1.08881177193122791e-01,-8.19950937286545445e-03,7.19286053332043596e-02,6.70314500968051299e-12,-7.19286053265012076e-02,1.14829637285994227e-01,1.11584294702992456e-01,-3.24534258300177014e-03,5.03939593531993468e-01,4.80218338918040245e-11,-5.03939593483971660e-01,1.05975218053542179e+02,8.24922176273424072e-09,-1.05975218045292962e+02,1.37363778609788684e-01,2.25565929882131408e-10,-1.37363778384222757e-01,5.17260981375531670e-01,4.55038581389430675e-10,-5.17260980920493108e-01,4.26411986662408887e-05,3.86729587192761537e+00,3.86725323072894911e+00,1.10995785670464642e-03,5.41075054025062396e-01,5.39965096168357750e-01,3.96077057090769946e+00,5.22383615442995097e+00,8.39117555690890859e-01,9.18170475403042974e-01,2.05612884000000662e-01,1,1,1,ok,converged: max_abs_K < tol
19,5019,256,8.39999999999999969e-01,post_voro_surgery,topology,voro_radical,post_surgery_nonradical,1,1,1.17080686565988246e-01,1.43423232841534798e-01,2.63425462755465523e-02,7.19286053332043596e-02,6.54881552246325827e-02,-6.44045010857177691e-03,1.14829637285994227e-01,1.50901190874235480e-01,3.60715535882412536e-02,5.03939593531993468e-01,4.66581282418721988e-01,-3.73583111132714807e-02,1.05975218053542179e+02,6.72455830519024573e+01,-3.87296350016397213e+01,1.37363778609788684e-01,1.25638563414884635e-01,-1.17252151949040484e-02,5.17260981375531670e-01,3.29335614723308523e-01,-1.87925366652223147e-01,4.26411986662408887e-05,4.26411986662408887e-05,0.00000000000000000e+00,1.10995785670464642e-03,1.10995785670464642e-03,0.00000000000000000e+00,3.96077057090769946e+00,3.96077057090769946e+00,8.39117555690890859e-01,8.51526768481503216e-01,6.78303965469999923e+01,1,0,0,ok,light topology surgery; no longer radical
19,5019,256,8.39999999999999969e-01,radius_label_swap,sum_channel,voro_radical,voro_radical_rebuilt,1,1,1.17080686565988246e-01,1.17067500408809685e-01,-1.31861571785601983e-05,7.19286053332043596e-02,7.18635698493343134e-02,-6.50354838700462068e-05,1.14829637285994227e-01,1.14813331646303474e-01,-1.63056396907529377e-05,5.03939593531993468e-01,5.03337097720899296e-01,-6.02495811094172495e-04,1.05975218053542179e+02,1.05899481126705439e+02,-7.57369268367398263e-02,1.37363778609788684e-01,1.37189413852206538e-01,-1.74364757582146090e-04,5.17260981375531670e-01,5.17409564095706598e-01,1.48582720174927907e-04,4.26411986662408887e-05,4.22444896387347673e-05,-3.96709027506121430e-07,1.10995785670464642e-03,1.10995785670464642e-03,0.00000000000000000e+00,3.96077057090769946e+00,3.96077057090769946e+00,8.39117555690890859e-01,8.39117555690890859e-01,5.91509149700000592e+00,1,1,1,ok,radius labels permuted; distribution exactly preserved
19,5019,256,8.39999999999999969e-01,shape_descent,shape_channel,voro_radical,voro_radical_rebuilt,1,1,1.17080686565988246e-01,1.17094057809278937e-01,1.33712432906912815e-05,7.19286053332043596e-02,7.19286053332043596e-02,0.00000000000000000e+00,1.14829637285994227e-01,1.14860955903194659e-01,3.13186172004320529e-05,5.03939593531993468e-01,5.03939593531993468e-01,0.00000000000000000e+00,1.05975218053542179e+02,1.05975218053542179e+02,0.00000000000000000e+00,1.37363778609788684e-01,1.37363778609788684e-01,0.00000000000000000e+00,5.17260981375531670e-01,5.17260981375531670e-01,0.00000000000000000e+00,4.26411986662408887e-05,4.26411835638367321e-05,-1.51024041566256116e-11,1.10995785670464642e-03,1.10995785670464642e-03,0.00000000000000000e+00,3.96077057090769946e+00,3.96077057090769946e+00,8.39117555690890859e-01,8.39117555690890859e-01,4.90908205199999870e+00,0,0,0,ok,stochastic coordinate shape descent
20,5020,256,8.39999999999999969e-01,bounded_ricci_du010,sum_channel,voro_radical,voro_radical_fixed_topology,1,1,1.17212675176123049e-01,1.11492645005457539e-01,-5.72003017066551045e-03,7.45288985205258409e-02,5.56035481608309068e-02,-1.89253503596949341e-02,1.14386217778165031e-01,1.13032428823650971e-01,-1.35378895451405967e-03,5.34600256264846196e-01,3.97198938467428653e-01,-1.37401317797417544e-01,9.67752025798288855e+01,6.54122195792604231e+01,-3.13629830005684624e+01,1.42873023479207883e-01,1.12720702370089854e-01,-3.01523211091180299e-02,4.52811669121797100e-01,3.65980848183974417e-01,-8.68308209378226836e-02,1.41235730789278645e-04,1.27111700537280742e-01,1.26970464806491462e-01,2.35361235030318028e-03,9.33401202645787187e-02,9.09865079142755384e-02,3.96077057090769946e+00,4.05115712032736042e+00,7.88957341682120505e-01,8.49410366662264771e-01,1.34407781000007276e-01,1,1,1,ok,relative_bounded_ricci
20,5020,256,8.39999999999999969e-01,box_shear_aspect,shape_channel,voro_radical,voro_radical_rebuilt,1,1,1.17212675176123049e-01,1.17212675176123049e-01,0.00000000000000000e+00,7.45288985205258409e-02,7.45288985205258409e-02,0.00000000000000000e+00,1.14386217778165031e-01,1.14386217778165031e-01,0.00000000000000000e+00,5.34600256264846196e-01,5.34600256264846196e-01,0.00000000000000000e+00,9.67752025798288855e+01,9.67752025798288855e+01,0.00000000000000000e+00,1.42873023479207883e-01,1.42873023479207883e-01,0.00000000000000000e+00,4.52811669121797100e-01,4.52811669121797100e-01,0.00000000000000000e+00,1.41235730789278645e-04,1.41235730789278645e-04,0.00000000000000000e+00,2.35361235030318028e-03,2.35361235030318028e-03,0.00000000000000000e+00,3.96077057090769946e+00,3.96077057090769946e+00,7.88957341682120505e-01,7.88957341682120505e-01,4.03148797700001182e+00,0,0,0,ok,aspect-only box strain; shear omitted for rectangular voro++ container
20,5020,256,8.39999999999999969e-01,compression_step,coupled,voro_radical,voro_radical_rebuilt,1,1,1.17212675176123049e-01,1.17363174062763934e-01,1.50498886640884622e-04,7.45288985205258409e-02,7.47564127529601608e-02,2.27514232434319896e-04,1.14386217778165031e-01,1.14402011976049378e-01,1.57941978843473274e-05,5.34600256264846196e-01,5.36900766146600761e-01,2.30050988175456439e-03,9.67752025798288855e+01,9.58126768698030844e+01,-9.62525710025801118e-01,1.42873023479207883e-01,1.43026447689171915e-01,1.53424209964031499e-04,4.52811669121797100e-01,4.46871704411965665e-01,-5.93996470983143565e-03,1.41235730789278645e-04,0.00000000000000000e+00,-1.41235730789278645e-04,2.35361235030318028e-03,0.00000000000000000e+00,-2.35361235030318028e-03,3.96077057090769946e+00,3.96077057090769946e+00,7.88957341682120505e-01,7.88163417231886876e-01,1.46437867699999913e+00,0,0,0,ok,local phi scan best endpoint
20,5020,256,8.39999999999999969e-01,free_ricci,sum_channel,voro_radical,voro_radical_fixed_topology,1,1,1.17212675176123049e-01,1.08719273744544806e-01,-8.49340143157824301e-03,7.45288985205258409e-02,6.51657493398892970e-12,-7.45288985140092619e-02,1.14386217778165031e-01,1.11138093440102281e-01,-3.24812433806274947e-03,5.34600256264846196e-01,4.64735144827455085e-11,-5.34600256218372705e-01,9.67752025798288855e+01,8.32007060753767380e-09,-9.67752025715088138e+01,1.42873023479207883e-01,2.20173471835457040e-10,-1.42873023259034421e-01,4.52811669121797100e-01,4.60618362481864947e-10,-4.52811668661178723e-01,1.41235730789278645e-04,3.84418324302309244e+00,3.84404200729230316e+00,2.35361235030318028e-03,6.28384209580814090e-01,6.26030597230510910e-01,3.96077057090769946e+00,4.46410041244036560e+00,7.88957341682120505e-01,9.14357653359253342e-01,1.58713243000008219e-01,1,1,1,ok,converged: max_abs_K < tol
20,5020,256,8.39999999999999969e-01,post_voro_surgery,topology,voro_radical,post_surgery_nonradical,1,1,1.17212675176123049e-01,1.31982299034066414e-01,1.47696238579433647e-02,7.45288985205258409e-02,6.68994408122799422e-02,-7.62945770824589864e-03,1.14386217778165031e-01,1.36315850391215854e-01,2.19296326130508229e-02,5.34600256264846196e-01,4.85587765772301672e-01,-4.90124904925445248e-02,9.67752025798288855e+01,7.65276209765968076e+01,-2.02475816032320779e+01,1.42873023479207883e-01,1.34129520136883673e-01,-8.74350334232421034e-03,4.52811669121797100e-01,3.61119569010896480e-01,-9.16921001109006206e-02,1.41235730789278645e-04,1.41235730789278645e-04,0.00000000000000000e+00,2.35361235030318028e-03,2.35361235030318028e-03,0.00000000000000000e+00,3.96077057090769946e+00,3.96077057090769946e+00,7.88957341682120505e-01,8.15432130751691298e-01,5.73014783580000113e+01,1,0,0,ok,light topology surgery; no longer radical
20,5020,256,8.39999999999999969e-01,radius_label_swap,sum_channel,voro_radical,voro_radical_rebuilt,1,1,1.17212675176123049e-01,1.17211570682916599e-01,-1.10449320644967486e-06,7.45288985205258409e-02,7.45292072179033621e-02,3.08697377521260918e-07,1.14386217778165031e-01,1.14386049813784141e-01,-1.67964380889951137e-07,5.34600256264846196e-01,5.34589690570392739e-01,-1.05656944534571196e-05,9.67752025798288855e+01,9.67712341756127046e+01,-3.96840421618094297e-03,1.42873023479207883e-01,1.42867649097929539e-01,-5.37438127834466428e-06,4.52811669121797100e-01,4.52808788288327380e-01,-2.88083346972056731e-06,1.41235730789278645e-04,1.41408507002355747e-04,1.72776213077101455e-07,2.35361235030318028e-03,2.35361235030318028e-03,0.00000000000000000e+00,3.96077057090769946e+00,3.96077057090769946e+00,7.88957341682120505e-01,7.88969492086138202e-01,5.61937020700000289e+00,0,1,0,ok,radius labels permuted; distribution exactly preserved
20,5020,256,8.39999999999999969e-01,shape_descent,shape_channel,voro_radical,voro_radical_rebuilt,1,1,1.17212675176123049e-01,1.17212063718896753e-01,-6.11457226296074907e-07,7.45288985205258409e-02,7.45288985205258409e-02,0.00000000000000000e+00,1.14386217778165031e-01,1.14377547491529383e-01,-8.67028663564806124e-06,5.34600256264846196e-01,5.34600256264846196e-01,0.00000000000000000e+00,9.67752025798288855e+01,9.67752025798288855e+01,0.00000000000000000e+00,1.42873023479207883e-01,1.42873023479207883e-01,0.00000000000000000e+00,4.52811669121797100e-01,4.52811669121797100e-01,0.00000000000000000e+00,1.41235730789278645e-04,1.44420300395966460e-04,3.18456960668781451e-06,2.35361235030318028e-03,2.49135253981025429e-03,1.37740189507074007e-04,3.96077057090769946e+00,3.96077057090769946e+00,7.88957341682120505e-01,7.88957341682120505e-01,5.90885294000000272e+00,0,1,0,ok,stochastic coordinate shape descent
21,5021,256,8.39999999999999969e-01,bounded_ricci_du010,sum_channel,voro_radical,voro_radical_fixed_topology,1,1,1.28612195871005475e-01,1.24159011402890915e-01,-4.45318446811455992e-03,7.52554218347639692e-02,5.80491537299318017e-02,-1.72062681048321675e-02,1.27143712850078944e-01,1.25928076759048685e-01,-1.21563609103025883e-03,5.51461728005376628e-01,4.24028100092754767e-01,-1.27433627912621861e-01,1.06217005666534561e+02,7.27347249631193762e+01,-3.34822807034151850e+01,1.50391618633905044e-01,1.22261684363362017e-01,-2.81299342705430278e-02,4.76742451597307992e-01,3.81042723517469761e-01,-9.56997280798382310e-02,8.55722559636456917e-04,9.50093563748734271e-02,9.41536338152369756e-02,5.07026736582805171e-03,1.09045663888132083e-01,1.03975396522304031e-01,3.96077057090769946e+00,3.75595992001447332e+00,7.86509076539367968e-01,8.44925866885599119e-01,1.36650907000003485e-01,1,1,1,ok,relative_bounded_ricci
21,5021,256,8.39999999999999969e-01,box_shear_aspect,shape_channel,voro_radical,voro_radical_rebuilt,1,1,1.28612195871005475e-01,1.28612195871005475e-01,0.00000000000000000e+00,7.52554218347639692e-02,7.52554218347639692e-02,0.00000000000000000e+00,1.27143712850078944e-01,1.27143712850078944e-01,0.00000000000000000e+00,5.51461728005376628e-01,5.51461728005376628e-01,0.00000000000000000e+00,1.06217005666534561e+02,1.06217005666534561e+02,0.00000000000000000e+00,1.50391618633905044e-01,1.50391618633905044e-01,0.00000000000000000e+00,4.76742451597307992e-01,4.76742451597307992e-01,0.00000000000000000e+00,8.55722559636456917e-04,8.55722559636456917e-04,0.00000000000000000e+00,5.07026736582805171e-03,5.07026736582805171e-03,0.00000000000000000e+00,3.96077057090769946e+00,3.96077057090769946e+00,7.86509076539367968e-01,7.86509076539367968e-01,3.17828807700000482e+00,0,0,0,ok,aspect-only box strain; shear omitted for rectangular voro++ container
21,5021,256,8.39999999999999969e-01,compression_step,coupled,voro_radical,voro_radical_rebuilt,1,1,1.28612195871005475e-01,1.28707138415202954e-01,9.49425441974793838e-05,7.52554218347639692e-02,7.42976219381428493e-02,-9.57799896621119862e-04,1.27143712850078944e-01,1.27680348350566686e-01,5.36635500487742112e-04,5.51461728005376628e-01,5.39977231555480497e-01,-1.14844964498961311e-02,1.06217005666534561e+02,1.08010962576468700e+02,1.79395690993413837e+00,1.50391618633905044e-01,1.48851489564252204e-01,-1.54012906965284024e-03,4.76742451597307992e-01,4.91271878136603501e-01,1.45294265392955091e-02,8.55722559636456917e-04,0.00000000000000000e+00,-8.55722559636456917e-04,5.07026736582805171e-03,0.00000000000000000e+00,-5.07026736582805171e-03,3.96077057090769946e+00,3.96077057090769946e+00,7.86509076539367968e-01,7.88624401655496521e-01,1.24495163100000639e+00,1,0,0,ok,local phi scan best endpoint
21,5021,256,8.39999999999999969e-01,free_ricci,sum_channel,voro_radical,voro_radical_fixed_topology,1,1,1.28612195871005475e-01,1.20927240040712369e-01,-7.68495583029310536e-03,7.52554218347639692e-02,7.22005136591286693e-12,-7.52554218275439113e-02,1.27143712850078944e-01,1.23929184806866766e-01,-3.21452804321217811e-03,5.51461728005376628e-01,4.91701091575110551e-11,-5.51461727956206516e-01,1.06217005666534561e+02,8.09916913057534125e-09,-1.06217005658435397e+02,1.50391618633905044e-01,2.28210800655541077e-10,-1.50391618405694233e-01,4.76742451597307992e-01,4.35677274804527863e-10,-4.76742451161630720e-01,8.55722559636456917e-04,4.38980642472494598e+00,4.38895070216530936e+00,5.07026736582805171e-03,6.32128861734391423e-01,6.27058594368563371e-01,3.96077057090769946e+00,3.88580195914468929e+00,7.86509076539367968e-01,9.39038984072176119e-01,1.36937329000005548e-01,1,1,1,ok,converged: max_abs_K < tol
21,5021,256,8.39999999999999969e-01,post_voro_surgery,topology,voro_radical,post_surgery_nonradical,1,1,1.28612195871005475e-01,1.62217594801505161e-01,3.36053989304996859e-02,7.52554218347639692e-02,6.83179644140618492e-02,-6.93745742070212001e-03,1.27143712850078944e-01,1.72299221937259966e-01,4.51555090871810227e-02,5.51461728005376628e-01,4.92798889698084219e-01,-5.86628383072924087e-02,1.06217005666534561e+02,7.70780617760068907e+01,-2.91389438905276705e+01,1.50391618633905044e-01,1.39041653207862159e-01,-1.13499654260428851e-02,4.76742451597307992e-01,3.44076485162589263e-01,-1.32665966434718730e-01,8.55722559636456917e-04,8.55722559636456917e-04,0.00000000000000000e+00,5.07026736582805171e-03,5.07026736582805171e-03,0.00000000000000000e+00,3.96077057090769946e+00,3.96077057090769946e+00,7.86509076539367968e-01,8.40598418924104251e-01,4.98353113400000041e+01,1,0,0,ok,light topology surgery; no longer radical
21,5021,256,8.39999999999999969e-01,radius_label_swap,sum_channel,voro_radical,voro_radical_rebuilt,1,1,1.28612195871005475e-01,1.28612195871005475e-01,0.00000000000000000e+00,7.52554218347639692e-02,7.52554218347639692e-02,0.00000000000000000e+00,1.27143712850078944e-01,1.27143712850078944e-01,0.00000000000000000e+00,5.51461728005376628e-01,5.51461728005376628e-01,0.00000000000000000e+00,1.06217005666534561e+02,1.06217005666534561e+02,0.00000000000000000e+00,1.50391618633905044e-01,1.50391618633905044e-01,0.00000000000000000e+00,4.76742451597307992e-01,4.76742451597307992e-01,0.00000000000000000e+00,8.55722559636456917e-04,8.55722559636456917e-04,0.00000000000000000e+00,5.07026736582805171e-03,5.07026736582805171e-03,0.00000000000000000e+00,3.96077057090769946e+00,3.96077057090769946e+00,7.86509076539367968e-01,7.86509076539367968e-01,6.30830152999999427e+00,0,0,0,ok,radius labels permuted; distribution exactly preserved
21,5021,256,8.39999999999999969e-01,shape_descent,shape_channel,voro_radical,voro_radical_rebuilt,1,1,1.28612195871005475e-01,1.28505072933619596e-01,-1.07122937385878414e-04,7.52554218347639692e-02,7.52554218347639692e-02,0.00000000000000000e+00,1.27143712850078944e-01,1.27006531504293557e-01,-1.37181345785386544e-04,5.51461728005376628e-01,5.51461728005376628e-01,0.00000000000000000e+00,1.06217005666534561e+02,1.06217005666534561e+02,0.00000000000000000e+00,1.50391618633905044e-01,1.50391618633905044e-01,0.00000000000000000e+00,4.76742451597307992e-01,4.76742451597307992e-01,0.00000000000000000e+00,8.55722559636456917e-04,8.74283399396227142e-04,1.85608397597702241e-05,5.07026736582805171e-03,5.07026736582805171e-03,0.00000000000000000e+00,3.96077057090769946e+00,3.96077057090769946e+00,7.86509076539367968e-01,7.86509076539367968e-01,5.46226731600000903e+00,0,1,0,ok,stochastic coordinate shape descent
22,5022,256,8.39999999999999969e-01,bounded_ricci_du010,sum_channel,voro_radical,voro_radical_fixed_topology,1,1,1.20218143548209741e-01,1.14884934676693265e-01,-5.33320887151647605e-03,6.87294507830929630e-02,4.99570379046043456e-02,-1.87724128784886174e-02,1.17780463942848454e-01,1.16357288316276522e-01,-1.42317562657193197e-03,5.17701261220138376e-01,3.77239888291877878e-01,-1.40461372928260497e-01,1.20556999301675546e+02,8.19815753683548394e+01,-3.85754239333207067e+01,1.40547061864479184e-01,1.09295014512481151e-01,-3.12520473519980330e-02,5.75374739714288208e-01,4.74355659807251029e-01,-1.01019079907037179e-01,4.16611167534279038e-04,1.29066783340534758e-01,1.28650172173000482e-01,4.05143216044967502e-03,1.06816034731194609e-01,1.02764602570744934e-01,3.96077057090769946e+00,4.25984898804566381e+00,8.19121772436039897e-01,8.76977020418043041e-01,8.13611300000047777e-02,1,1,1,ok,relative_bounded_ricci
22,5022,256,8.39999999999999969e-01,box_shear_aspect,shape_channel,voro_radical,voro_radical_rebuilt,1,1,1.20218143548209741e-01,1.20218143548209741e-01,0.00000000000000000e+00,6.87294507830929630e-02,6.87294507830929630e-02,0.00000000000000000e+00,1.17780463942848454e-01,1.17780463942848454e-01,0.00000000000000000e+00,5.17701261220138376e-01,5.17701261220138376e-01,0.00000000000000000e+00,1.20556999301675546e+02,1.20556999301675546e+02,0.00000000000000000e+00,1.40547061864479184e-01,1.40547061864479184e-01,0.00000000000000000e+00,5.75374739714288208e-01,5.75374739714288208e-01,0.00000000000000000e+00,4.16611167534279038e-04,4.16611167534279038e-04,0.00000000000000000e+00,4.05143216044967502e-03,4.05143216044967502e-03,0.00000000000000000e+00,3.96077057090769946e+00,3.96077057090769946e+00,8.19121772436039897e-01,8.19121772436039897e-01,3.23008580000001189e+00,0,0,0,ok,aspect-only box strain; shear omitted for rectangular voro++ container
22,5022,256,8.39999999999999969e-01,compression_step,coupled,voro_radical,voro_radical_rebuilt,1,1,1.20218143548209741e-01,1.20218143548209658e-01,-8.32667268468867405e-17,6.87294507830929630e-02,6.87294507830929768e-02,1.38777878078144568e-17,1.17780463942848454e-01,1.17780463942848537e-01,8.32667268468867405e-17,5.17701261220138376e-01,5.17701261220138376e-01,0.00000000000000000e+00,1.20556999301675546e+02,1.20556999301675546e+02,0.00000000000000000e+00,1.40547061864479184e-01,1.40547061864479184e-01,0.00000000000000000e+00,5.75374739714288208e-01,5.75374739714288208e-01,0.00000000000000000e+00,4.16611167534279038e-04,0.00000000000000000e+00,-4.16611167534279038e-04,4.05143216044967502e-03,0.00000000000000000e+00,-4.05143216044967502e-03,3.96077057090769946e+00,3.96077057090769946e+00,8.19121772436039897e-01,8.19121772436039897e-01,1.21237434799999733e+00,0,0,0,ok,local phi scan best endpoint
22,5022,256,8.39999999999999969e-01,free_ricci,sum_channel,voro_radical,voro_radical_fixed_topology,1,1,1.20218143548209741e-01,1.12555678953925861e-01,-7.66246459428387983e-03,6.87294507830929630e-02,7.34047970115123313e-12,-6.87294507757524875e-02,1.17780463942848454e-01,1.14897047669426530e-01,-2.88341627342192375e-03,5.17701261220138376e-01,4.85649160337909992e-11,-5.17701261171573446e-01,1.20556999301675546e+02,8.18271961078162878e-09,-1.20556999293492822e+02,1.40547061864479184e-01,2.27183952198211285e-10,-1.40547061637295245e-01,5.75374739714288208e-01,4.02345362644586706e-10,-5.75374739311942829e-01,4.16611167534279038e-04,3.83290286306653760e+00,3.83248625189900327e+00,4.05143216044967502e-03,5.09886431331747048e-01,5.05834999171297373e-01,3.96077057090769946e+00,5.84085925351214641e+00,8.19121772436039897e-01,9.36311968279203155e-01,9.11683350000060955e-02,1,1,1,ok,converged: max_abs_K < tol
22,5022,256,8.39999999999999969e-01,post_voro_surgery,topology,voro_radical,post_surgery_nonradical,1,1,1.20218143548209741e-01,1.31316054727389053e-01,1.10979111791793122e-02,6.87294507830929630e-02,6.19362143673500287e-02,-6.79323641574293424e-03,1.17780463942848454e-01,1.36130883470648667e-01,1.83504195278002130e-02,5.17701261220138376e-01,4.53068224060674485e-01,-6.46330371594638908e-02,1.20556999301675546e+02,6.71209908302093510e+01,-5.34360084714661951e+01,1.40547061864479184e-01,1.24619597179866870e-01,-1.59274646846123136e-02,5.75374739714288208e-01,3.33815054150564727e-01,-2.41559685563723481e-01,4.16611167534279038e-04,4.16611167534279038e-04,0.00000000000000000e+00,4.05143216044967502e-03,4.05143216044967502e-03,0.00000000000000000e+00,3.96077057090769946e+00,3.96077057090769946e+00,8.19121772436039897e-01,8.54843830937576543e-01,5.99822144350000030e+01,1,0,0,ok,light topology surgery; no longer radical
22,5022,256,8.39999999999999969e-01,radius_label_swap,sum_channel,voro_radical,voro_radical_rebuilt,1,1,1.20218143548209741e-01,1.20218143548209741e-01,0.00000000000000000e+00,6.87294507830929630e-02,6.87294507830929630e-02,0.00000000000000000e+00,1.17780463942848454e-01,1.17780463942848454e-01,0.00000000000000000e+00,5.17701261220138376e-01,5.17701261220138376e-01,0.00000000000000000e+00,1.20556999301675546e+02,1.20556999301675546e+02,0.00000000000000000e+00,1.40547061864479184e-01,1.40547061864479184e-01,0.00000000000000000e+00,5.75374739714288208e-01,5.75374739714288208e-01,0.00000000000000000e+00,4.16611167534279038e-04,4.16611167534279038e-04,0.00000000000000000e+00,4.05143216044967502e-03,4.05143216044967502e-03,0.00000000000000000e+00,3.96077057090769946e+00,3.96077057090769946e+00,8.19121772436039897e-01,8.19121772436039897e-01,6.45144774799999254e+00,0,0,0,ok,radius labels permuted; distribution exactly preserved
22,5022,256,8.39999999999999969e-01,shape_descent,shape_channel,voro_radical,voro_radical_rebuilt,1,1,1.20218143548209741e-01,1.20156351034845066e-01,-6.17925133646751723e-05,6.87294507830929630e-02,6.87294507830929907e-02,2.77555756156289135e-17,1.17780463942848454e-01,1.17654888734161994e-01,-1.25575208686459772e-04,5.17701261220138376e-01,5.17701261220138376e-01,0.00000000000000000e+00,1.20556999301675546e+02,1.20556999301675546e+02,0.00000000000000000e+00,1.40547061864479184e-01,1.40547061864479184e-01,0.00000000000000000e+00,5.75374739714288208e-01,5.75374739714288208e-01,0.00000000000000000e+00,4.16611167534279038e-04,4.21905665951928944e-04,5.29449841764990589e-06,4.05143216044967502e-03,4.05143216044967502e-03,0.00000000000000000e+00,3.96077057090769946e+00,3.96077057090769946e+00,8.19121772436039897e-01,8.19121772436039897e-01,4.67901542100000256e+00,0,1,0,ok,stochastic coordinate shape descent
23,5023,256,8.39999999999999969e-01,bounded_ricci_du010,sum_channel,voro_radical,voro_radical_fixed_topology,1,1,1.14739987138904473e-01,1.08526855756899576e-01,-6.21313138200489667e-03,7.11577962632706784e-02,5.03000145907995522e-02,-2.08577816724711262e-02,1.10721625926268843e-01,1.08838271817846485e-01,-1.88335410842235818e-03,5.21116779219195969e-01,3.65111253948213976e-01,-1.56005525270981993e-01,9.28890305857892713e+01,5.94496262529053183e+01,-3.34394043328839530e+01,1.39033640926670754e-01,1.04598218254166445e-01,-3.44354226725043094e-02,4.44345946908555112e-01,3.51532526390645417e-01,-9.28134205179096949e-02,6.17423299508991583e-04,1.37807046765239805e-01,1.37189623465730826e-01,4.18117586071131697e-03,9.52814560955297374e-02,9.11002802348184204e-02,3.96077057090769946e+00,4.10148200167411137e+00,8.20902118482004672e-01,8.81082512661823247e-01,1.01113674000004039e-01,1,1,1,ok,relative_bounded_ricci
23,5023,256,8.39999999999999969e-01,box_shear_aspect,shape_channel,voro_radical,voro_radical_rebuilt,1,1,1.14739987138904473e-01,1.14735375215874347e-01,-4.61192303012614158e-06,7.11577962632706784e-02,7.11577962632707062e-02,2.77555756156289135e-17,1.10721625926268843e-01,1.10719081438533443e-01,-2.54448773540083550e-06,5.21116779219195969e-01,5.21116779219195969e-01,0.00000000000000000e+00,9.28890305857892713e+01,9.28890305857892713e+01,0.00000000000000000e+00,1.39033640926670754e-01,1.39033640926670754e-01,0.00000000000000000e+00,4.44345946908555112e-01,4.44345946908555112e-01,0.00000000000000000e+00,6.17423299508991583e-04,6.12227875968802938e-04,-5.19542354018864578e-06,4.18117586071131697e-03,3.99248866894996723e-03,-1.88687191761349737e-04,3.96077057090769946e+00,3.96077057090769946e+00,8.20902118482004672e-01,8.20902118482004672e-01,2.89122109699999896e+00,0,1,0,ok,aspect-only box strain; shear omitted for rectangular voro++ container
23,5023,256,8.39999999999999969e-01,compression_step,coupled,voro_radical,voro_radical_rebuilt,1,1,1.14739987138904473e-01,1.14739987138904362e-01,-1.11022302462515654e-16,7.11577962632706784e-02,7.11577962632707062e-02,2.77555756156289135e-17,1.10721625926268843e-01,1.10721625926268732e-01,-1.11022302462515654e-16,5.21116779219195969e-01,5.21116779219195969e-01,0.00000000000000000e+00,9.28890305857892713e+01,9.28890305857892713e+01,0.00000000000000000e+00,1.39033640926670754e-01,1.39033640926670754e-01,0.00000000000000000e+00,4.44345946908555112e-01,4.44345946908555112e-01,0.00000000000000000e+00,6.17423299508991583e-04,0.00000000000000000e+00,-6.17423299508991583e-04,4.18117586071131697e-03,0.00000000000000000e+00,-4.18117586071131697e-03,3.96077057090769946e+00,3.96077057090769946e+00,8.20902118482004672e-01,8.20902118482004672e-01,1.61030888899998104e+00,0,1,0,ok,local phi scan best endpoint
23,5023,256,8.39999999999999969e-01,free_ricci,sum_channel,voro_radical,voro_radical_fixed_topology,1,1,1.14739987138904473e-01,1.05121834459482463e-01,-9.61815267942200958e-03,7.11577962632706784e-02,6.98198720647775863e-12,-7.11577962562886940e-02,1.10721625926268843e-01,1.07006207269824238e-01,-3.71541865644460512e-03,5.21116779219195969e-01,4.75881786011859275e-11,-5.21116779171607813e-01,9.28890305857892713e+01,8.23429435652918292e-09,-9.28890305775549763e+01,1.39033640926670754e-01,2.24062538053956608e-10,-1.39033640702608208e-01,4.44345946908555112e-01,4.47702757396913645e-10,-4.44345946460852348e-01,6.17423299508991583e-04,3.14228760439138988e+00,3.14167018109188101e+00,4.18117586071131697e-03,4.46156792595382878e-01,4.41975616734671561e-01,3.96077057090769946e+00,5.06818574933210275e+00,8.20902118482004672e-01,9.23763687020589863e-01,1.49792453000003434e-01,1,1,1,ok,converged: max_abs_K < tol
23,5023,256,8.39999999999999969e-01,post_voro_surgery,topology,voro_radical,post_surgery_nonradical,1,1,1.14739987138904473e-01,1.28589084445472540e-01,1.38490973065680673e-02,7.11577962632706784e-02,6.44193969589488269e-02,-6.73839930432185152e-03,1.10721625926268843e-01,1.33231768318500865e-01,2.25101423922320215e-02,5.21116779219195969e-01,4.79971545694903523e-01,-4.11452335242924461e-02,9.28890305857892713e+01,7.63992926203623597e+01,-1.64897379654269116e+01,1.39033640926670754e-01,1.32782250137123997e-01,-6.25139078954675687e-03,4.44345946908555112e-01,3.66247651335098789e-01,-7.80982955734563222e-02,6.17423299508991583e-04,6.17423299508991583e-04,0.00000000000000000e+00,4.18117586071131697e-03,4.18117586071131697e-03,0.00000000000000000e+00,3.96077057090769946e+00,3.96077057090769946e+00,8.20902118482004672e-01,8.36617886142503209e-01,5.21300382670000033e+01,1,0,0,ok,light topology surgery; no longer radical
23,5023,256,8.39999999999999969e-01,radius_label_swap,sum_channel,voro_radical,voro_radical_rebuilt,1,1,1.14739987138904473e-01,1.14739987138904473e-01,0.00000000000000000e+00,7.11577962632706784e-02,7.11577962632706784e-02,0.00000000000000000e+00,1.10721625926268843e-01,1.10721625926268843e-01,0.00000000000000000e+00,5.21116779219195969e-01,5.21116779219195969e-01,0.00000000000000000e+00,9.28890305857892713e+01,9.28890305857892713e+01,0.00000000000000000e+00,1.39033640926670754e-01,1.39033640926670754e-01,0.00000000000000000e+00,4.44345946908555112e-01,4.44345946908555112e-01,0.00000000000000000e+00,6.17423299508991583e-04,6.17423299508991583e-04,0.00000000000000000e+00,4.18117586071131697e-03,4.18117586071131697e-03,0.00000000000000000e+00,3.96077057090769946e+00,3.96077057090769946e+00,8.20902118482004672e-01,8.20902118482004672e-01,6.76047326599999110e+00,0,0,0,ok,radius labels permuted; distribution exactly preserved
23,5023,256,8.39999999999999969e-01,shape_descent,shape_channel,voro_radical,voro_radical_rebuilt,1,1,1.14739987138904473e-01,1.14689084884893391e-01,-5.09022540110815047e-05,7.11577962632706784e-02,7.11577962632706784e-02,0.00000000000000000e+00,1.10721625926268843e-01,1.10665051705609668e-01,-5.65742206591751673e-05,5.21116779219195969e-01,5.21116779219195969e-01,0.00000000000000000e+00,9.28890305857892713e+01,9.28890305857892713e+01,0.00000000000000000e+00,1.39033640926670754e-01,1.39033640926670754e-01,0.00000000000000000e+00,4.44345946908555112e-01,4.44345946908555112e-01,0.00000000000000000e+00,6.17423299508991583e-04,6.20967066908852637e-04,3.54376739986105374e-06,4.18117586071131697e-03,4.18117586071131697e-03,0.00000000000000000e+00,3.96077057090769946e+00,3.96077057090769946e+00,8.20902118482004672e-01,8.20902118482004672e-01,4.10295145699998898e+00,0,1,0,ok,stochastic coordinate shape descent
24,5024,256,8.39999999999999969e-01,bounded_ricci_du010,sum_channel,voro_radical,voro_radical_fixed_topology,1,1,1.21493874050520811e-01,1.16272173208451679e-01,-5.22170084206913243e-03,7.41302292445987776e-02,5.65592395770152107e-02,-1.75709896675835670e-02,1.19721337949699927e-01,1.18105713360402945e-01,-1.61562458929698227e-03,5.42810592067952236e-01,4.12877082807945217e-01,-1.29933509260007019e-01,1.07844390243742367e+02,7.95415967477436823e+01,-2.83027934959986851e+01,1.53021409161990446e-01,1.23810082582358275e-01,-2.92113265796321714e-02,4.76291028835988450e-01,4.18684772725661236e-01,-5.76062561103272142e-02,1.88365736038605190e-04,9.40723627691579523e-02,9.38839970331193513e-02,3.21926174640196905e-03,8.45259260685211622e-02,8.13066643221191931e-02,3.96077057090769946e+00,3.63826315010483770e+00,7.88096889900810060e-01,8.46701976543225654e-01,8.25402800000034631e-02,1,1,1,ok,relative_bounded_ricci
24,5024,256,8.39999999999999969e-01,box_shear_aspect,shape_channel,voro_radical,voro_radical_rebuilt,1,1,1.21493874050520811e-01,1.21493874050520811e-01,0.00000000000000000e+00,7.41302292445987776e-02,7.41302292445987776e-02,0.00000000000000000e+00,1.19721337949699927e-01,1.19721337949699927e-01,0.00000000000000000e+00,5.42810592067952236e-01,5.42810592067952236e-01,0.00000000000000000e+00,1.07844390243742367e+02,1.07844390243742367e+02,0.00000000000000000e+00,1.53021409161990446e-01,1.53021409161990446e-01,0.00000000000000000e+00,4.76291028835988450e-01,4.76291028835988450e-01,0.00000000000000000e+00,1.88365736038605190e-04,1.88365736038605190e-04,0.00000000000000000e+00,3.21926174640196905e-03,3.21926174640196905e-03,0.00000000000000000e+00,3.96077057090769946e+00,3.96077057090769946e+00,7.88096889900810060e-01,7.88096889900810060e-01,2.65769293900000037e+00,0,0,0,ok,aspect-only box strain; shear omitted for rectangular voro++ container
24,5024,256,8.39999999999999969e-01,compression_step,coupled,voro_radical,voro_radical_rebuilt,1,1,1.21493874050520811e-01,1.21493874050520742e-01,-6.93889390390722838e-17,7.41302292445987776e-02,7.41302292445987915e-02,1.38777878078144568e-17,1.19721337949699927e-01,1.19721337949699871e-01,-5.55111512312578270e-17,5.42810592067952236e-01,5.42810592067952236e-01,0.00000000000000000e+00,1.07844390243742367e+02,1.07844390243742367e+02,0.00000000000000000e+00,1.53021409161990446e-01,1.53021409161990446e-01,0.00000000000000000e+00,4.76291028835988450e-01,4.76291028835988450e-01,0.00000000000000000e+00,1.88365736038605190e-04,0.00000000000000000e+00,-1.88365736038605190e-04,3.21926174640196905e-03,0.00000000000000000e+00,-3.21926174640196905e-03,3.96077057090769946e+00,3.96077057090769946e+00,7.88096889900810060e-01,7.88096889900810060e-01,1.06109826200000157e+00,0,1,0,ok,local phi scan best endpoint
24,5024,256,8.39999999999999969e-01,free_ricci,sum_channel,voro_radical,voro_radical_fixed_topology,1,1,1.21493874050520811e-01,1.12305330234019771e-01,-9.18854381650104080e-03,7.41302292445987776e-02,5.93627705688804983e-12,-7.41302292386624984e-02,1.19721337949699927e-01,1.14853477539958268e-01,-4.86786040974165890e-03,5.42810592067952236e-01,4.19280328071546723e-11,-5.42810592026024219e-01,1.07844390243742367e+02,6.84778362879215453e-09,-1.07844390236894583e+02,1.53021409161990446e-01,1.90399513999123706e-10,-1.53021408971590944e-01,4.76291028835988450e-01,3.99734289176756205e-10,-4.76291028436254149e-01,1.88365736038605190e-04,4.29427112044130777e+00,4.29408275470526934e+00,3.21926174640196905e-03,5.43267490722233681e-01,5.40048228975831712e-01,3.96077057090769946e+00,4.87906043182793692e+00,7.88096889900810060e-01,9.20239634141571505e-01,8.79791560000029449e-02,1,1,1,ok,converged: max_abs_K < tol
24,5024,256,8.39999999999999969e-01,post_voro_surgery,topology,voro_radical,post_surgery_nonradical,1,1,1.21493874050520811e-01,1.42092102094216993e-01,2.05982280436961818e-02,7.41302292445987776e-02,6.81586618084787516e-02,-5.97156743612002605e-03,1.19721337949699927e-01,1.48593826062582229e-01,2.88724881128823024e-02,5.42810592067952236e-01,4.91246047428596011e-01,-5.15645446393562246e-02,1.07844390243742367e+02,7.92994909481540446e+01,-2.85448992955883227e+01,1.53021409161990446e-01,1.37523002995752125e-01,-1.54984061662383210e-02,4.76291028835988450e-01,3.65741817048592543e-01,-1.10549211787395907e-01,1.88365736038605190e-04,1.88365736038605190e-04,0.00000000000000000e+00,3.21926174640196905e-03,3.21926174640196905e-03,0.00000000000000000e+00,3.96077057090769946e+00,3.96077057090769946e+00,7.88096889900810060e-01,8.39868747855952003e-01,5.80886924229999977e+01,1,0,0,ok,light topology surgery; no longer radical
24,5024,256,8.39999999999999969e-01,radius_label_swap,sum_channel,voro_radical,voro_radical_rebuilt,1,1,1.21493874050520811e-01,1.21493874050520811e-01,0.00000000000000000e+00,7.41302292445987776e-02,7.41302292445987776e-02,0.00000000000000000e+00,1.19721337949699927e-01,1.19721337949699927e-01,0.00000000000000000e+00,5.42810592067952236e-01,5.42810592067952236e-01,0.00000000000000000e+00,1.07844390243742367e+02,1.07844390243742367e+02,0.00000000000000000e+00,1.53021409161990446e-01,1.53021409161990446e-01,0.00000000000000000e+00,4.76291028835988450e-01,4.76291028835988450e-01,0.00000000000000000e+00,1.88365736038605190e-04,1.88365736038605190e-04,0.00000000000000000e+00,3.21926174640196905e-03,3.21926174640196905e-03,0.00000000000000000e+00,3.96077057090769946e+00,3.96077057090769946e+00,7.88096889900810060e-01,7.88096889900810060e-01,6.47373266900001454e+00,0,0,0,ok,radius labels permuted; distribution exactly preserved
24,5024,256,8.39999999999999969e-01,shape_descent,shape_channel,voro_radical,voro_radical_rebuilt,1,1,1.21493874050520811e-01,1.22345603403345507e-01,8.51729352824695529e-04,7.41302292445987776e-02,7.53357337564285190e-02,1.20550451182974139e-03,1.19721337949699927e-01,1.20360706030317344e-01,6.39368080617416790e-04,5.42810592067952236e-01,5.59507920358674249e-01,1.66973282907220133e-02,1.07844390243742367e+02,1.50422172870837585e+02,4.25777826270952175e+01,1.53021409161990446e-01,1.57208900231487786e-01,4.18749106949733996e-03,4.76291028835988450e-01,6.52108951218648203e-01,1.75817922382659753e-01,1.88365736038605190e-04,1.88365268571402764e-04,-4.67467202425707329e-10,3.21926174640196905e-03,3.21926174640196905e-03,0.00000000000000000e+00,3.96077057090769946e+00,3.96077057090769946e+00,7.88096889900810060e-01,7.78120431593116058e-01,4.07468992300000821e+00,0,0,0,ok,stochastic coordinate shape descent
25,5025,256,8.39999999999999969e-01,bounded_ricci_du010,sum_channel,voro_radical,voro_radical_fixed_topology,1,1,1.18468768869788008e-01,1.13481439201451775e-01,-4.98732966833623226e-03,7.56589773701180496e-02,5.88396437220244165e-02,-1.68193336480936331e-02,1.15826013058641319e-01,1.14669854271773050e-01,-1.15615878686826934e-03,5.54985458973220158e-01,4.30897867769718446e-01,-1.24087591203501713e-01,1.16411185549978370e+02,8.19654549259502261e+01,-3.44457306240281440e+01,1.46111031385165790e-01,1.18164832040159012e-01,-2.79461993450067780e-02,5.40787703886915216e-01,4.49839384911469964e-01,-9.09483189754452526e-02,2.65007796592376364e-04,1.08679797950007387e-01,1.08414790153415014e-01,3.03939584725787526e-03,1.01836772114726859e-01,9.87973762674689837e-02,3.96077057090769946e+00,3.65827143229287977e+00,7.95822489128863886e-01,8.50884181067348089e-01,8.20762909999928070e-02,1,1,1,ok,relative_bounded_ricci
25,5025,256,8.39999999999999969e-01,box_shear_aspect,shape_channel,voro_radical,voro_radical_rebuilt,1,1,1.18468768869788008e-01,1.18468768869788008e-01,0.00000000000000000e+00,7.56589773701180496e-02,7.56589773701180496e-02,0.00000000000000000e+00,1.15826013058641319e-01,1.15826013058641319e-01,0.00000000000000000e+00,5.54985458973220158e-01,5.54985458973220158e-01,0.00000000000000000e+00,1.16411185549978370e+02,1.16411185549978370e+02,0.00000000000000000e+00,1.46111031385165790e-01,1.46111031385165790e-01,0.00000000000000000e+00,5.40787703886915216e-01,5.40787703886915216e-01,0.00000000000000000e+00,2.65007796592376364e-04,2.65007796592376364e-04,0.00000000000000000e+00,3.03939584725787526e-03,3.03939584725787526e-03,0.00000000000000000e+00,3.96077057090769946e+00,3.96077057090769946e+00,7.95822489128863886e-01,7.95822489128863886e-01,2.76168618300000901e+00,0,0,0,ok,aspect-only box strain; shear omitted for rectangular voro++ container
25,5025,256,8.39999999999999969e-01,compression_step,coupled,voro_radical,voro_radical_rebuilt,1,1,1.18468768869788008e-01,1.18550072142397336e-01,8.13032726093287916e-05,7.56589773701180496e-02,7.37792473536054982e-02,-1.87973001651255134e-03,1.15826013058641319e-01,1.16426146032033356e-01,6.00132973392036861e-04,5.54985458973220158e-01,5.36908294383759532e-01,-1.80771645894606259e-02,1.16411185549978370e+02,1.14882157686588357e+02,-1.52902786339001295e+00,1.46111031385165790e-01,1.43628747662049056e-01,-2.48228372311673495e-03,5.40787703886915216e-01,5.41041789308864707e-01,2.54085421949490353e-04,2.65007796592376364e-04,0.00000000000000000e+00,-2.65007796592376364e-04,3.03939584725787526e-03,0.00000000000000000e+00,-3.03939584725787526e-03,3.96077057090769946e+00,3.96077057090769946e+00,7.95822489128863886e-01,7.99417519354391315e-01,1.11744412400000215e+00,1,0,0,ok,local phi scan best endpoint
25,5025,256,8.39999999999999969e-01,free_ricci,sum_channel,voro_radical,voro_radical_fixed_topology,1,1,1.18468768869788008e-01,1.10134677048022003e-01,-8.33409182176600427e-03,7.56589773701180496e-02,7.50457368205897790e-12,-7.56589773626134693e-02,1.15826013058641319e-01,1.12620525827891518e-01,-3.20548723074980113e-03,5.54985458973220158e-01,5.04556166976196577e-11,-5.54985458922764519e-01,1.16411185549978370e+02,8.22295108076014908e-09,-1.16411185541755415e+02,1.46111031385165790e-01,2.34065074870016147e-10,-1.46111031151100718e-01,5.40787703886915216e-01,4.57291160349976733e-10,-5.40787703429624012e-01,2.65007796592376364e-04,4.63598315672841998e+00,4.63571814893182754e+00,3.03939584725787526e-03,5.12784497947480933e-01,5.09745102100223058e-01,3.96077057090769946e+00,4.31337621588114573e+00,7.95822489128863886e-01,9.24662009521877604e-01,1.12598574000003282e-01,1,1,1,ok,converged: max_abs_K < tol
25,5025,256,8.39999999999999969e-01,post_voro_surgery,topology,voro_radical,post_surgery_nonradical,1,1,1.18468768869788008e-01,1.43549996481777742e-01,2.50812276119897343e-02,7.56589773701180496e-02,6.46613866836855122e-02,-1.09975906864325373e-02,1.15826013058641319e-01,1.49743973513648376e-01,3.39179604550070568e-02,5.54985458973220158e-01,4.80443003191461548e-01,-7.45424557817586098e-02,1.16411185549978370e+02,7.01898148220530800e+01,-4.62213707279252901e+01,1.46111031385165790e-01,1.27256692971530250e-01,-1.88543384136355407e-02,5.40787703886915216e-01,3.44693368608037398e-01,-1.96094335278877818e-01,2.65007796592376364e-04,2.65007796592376364e-04,0.00000000000000000e+00,3.03939584725787526e-03,3.03939584725787526e-03,0.00000000000000000e+00,3.96077057090769946e+00,3.96077057090769946e+00,7.95822489128863886e-01,8.21307249572323372e-01,5.47737233329999924e+01,1,0,0,ok,light topology surgery; no longer radical
25,5025,256,8.39999999999999969e-01,radius_label_swap,sum_channel,voro_radical,voro_radical_rebuilt,1,1,1.18468768869788008e-01,1.18464365814437353e-01,-4.40305535065466103e-06,7.56589773701180496e-02,7.56504316569968638e-02,-8.54571312118579396e-06,1.15826013058641319e-01,1.15825920952676978e-01,-9.21059643416155538e-08,5.54985458973220158e-01,5.54915876423653032e-01,-6.95825495671265060e-05,1.16411185549978370e+02,1.16403501882925241e+02,-7.68366705312928389e-03,1.46111031385165790e-01,1.46098491200339770e-01,-1.25401848260209281e-05,5.40787703886915216e-01,5.40789495828907341e-01,1.79194199212417971e-06,2.65007796592376364e-04,2.65968144957767576e-04,9.60348365391212270e-07,3.03939584725787526e-03,3.03939584725787526e-03,0.00000000000000000e+00,3.96077057090769946e+00,3.96077057090769946e+00,7.95822489128863886e-01,7.95846499283860087e-01,5.48348751000000334e+00,1,1,1,ok,radius labels permuted; distribution exactly preserved
25,5025,256,8.39999999999999969e-01,shape_descent,shape_channel,voro_radical,voro_radical_rebuilt,1,1,1.18468768869788008e-01,1.18469037136517408e-01,2.68266729400168380e-07,7.56589773701180496e-02,7.56589773701180496e-02,0.00000000000000000e+00,1.15826013058641319e-01,1.15827396495831930e-01,1.38343719061073678e-06,5.54985458973220158e-01,5.54985458973220158e-01,0.00000000000000000e+00,1.16411185549978370e+02,1.16411185549978370e+02,0.00000000000000000e+00,1.46111031385165790e-01,1.46111031385165790e-01,0.00000000000000000e+00,5.40787703886915216e-01,5.40787703886915216e-01,0.00000000000000000e+00,2.65007796592376364e-04,2.65007129804967656e-04,-6.66787408707542051e-10,3.03939584725787526e-03,3.03939584725787526e-03,0.00000000000000000e+00,3.96077057090769946e+00,3.96077057090769946e+00,7.95822489128863886e-01,7.95822489128863886e-01,4.17318597700000282e+00,0,0,0,ok,stochastic coordinate shape descent
26,5026,256,8.39999999999999969e-01,bounded_ricci_du010,sum_channel,voro_radical,voro_radical_fixed_topology,1,1,1.26238059731557967e-01,1.21233683364619052e-01,-5.00437636693891463e-03,7.78063374805923608e-02,5.78883567082252998e-02,-1.99179807723670610e-02,1.24091629665430012e-01,1.22575895924816880e-01,-1.51573374061313160e-03,5.62595612495866093e-01,4.17335131709170748e-01,-1.45260480786695345e-01,1.02460624398652357e+02,7.10433280279029731e+01,-3.14172963707493835e+01,1.53441378889813129e-01,1.20460455115791051e-01,-3.29809237740220779e-02,4.45019877441821088e-01,3.76062858848986770e-01,-6.89570185928343182e-02,1.22847329322838396e-03,1.52803150856041653e-01,1.51574677562813259e-01,6.50308314944103572e-03,9.86832294753079431e-02,9.21801463258669074e-02,3.96077057090769946e+00,4.13668039262181253e+00,8.02544512768455842e-01,8.66667118447495222e-01,8.44991340000120772e-02,1,1,1,ok,relative_bounded_ricci
26,5026,256,8.39999999999999969e-01,box_shear_aspect,shape_channel,voro_radical,voro_radical_rebuilt,1,1,1.26238059731557967e-01,1.26233032329862049e-01,-5.02740169591731068e-06,7.78063374805923608e-02,7.78063374805923469e-02,-1.38777878078144568e-17,1.24091629665430012e-01,1.24080542170447783e-01,-1.10874949822287183e-05,5.62595612495866093e-01,5.62595612495866093e-01,0.00000000000000000e+00,1.02460624398652357e+02,1.02460624398652357e+02,0.00000000000000000e+00,1.53441378889813129e-01,1.53441378889813129e-01,0.00000000000000000e+00,4.45019877441821088e-01,4.45019877441821088e-01,0.00000000000000000e+00,1.22847329322838396e-03,1.22419288638575693e-03,-4.28040684262703114e-06,6.50308314944103572e-03,6.41041856474111604e-03,-9.26645846999196721e-05,3.96077057090769946e+00,3.96077057090769946e+00,8.02544512768455842e-01,8.02544512768455842e-01,2.66509512399998982e+00,1,1,1,ok,aspect-only box strain; shear omitted for rectangular voro++ container
26,5026,256,8.39999999999999969e-01,compression_step,coupled,voro_radical,voro_radical_rebuilt,1,1,1.26238059731557967e-01,1.26238059731557967e-01,0.00000000000000000e+00,7.78063374805923608e-02,7.78063374805923608e-02,0.00000000000000000e+00,1.24091629665430012e-01,1.24091629665429984e-01,-2.77555756156289135e-17,5.62595612495866093e-01,5.62595612495866093e-01,0.00000000000000000e+00,1.02460624398652357e+02,1.02460624398652357e+02,0.00000000000000000e+00,1.53441378889813129e-01,1.53441378889813129e-01,0.00000000000000000e+00,4.45019877441821088e-01,4.45019877441821088e-01,0.00000000000000000e+00,1.22847329322838396e-03,0.00000000000000000e+00,-1.22847329322838396e-03,6.50308314944103572e-03,0.00000000000000000e+00,-6.50308314944103572e-03,3.96077057090769946e+00,3.96077057090769946e+00,8.02544512768455842e-01,8.02544512768455842e-01,1.09189311100001873e+00,0,1,0,ok,local phi scan best endpoint
26,5026,256,8.39999999999999969e-01,free_ricci,sum_channel,voro_radical,voro_radical_fixed_topology,1,1,1.26238059731557967e-01,1.17658978225953434e-01,-8.57908150560453275e-03,7.78063374805923608e-02,6.87322770898289557e-12,-7.78063374737191366e-02,1.24091629665430012e-01,1.20362702886831735e-01,-3.72892677859827659e-03,5.62595612495866093e-01,4.79799455253534957e-11,-5.62595612447886140e-01,1.02460624398652357e+02,7.76406852045237606e-09,-1.02460624390888285e+02,1.53441378889813129e-01,2.21572885442254436e-10,-1.53441378668240230e-01,4.45019877441821088e-01,4.54615901385330619e-10,-4.45019876987205187e-01,1.22847329322838396e-03,4.97091359624537077e+00,4.96968512295214282e+00,6.50308314944103572e-03,6.16830073820645364e-01,6.10326990671204328e-01,3.96077057090769946e+00,4.52390600502530038e+00,8.02544512768455842e-01,9.28083949792297802e-01,1.10699877999991259e-01,1,1,1,ok,converged: max_abs_K < tol
26,5026,256,8.39999999999999969e-01,post_voro_surgery,topology,voro_radical,post_surgery_nonradical,1,1,1.26238059731557967e-01,1.50330436485062224e-01,2.40923767535042577e-02,7.78063374805923608e-02,6.60095758159280482e-02,-1.17967616646643125e-02,1.24091629665430012e-01,1.59424059585907330e-01,3.53324299204773179e-02,5.62595612495866093e-01,4.72186111669732955e-01,-9.04095008261331379e-02,1.02460624398652357e+02,7.27611019546764055e+01,-2.96995224439759511e+01,1.53441378889813129e-01,1.33977731266411382e-01,-1.94636476234017475e-02,4.45019877441821088e-01,3.34697649550668441e-01,-1.10322227891152647e-01,1.22847329322838396e-03,1.22847329322838396e-03,0.00000000000000000e+00,6.50308314944103572e-03,6.50308314944103572e-03,0.00000000000000000e+00,3.96077057090769946e+00,3.96077057090769946e+00,8.02544512768455842e-01,8.45458398824688429e-01,6.20954526769999973e+01,1,0,0,ok,light topology surgery; no longer radical
26,5026,256,8.39999999999999969e-01,radius_label_swap,sum_channel,voro_radical,voro_radical_rebuilt,1,1,1.26238059731557967e-01,1.26236886743327725e-01,-1.17298823024136745e-06,7.78063374805923608e-02,7.77980081843415300e-02,-8.32929625083078662e-06,1.24091629665430012e-01,1.24091059521486552e-01,-5.70143943459666680e-07,5.62595612495866093e-01,5.62561238529647567e-01,-3.43739662185260642e-05,1.02460624398652357e+02,1.02455515751679656e+02,-5.10864697270108081e-03,1.53441378889813129e-01,1.53433450216146655e-01,-7.92867366647409533e-06,4.45019877441821088e-01,4.45021890501291206e-01,2.01305947011842790e-06,1.22847329322838396e-03,1.22648424040011964e-03,-1.98905282826431634e-06,6.50308314944103572e-03,6.50308314944103572e-03,0.00000000000000000e+00,3.96077057090769946e+00,3.96077057090769946e+00,8.02544512768455842e-01,8.02570437018420790e-01,5.97292005599999243e+00,1,1,1,ok,radius labels permuted; distribution exactly preserved
26,5026,256,8.39999999999999969e-01,shape_descent,shape_channel,voro_radical,voro_radical_rebuilt,1,1,1.26238059731557967e-01,1.26232616592283658e-01,-5.44313927430817301e-06,7.78063374805923608e-02,7.78063374805923330e-02,-2.77555756156289135e-17,1.24091629665430012e-01,1.24073912651903401e-01,-1.77170135266108142e-05,5.62595612495866093e-01,5.62595612495866093e-01,0.00000000000000000e+00,1.02460624398652357e+02,1.02460624398652357e+02,0.00000000000000000e+00,1.53441378889813129e-01,1.53441378889813129e-01,0.00000000000000000e+00,4.45019877441821088e-01,4.45019877441821088e-01,0.00000000000000000e+00,1.22847329322838396e-03,1.30395220358699442e-03,7.54789103586104605e-05,6.50308314944103572e-03,6.50308314944103572e-03,0.00000000000000000e+00,3.96077057090769946e+00,3.96077057090769946e+00,8.02544512768455842e-01,8.02544512768455842e-01,4.26462881300000163e+00,1,1,1,ok,stochastic coordinate shape descent
27,5027,256,8.39999999999999969e-01,bounded_ricci_du010,sum_channel,voro_radical,voro_radical_fixed_topology,1,1,1.19992490866931534e-01,1.15378801175849643e-01,-4.61368969108189031e-03,7.86706213592336390e-02,6.37234788153216991e-02,-1.49471425439119399e-02,1.17369970068872273e-01,1.16172371837789015e-01,-1.19759823108325780e-03,5.73272586832112463e-01,4.63905517718521121e-01,-1.09367069113591342e-01,1.43765368342919601e+02,1.04166614072218408e+02,-3.95987542707011926e+01,1.55596312221621569e-01,1.31069516723833740e-01,-2.45267954977878289e-02,6.30398458123295202e-01,5.26882606867700831e-01,-1.03515851255594371e-01,4.02999659401635096e-03,8.99930478966893960e-02,8.59630513026730381e-02,1.01441742809660340e-02,1.07567307452109517e-01,9.74231331711434834e-02,3.96077057090769946e+00,3.83312374972934666e+00,7.96035624385278640e-01,8.46065776639061240e-01,1.60555572999996343e-01,1,1,1,ok,relative_bounded_ricci
27,5027,256,8.39999999999999969e-01,box_shear_aspect,shape_channel,voro_radical,voro_radical_rebuilt,1,1,1.19992490866931534e-01,1.19989904406694214e-01,-2.58646023731934349e-06,7.86706213592336390e-02,7.86706213592336528e-02,1.38777878078144568e-17,1.17369970068872273e-01,1.17368765981800030e-01,-1.20408707224295419e-06,5.73272586832112463e-01,5.73272586832112463e-01,0.00000000000000000e+00,1.43765368342919601e+02,1.43765368342919601e+02,0.00000000000000000e+00,1.55596312221621569e-01,1.55596312221621569e-01,0.00000000000000000e+00,6.30398458123295202e-01,6.30398458123295202e-01,0.00000000000000000e+00,4.02999659401635096e-03,4.02002173699134678e-03,-9.97485702500418292e-06,1.01441742809660340e-02,9.97960755410831624e-03,-1.64566726857717782e-04,3.96077057090769946e+00,3.96077057090769946e+00,7.96035624385278640e-01,7.96035624385278640e-01,3.89167075999998247e+00,0,1,0,ok,aspect-only box strain; shear omitted for rectangular voro++ container
27,5027,256,8.39999999999999969e-01,compression_step,coupled,voro_radical,voro_radical_rebuilt,1,1,1.19992490866931534e-01,1.19992490866931492e-01,-4.16333634234433703e-17,7.86706213592336390e-02,7.86706213592336251e-02,-1.38777878078144568e-17,1.17369970068872273e-01,1.17369970068872273e-01,0.00000000000000000e+00,5.73272586832112463e-01,5.73272586832112463e-01,0.00000000000000000e+00,1.43765368342919601e+02,1.43765368342919601e+02,0.00000000000000000e+00,1.55596312221621569e-01,1.55596312221621569e-01,0.00000000000000000e+00,6.30398458123295202e-01,6.30398458123295202e-01,0.00000000000000000e+00,4.02999659401635096e-03,0.00000000000000000e+00,-4.02999659401635096e-03,1.01441742809660340e-02,0.00000000000000000e+00,-1.01441742809660340e-02,3.96077057090769946e+00,3.96077057090769946e+00,7.96035624385278640e-01,7.96035624385278640e-01,1.42787250900002505e+00,1,0,0,ok,local phi scan best endpoint
27,5027,256,8.39999999999999969e-01,free_ricci,sum_channel,voro_radical,voro_radical_fixed_topology,1,1,1.19992490866931534e-01,1.10287447907046990e-01,-9.70504295988454391e-03,7.86706213592336390e-02,6.27555994383647848e-12,-7.86706213529580756e-02,1.17369970068872273e-01,1.12684470365238099e-01,-4.68549970363417445e-03,5.73272586832112463e-01,4.49729921570856851e-11,-5.73272586787139438e-01,1.43765368342919601e+02,7.48694808709083520e-09,-1.43765368335432640e+02,1.55596312221621569e-01,2.09007361579069241e-10,-1.55596312012614202e-01,6.30398458123295202e-01,4.44244508878144916e-10,-6.30398457679050672e-01,4.02999659401635096e-03,4.84141813702629964e+00,4.83738814043228338e+00,1.01441742809660340e-02,6.59261698078777547e-01,6.49117523797811513e-01,3.96077057090769946e+00,4.65758069681252351e+00,7.96035624385278640e-01,9.24819768834437061e-01,1.25866680000001452e-01,1,1,1,ok,converged: max_abs_K < tol
27,5027,256,8.39999999999999969e-01,post_voro_surgery,topology,voro_radical,post_surgery_nonradical,1,1,1.19992490866931534e-01,1.47435045417948579e-01,2.74425545510170454e-02,7.86706213592336390e-02,6.99830880751056150e-02,-8.68753328412802395e-03,1.17369970068872273e-01,1.54433126318573755e-01,3.70631562497014816e-02,5.73272586832112463e-01,5.05102666823769031e-01,-6.81699200083434320e-02,1.43765368342919601e+02,7.18014197313953559e+01,-7.19639486115242448e+01,1.55596312221621569e-01,1.35988520939810953e-01,-1.96077912818106159e-02,6.30398458123295202e-01,3.17776053597590979e-01,-3.12622404525704223e-01,4.02999659401635096e-03,4.02999659401635096e-03,0.00000000000000000e+00,1.01441742809660340e-02,1.01441742809660340e-02,0.00000000000000000e+00,3.96077057090769946e+00,3.96077057090769946e+00,7.96035624385278640e-01,8.42788711773403643e-01,4.51386889360000225e+01,1,0,0,ok,light topology surgery; no longer radical
27,5027,256,8.39999999999999969e-01,radius_label_swap,sum_channel,voro_radical,voro_radical_rebuilt,1,1,1.19992490866931534e-01,1.19992490866931534e-01,0.00000000000000000e+00,7.86706213592336390e-02,7.86706213592336390e-02,0.00000000000000000e+00,1.17369970068872273e-01,1.17369970068872273e-01,0.00000000000000000e+00,5.73272586832112463e-01,5.73272586832112463e-01,0.00000000000000000e+00,1.43765368342919601e+02,1.43765368342919601e+02,0.00000000000000000e+00,1.55596312221621569e-01,1.55596312221621569e-01,0.00000000000000000e+00,6.30398458123295202e-01,6.30398458123295202e-01,0.00000000000000000e+00,4.02999659401635096e-03,4.02999659401635096e-03,0.00000000000000000e+00,1.01441742809660340e-02,1.01441742809660340e-02,0.00000000000000000e+00,3.96077057090769946e+00,3.96077057090769946e+00,7.96035624385278640e-01,7.96035624385278640e-01,7.43301851199998964e+00,0,0,0,ok,radius labels permuted; distribution exactly preserved
27,5027,256,8.39999999999999969e-01,shape_descent,shape_channel,voro_radical,voro_radical_rebuilt,1,1,1.19992490866931534e-01,1.20016577557842785e-01,2.40866909112513738e-05,7.86706213592336390e-02,7.86706213592336390e-02,0.00000000000000000e+00,1.17369970068872273e-01,1.17340498614375663e-01,-2.94714544966101499e-05,5.73272586832112463e-01,5.73272586832112463e-01,0.00000000000000000e+00,1.43765368342919601e+02,1.43765368342919601e+02,0.00000000000000000e+00,1.55596312221621569e-01,1.55596312221621569e-01,0.00000000000000000e+00,6.30398458123295202e-01,6.30398458123295202e-01,0.00000000000000000e+00,4.02999659401635096e-03,4.20271795144707729e-03,1.72721357430726322e-04,1.01441742809660340e-02,1.01441742809660340e-02,0.00000000000000000e+00,3.96077057090769946e+00,3.96077057090769946e+00,7.96035624385278640e-01,7.96035624385278640e-01,5.44103242400001363e+00,0,1,0,ok,stochastic coordinate shape descent
28,5028,256,8.39999999999999969e-01,bounded_ricci_du010,sum_channel,voro_radical,voro_radical_fixed_topology,1,1,1.22295451702871316e-01,1.16102378523058200e-01,-6.19307317981311611e-03,7.97986866734224781e-02,5.94622939000019612e-02,-2.03363927734205169e-02,1.19157370348618341e-01,1.17465282687522668e-01,-1.69208766109567310e-03,5.67618493519168932e-01,4.23120347415513631e-01,-1.44498146103655301e-01,1.16457341862834554e+02,7.93706551153778150e+01,-3.70866867474567385e+01,1.53414859684987470e-01,1.20601484601643744e-01,-3.28133750833437265e-02,5.18258312281538291e-01,4.27938561009721719e-01,-9.03197512718165729e-02,5.95312139955989149e-04,1.40027762517728777e-01,1.39432450377772799e-01,4.22377751863067807e-03,1.10932917642756479e-01,1.06709140124125801e-01,3.96077057090769946e+00,4.03261910682946834e+00,7.82281547389394483e-01,8.47789519732831565e-01,1.53679020000012656e-01,1,1,1,ok,relative_bounded_ricci
28,5028,256,8.39999999999999969e-01,box_shear_aspect,shape_channel,voro_radical,voro_radical_rebuilt,1,1,1.22295451702871316e-01,1.22293587911563181e-01,-1.86379130813485450e-06,7.97986866734224781e-02,7.97986866734224504e-02,-2.77555756156289135e-17,1.19157370348618341e-01,1.19158144076416686e-01,7.73727798344947537e-07,5.67618493519168932e-01,5.67618493519168932e-01,0.00000000000000000e+00,1.16457341862834554e+02,1.16457341862834554e+02,0.00000000000000000e+00,1.53414859684987470e-01,1.53414859684987470e-01,0.00000000000000000e+00,5.18258312281538291e-01,5.18258312281538291e-01,0.00000000000000000e+00,5.95312139955989149e-04,5.94150889129900343e-04,-1.16125082608880582e-06,4.22377751863067807e-03,4.11784826606043097e-03,-1.05929252570247101e-04,3.96077057090769946e+00,3.96077057090769946e+00,7.82281547389394483e-01,7.82281547389394483e-01,3.74912806000000387e+00,1,0,0,ok,aspect-only box strain; shear omitted for rectangular voro++ container
28,5028,256,8.39999999999999969e-01,compression_step,coupled,voro_radical,voro_radical_rebuilt,1,1,1.22295451702871316e-01,1.22295451702871275e-01,-4.16333634234433703e-17,7.97986866734224781e-02,7.97986866734224504e-02,-2.77555756156289135e-17,1.19157370348618341e-01,1.19157370348618369e-01,2.77555756156289135e-17,5.67618493519168932e-01,5.67618493519168932e-01,0.00000000000000000e+00,1.16457341862834554e+02,1.16457341862834554e+02,0.00000000000000000e+00,1.53414859684987470e-01,1.53414859684987470e-01,0.00000000000000000e+00,5.18258312281538291e-01,5.18258312281538291e-01,0.00000000000000000e+00,5.95312139955989149e-04,0.00000000000000000e+00,-5.95312139955989149e-04,4.22377751863067807e-03,0.00000000000000000e+00,-4.22377751863067807e-03,3.96077057090769946e+00,3.96077057090769946e+00,7.82281547389394483e-01,7.82281547389394483e-01,1.46698347299999909e+00,1,0,0,ok,local phi scan best endpoint
28,5028,256,8.39999999999999969e-01,free_ricci,sum_channel,voro_radical,voro_radical_fixed_topology,1,1,1.22295451702871316e-01,1.11739887474799446e-01,-1.05555642280718703e-02,7.97986866734224781e-02,6.37124331742853810e-12,-7.97986866670512413e-02,1.19157370348618341e-01,1.15298669732017675e-01,-3.85870061660066599e-03,5.67618493519168932e-01,4.56789764670279649e-11,-5.67618493473489916e-01,1.16457341862834554e+02,7.46443219872399152e-09,-1.16457341855370117e+02,1.53414859684987470e-01,2.11451734555254069e-10,-1.53414859473535725e-01,5.18258312281538291e-01,4.36297010993455446e-10,-5.18258311845241293e-01,5.95312139955989149e-04,4.33559540123990939e+00,4.33500008909995316e+00,4.22377751863067807e-03,5.52738294690432230e-01,5.48514517171801552e-01,3.96077057090769946e+00,5.22635586976680244e+00,7.82281547389394483e-01,9.22440057632474608e-01,1.56014260000006288e-01,1,1,1,ok,converged: max_abs_K < tol
28,5028,256,8.39999999999999969e-01,post_voro_surgery,topology,voro_radical,post_surgery_nonradical,1,1,1.22295451702871316e-01,1.35960994053795609e-01,1.36655423509242924e-02,7.97986866734224781e-02,6.65406714489989032e-02,-1.32580152244235749e-02,1.19157370348618341e-01,1.42033154009895551e-01,2.28757836612772103e-02,5.67618493519168932e-01,4.68579727132004242e-01,-9.90387663871646895e-02,1.16457341862834554e+02,6.99690252565724791e+01,-4.64883166062620745e+01,1.53414859684987470e-01,1.33133713014630894e-01,-2.02811466703565757e-02,5.18258312281538291e-01,3.16837126508677458e-01,-2.01421185772860833e-01,5.95312139955989149e-04,5.95312139955989149e-04,0.00000000000000000e+00,4.22377751863067807e-03,4.22377751863067807e-03,0.00000000000000000e+00,3.96077057090769946e+00,3.96077057090769946e+00,7.82281547389394483e-01,8.22123942420536657e-01,5.92028288040000064e+01,1,0,0,ok,light topology surgery; no longer radical
28,5028,256,8.39999999999999969e-01,radius_label_swap,sum_channel,voro_radical,voro_radical_rebuilt,1,1,1.22295451702871316e-01,1.22295451702871316e-01,0.00000000000000000e+00,7.97986866734224781e-02,7.97986866734224781e-02,0.00000000000000000e+00,1.19157370348618341e-01,1.19157370348618341e-01,0.00000000000000000e+00,5.67618493519168932e-01,5.67618493519168932e-01,0.00000000000000000e+00,1.16457341862834554e+02,1.16457341862834554e+02,0.00000000000000000e+00,1.53414859684987470e-01,1.53414859684987470e-01,0.00000000000000000e+00,5.18258312281538291e-01,5.18258312281538291e-01,0.00000000000000000e+00,5.95312139955989149e-04,5.95312139955989149e-04,0.00000000000000000e+00,4.22377751863067807e-03,4.22377751863067807e-03,0.00000000000000000e+00,3.96077057090769946e+00,3.96077057090769946e+00,7.82281547389394483e-01,7.82281547389394483e-01,5.45006200499997817e+00,0,0,0,ok,radius labels permuted; distribution exactly preserved
28,5028,256,8.39999999999999969e-01,shape_descent,shape_channel,voro_radical,voro_radical_rebuilt,1,1,1.22295451702871316e-01,1.22189735131143770e-01,-1.05716571727546005e-04,7.97986866734224781e-02,7.97986866734224781e-02,0.00000000000000000e+00,1.19157370348618341e-01,1.19016551513928398e-01,-1.40818834689943051e-04,5.67618493519168932e-01,5.67618493519168932e-01,0.00000000000000000e+00,1.16457341862834554e+02,1.16457341862834554e+02,0.00000000000000000e+00,1.53414859684987470e-01,1.53414859684987470e-01,0.00000000000000000e+00,5.18258312281538291e-01,5.18258312281538291e-01,0.00000000000000000e+00,5.95312139955989149e-04,6.03599922184979332e-04,8.28778222899018320e-06,4.22377751863067807e-03,4.22377751863067807e-03,0.00000000000000000e+00,3.96077057090769946e+00,3.96077057090769946e+00,7.82281547389394483e-01,7.82281547389394483e-01,5.57733592299999259e+00,0,1,0,ok,stochastic coordinate shape descent
29,5029,256,8.39999999999999969e-01,bounded_ricci_du010,sum_channel,voro_radical,voro_radical_fixed_topology,1,1,1.20660252803841281e-01,1.13708513601580061e-01,-6.95173920226122011e-03,7.04160651066384757e-02,4.89407323467534669e-02,-2.14753327598850088e-02,1.17411738186917719e-01,1.15822007725948917e-01,-1.58973046096880233e-03,5.05713899887621388e-01,3.48019824168953662e-01,-1.57694075718667726e-01,8.69442324498300252e+01,5.39833129347595815e+01,-3.29609195150704437e+01,1.38942413386841573e-01,1.03903393939220490e-01,-3.50390194476210837e-02,4.10249807534436683e-01,3.13335350673709379e-01,-9.69144568607273049e-02,7.66324851618130918e-04,1.84498483064501895e-01,1.83732158212883773e-01,6.08284052473595516e-03,1.16018813009812760e-01,1.09935972485076805e-01,3.96077057090769946e+00,3.65653964597040737e+00,8.23000811882444228e-01,8.86175841439071466e-01,2.26221792000004029e-01,1,1,1,ok,relative_bounded_ricci
29,5029,256,8.39999999999999969e-01,box_shear_aspect,shape_channel,voro_radical,voro_radical_rebuilt,1,1,1.20660252803841281e-01,1.20660175341088097e-01,-7.74627531840987871e-08,7.04160651066384757e-02,7.04160651066384619e-02,-1.38777878078144568e-17,1.17411738186917719e-01,1.17411633271711335e-01,-1.04915206383671133e-07,5.05713899887621388e-01,5.05713899887621388e-01,0.00000000000000000e+00,8.69442324498300252e+01,8.69442324498300252e+01,0.00000000000000000e+00,1.38942413386841573e-01,1.38942413386841573e-01,0.00000000000000000e+00,4.10249807534436683e-01,4.10249807534436683e-01,0.00000000000000000e+00,7.66324851618130918e-04,7.66262132302761713e-04,-6.27193153692048519e-08,6.08284052473595516e-03,6.07296101932175425e-03,-9.87950541420090644e-06,3.96077057090769946e+00,3.96077057090769946e+00,8.23000811882444228e-01,8.23000811882444228e-01,3.69459108500001321e+00,1,1,1,ok,aspect-only box strain; shear omitted for rectangular voro++ container
29,5029,256,8.39999999999999969e-01,compression_step,coupled,voro_radical,voro_radical_rebuilt,1,1,1.20660252803841281e-01,1.20660252803841225e-01,-5.55111512312578270e-17,7.04160651066384757e-02,7.04160651066385035e-02,2.77555756156289135e-17,1.17411738186917719e-01,1.17411738186917677e-01,-4.16333634234433703e-17,5.05713899887621388e-01,5.05713899887621388e-01,0.00000000000000000e+00,8.69442324498300252e+01,8.69442324498300252e+01,0.00000000000000000e+00,1.38942413386841573e-01,1.38942413386841573e-01,0.00000000000000000e+00,4.10249807534436683e-01,4.10249807534436683e-01,0.00000000000000000e+00,7.66324851618130918e-04,0.00000000000000000e+00,-7.66324851618130918e-04,6.08284052473595516e-03,0.00000000000000000e+00,-6.08284052473595516e-03,3.96077057090769946e+00,3.96077057090769946e+00,8.23000811882444228e-01,8.23000811882444228e-01,1.36775560499998505e+00,0,1,0,ok,local phi scan best endpoint
29,5029,256,8.39999999999999969e-01,free_ricci,sum_channel,voro_radical,voro_radical_fixed_topology,1,1,1.20660252803841281e-01,1.11604242693854452e-01,-9.05601010998682843e-03,7.04160651066384757e-02,7.96638933446713054e-12,-7.04160650986720843e-02,1.17411738186917719e-01,1.14697611475990530e-01,-2.71412671092718938e-03,5.05713899887621388e-01,5.35206724584163416e-11,-5.05713899834100755e-01,8.69442324498300252e+01,8.65176861161571949e-09,-8.69442324411782579e+01,1.38942413386841573e-01,2.48599402849779966e-10,-1.38942413138242182e-01,4.10249807534436683e-01,4.52173746410422442e-10,-4.10249807082262941e-01,7.66324851618130918e-04,3.78731686119849709e+00,3.78655053634687899e+00,6.08284052473595516e-03,4.71555019037440015e-01,4.65472178512704060e-01,3.96077057090769946e+00,4.21502492889468972e+00,8.23000811882444228e-01,9.32175114838224239e-01,1.67097550999997679e-01,1,1,1,ok,converged: max_abs_K < tol
29,5029,256,8.39999999999999969e-01,post_voro_surgery,topology,voro_radical,post_surgery_nonradical,1,1,1.20660252803841281e-01,1.34452847686835991e-01,1.37925948829947104e-02,7.04160651066384757e-02,6.12959234871109093e-02,-9.12014161952756641e-03,1.17411738186917719e-01,1.38455855899927455e-01,2.10441177130097357e-02,5.05713899887621388e-01,4.37213013370646941e-01,-6.85008865169744463e-02,8.69442324498300252e+01,6.69643825407654987e+01,-1.99798499090645265e+01,1.38942413386841573e-01,1.29424395819994931e-01,-9.51801756684664269e-03,4.10249807534436683e-01,3.11110963093859993e-01,-9.91388444405766900e-02,7.66324851618130918e-04,7.66324851618130918e-04,0.00000000000000000e+00,6.08284052473595516e-03,6.08284052473595516e-03,0.00000000000000000e+00,3.96077057090769946e+00,3.96077057090769946e+00,8.23000811882444228e-01,8.53719319352145400e-01,5.55005070590000003e+01,1,0,0,ok,light topology surgery; no longer radical
29,5029,256,8.39999999999999969e-01,radius_label_swap,sum_channel,voro_radical,voro_radical_rebuilt,1,1,1.20660252803841281e-01,1.20665062710881524e-01,4.80990704024297777e-06,7.04160651066384757e-02,7.04296688675721955e-02,1.36037609337197329e-05,1.17411738186917719e-01,1.17413508614402626e-01,1.77042748490674473e-06,5.05713899887621388e-01,5.05767820437040272e-01,5.39205494188843559e-05,8.69442324498300252e+01,8.69594862398418798e+01,1.52537900118545622e-02,1.38942413386841573e-01,1.38966871290856137e-01,2.44579040145631588e-05,4.10249807534436683e-01,4.10250648687636610e-01,8.41153199926392148e-07,7.66324851618130918e-04,7.62097075068564746e-04,-4.22777654956617201e-06,6.08284052473595516e-03,6.08284052473595516e-03,0.00000000000000000e+00,3.96077057090769946e+00,3.96077057090769946e+00,8.23000811882444228e-01,8.22961169730701325e-01,6.59623792700000422e+00,0,0,0,ok,radius labels permuted; distribution exactly preserved
29,5029,256,8.39999999999999969e-01,shape_descent,shape_channel,voro_radical,voro_radical_rebuilt,1,1,1.20660252803841281e-01,1.20677300811199331e-01,1.70480073580503433e-05,7.04160651066384757e-02,7.04160651066384896e-02,1.38777878078144568e-17,1.17411738186917719e-01,1.17411063813143687e-01,-6.74373774031677975e-07,5.05713899887621388e-01,5.05713899887621388e-01,0.00000000000000000e+00,8.69442324498300252e+01,8.69442324498300252e+01,0.00000000000000000e+00,1.38942413386841573e-01,1.38942413386841573e-01,0.00000000000000000e+00,4.10249807534436683e-01,4.10249807534436683e-01,0.00000000000000000e+00,7.66324851618130918e-04,7.75408062478259003e-04,9.08321086012808549e-06,6.08284052473595516e-03,6.08284052473595516e-03,0.00000000000000000e+00,3.96077057090769946e+00,3.96077057090769946e+00,8.23000811882444228e-01,8.23000811882444228e-01,5.56872132700000577e+00,0,1,0,ok,stochastic coordinate shape descent
30,5030,256,8.39999999999999969e-01,bounded_ricci_du010,sum_channel,voro_radical,voro_radical_fixed_topology,1,1,1.23484531617244084e-01,1.17968933863446132e-01,-5.51559775379795170e-03,7.48319971327133793e-02,5.73895073214301596e-02,-1.74424898112832197e-02,1.20502373391674869e-01,1.18843377548106935e-01,-1.65899584356793417e-03,5.43878758253938610e-01,4.18820419877866501e-01,-1.25058338376072109e-01,1.26416750627092611e+02,8.62413067011614487e+01,-4.01754439259311624e+01,1.53460542237273706e-01,1.24374734524662758e-01,-2.90858077126109477e-02,5.64065054146993372e-01,4.55178532819379089e-01,-1.08886521327614283e-01,4.07867746162156168e-04,1.18997787909989827e-01,1.18589920163827675e-01,3.48316327302189421e-03,1.00366157475750395e-01,9.68829942027285007e-02,3.96077057090769946e+00,3.90644851494919987e+00,7.98422386441331233e-01,8.56379849051408182e-01,8.24252699999874494e-02,1,1,1,ok,relative_bounded_ricci
30,5030,256,8.39999999999999969e-01,box_shear_aspect,shape_channel,voro_radical,voro_radical_rebuilt,1,1,1.23484531617244084e-01,1.23484531617244084e-01,0.00000000000000000e+00,7.48319971327133793e-02,7.48319971327133793e-02,0.00000000000000000e+00,1.20502373391674869e-01,1.20502373391674869e-01,0.00000000000000000e+00,5.43878758253938610e-01,5.43878758253938610e-01,0.00000000000000000e+00,1.26416750627092611e+02,1.26416750627092611e+02,0.00000000000000000e+00,1.53460542237273706e-01,1.53460542237273706e-01,0.00000000000000000e+00,5.64065054146993372e-01,5.64065054146993372e-01,0.00000000000000000e+00,4.07867746162156168e-04,4.07867746162156168e-04,0.00000000000000000e+00,3.48316327302189421e-03,3.48316327302189421e-03,0.00000000000000000e+00,3.96077057090769946e+00,3.96077057090769946e+00,7.98422386441331233e-01,7.98422386441331233e-01,2.91436896700000148e+00,0,0,0,ok,aspect-only box strain; shear omitted for rectangular voro++ container
30,5030,256,8.39999999999999969e-01,compression_step,coupled,voro_radical,voro_radical_rebuilt,1,1,1.23484531617244084e-01,1.23484531617244042e-01,-4.16333634234433703e-17,7.48319971327133793e-02,7.48319971327133793e-02,0.00000000000000000e+00,1.20502373391674869e-01,1.20502373391674814e-01,-5.55111512312578270e-17,5.43878758253938610e-01,5.43878758253938610e-01,0.00000000000000000e+00,1.26416750627092611e+02,1.26416750627092611e+02,0.00000000000000000e+00,1.53460542237273706e-01,1.53460542237273706e-01,0.00000000000000000e+00,5.64065054146993372e-01,5.64065054146993372e-01,0.00000000000000000e+00,4.07867746162156168e-04,0.00000000000000000e+00,-4.07867746162156168e-04,3.48316327302189421e-03,0.00000000000000000e+00,-3.48316327302189421e-03,3.96077057090769946e+00,3.96077057090769946e+00,7.98422386441331233e-01,7.98422386441331233e-01,1.63860136299999226e+00,0,1,0,ok,local phi scan best endpoint
30,5030,256,8.39999999999999969e-01,free_ricci,sum_channel,voro_radical,voro_radical_fixed_topology,1,1,1.23484531617244084e-01,1.12034327653217802e-01,-1.14502039640262815e-02,7.48319971327133793e-02,7.13222408133645553e-12,-7.48319971255811539e-02,1.20502373391674869e-01,1.15824642793077318e-01,-4.67773059859755147e-03,5.43878758253938610e-01,4.91184191207285025e-11,-5.43878758204820234e-01,1.26416750627092611e+02,8.38544767944347230e-09,-1.26416750618707169e+02,1.53460542237273706e-01,2.30431487648103233e-10,-1.53460542006842227e-01,5.64065054146993372e-01,4.62441406729952619e-10,-5.64065053684551954e-01,4.07867746162156168e-04,4.59163877148962829e+00,4.59123090374346621e+00,3.48316327302189421e-03,6.79264692626302180e-01,6.75781529353280286e-01,3.96077057090769946e+00,5.53420230111797462e+00,7.98422386441331233e-01,9.26006262796137514e-01,1.08996732999997903e-01,1,1,1,ok,converged: max_abs_K < tol
30,5030,256,8.39999999999999969e-01,post_voro_surgery,topology,voro_radical,post_surgery_nonradical,1,1,1.23484531617244084e-01,1.47368846305009210e-01,2.38843146877651263e-02,7.48319971327133793e-02,6.36830023894957020e-02,-1.11489947432176773e-02,1.20502373391674869e-01,1.53078022064159103e-01,3.25756486724842337e-02,5.43878758253938610e-01,4.65337185653004859e-01,-7.85415726009337511e-02,1.26416750627092611e+02,8.62962102040862646e+01,-4.01205404230063465e+01,1.53460542237273706e-01,1.36673375684394055e-01,-1.67871665528796510e-02,5.64065054146993372e-01,4.14142311552245068e-01,-1.49922742594748304e-01,4.07867746162156168e-04,4.07867746162156168e-04,0.00000000000000000e+00,3.48316327302189421e-03,3.48316327302189421e-03,0.00000000000000000e+00,3.96077057090769946e+00,3.96077057090769946e+00,7.98422386441331233e-01,8.33477268456695342e-01,5.26620586860000230e+01,1,0,0,ok,light topology surgery; no longer radical
30,5030,256,8.39999999999999969e-01,radius_label_swap,sum_channel,voro_radical,voro_radical_rebuilt,1,1,1.23484531617244084e-01,1.23484531617244084e-01,0.00000000000000000e+00,7.48319971327133793e-02,7.48319971327133793e-02,0.00000000000000000e+00,1.20502373391674869e-01,1.20502373391674869e-01,0.00000000000000000e+00,5.43878758253938610e-01,5.43878758253938610e-01,0.00000000000000000e+00,1.26416750627092611e+02,1.26416750627092611e+02,0.00000000000000000e+00,1.53460542237273706e-01,1.53460542237273706e-01,0.00000000000000000e+00,5.64065054146993372e-01,5.64065054146993372e-01,0.00000000000000000e+00,4.07867746162156168e-04,4.07867746162156168e-04,0.00000000000000000e+00,3.48316327302189421e-03,3.48316327302189421e-03,0.00000000000000000e+00,3.96077057090769946e+00,3.96077057090769946e+00,7.98422386441331233e-01,7.98422386441331233e-01,5.49997311599997829e+00,0,0,0,ok,radius labels permuted; distribution exactly preserved
30,5030,256,8.39999999999999969e-01,shape_descent,shape_channel,voro_radical,voro_radical_rebuilt,1,1,1.23484531617244084e-01,1.23454121315270157e-01,-3.04103019739265790e-05,7.48319971327133793e-02,7.48319971327133793e-02,0.00000000000000000e+00,1.20502373391674869e-01,1.20485912898604788e-01,-1.64604930700806840e-05,5.43878758253938610e-01,5.43878758253938610e-01,0.00000000000000000e+00,1.26416750627092611e+02,1.26416750627092611e+02,0.00000000000000000e+00,1.53460542237273706e-01,1.53460542237273706e-01,0.00000000000000000e+00,5.64065054146993372e-01,5.64065054146993372e-01,0.00000000000000000e+00,4.07867746162156168e-04,4.12181791945056370e-04,4.31404578290020286e-06,3.48316327302189421e-03,3.48316327302189421e-03,0.00000000000000000e+00,3.96077057090769946e+00,3.96077057090769946e+00,7.98422386441331233e-01,7.98422386441331233e-01,4.85009064100000842e+00,0,1,0,ok,stochastic coordinate shape descent
31,5031,256,8.39999999999999969e-01,bounded_ricci_du010,sum_channel,voro_radical,voro_radical_fixed_topology,1,1,1.25846241395208891e-01,1.22788387569427657e-01,-3.05785382578123432e-03,7.54278049361046671e-02,6.39161964649010567e-02,-1.15116084712036104e-02,1.28326681748103827e-01,1.27146966976812298e-01,-1.17971477129152902e-03,5.62548568049293762e-01,4.75919008123987075e-01,-8.66295599253066873e-02,1.63398008749330245e+02,1.23384193491791308e+02,-4.00138152575389370e+01,1.52655795594741100e-01,1.33081815889690508e-01,-1.95739797050505926e-02,7.11148620925752817e-01,6.06527679788784191e-01,-1.04620941136968626e-01,3.49274127764459931e-03,5.16982551411074159e-02,4.82055138634628136e-02,1.40367374118604005e-02,6.91565267862874755e-02,5.51197893744270750e-02,3.96077057090769946e+00,3.99887490621227570e+00,8.00529767785253088e-01,8.40908901662858588e-01,8.28068600000051447e-02,1,1,1,ok,relative_bounded_ricci
31,5031,256,8.39999999999999969e-01,box_shear_aspect,shape_channel,voro_radical,voro_radical_rebuilt,1,1,1.25846241395208891e-01,1.25848059277227975e-01,1.81788201908394953e-06,7.54278049361046671e-02,7.54278049361046948e-02,2.77555756156289135e-17,1.28326681748103827e-01,1.28329210754597717e-01,2.52900649388987375e-06,5.62548568049293762e-01,5.62548568049293762e-01,0.00000000000000000e+00,1.63398008749330245e+02,1.63398008749330245e+02,0.00000000000000000e+00,1.52655795594741100e-01,1.52655795594741100e-01,0.00000000000000000e+00,7.11148620925752817e-01,7.11148620925752817e-01,0.00000000000000000e+00,3.49274127764459931e-03,3.49167273998268442e-03,-1.06853766191489230e-06,1.40367374118604005e-02,1.41242469732314468e-02,8.75095613710463738e-05,3.96077057090769946e+00,3.96077057090769946e+00,8.00529767785253088e-01,8.00529767785253088e-01,2.73147437599999421e+00,0,0,0,ok,aspect-only box strain; shear omitted for rectangular voro++ container
31,5031,256,8.39999999999999969e-01,compression_step,coupled,voro_radical,voro_radical_rebuilt,1,1,1.25846241395208891e-01,1.25846241395208697e-01,-1.94289029309402395e-16,7.54278049361046671e-02,7.54278049361047226e-02,5.55111512312578270e-17,1.28326681748103827e-01,1.28326681748103827e-01,0.00000000000000000e+00,5.62548568049293762e-01,5.62548568049293762e-01,0.00000000000000000e+00,1.63398008749330245e+02,1.63398008749330245e+02,0.00000000000000000e+00,1.52655795594741100e-01,1.52655795594741100e-01,0.00000000000000000e+00,7.11148620925752817e-01,7.11148620925752817e-01,0.00000000000000000e+00,3.49274127764459931e-03,0.00000000000000000e+00,-3.49274127764459931e-03,1.40367374118604005e-02,0.00000000000000000e+00,-1.40367374118604005e-02,3.96077057090769946e+00,3.96077057090769946e+00,8.00529767785253088e-01,8.00529767785253088e-01,1.11073010399999816e+00,0,0,0,ok,local phi scan best endpoint
31,5031,256,8.39999999999999969e-01,free_ricci,sum_channel,voro_radical,voro_radical_fixed_topology,1,1,1.25846241395208891e-01,1.20522540053890639e-01,-5.32370134131825157e-03,7.54278049361046671e-02,6.28552200642667314e-12,-7.54278049298191394e-02,1.28326681748103827e-01,1.24124839331167178e-01,-4.20184241693664917e-03,5.62548568049293762e-01,4.41766832780379260e-11,-5.62548568005117100e-01,1.63398008749330245e+02,7.00482619193254111e-09,-1.63398008742325430e+02,1.52655795594741100e-01,1.96820228972450099e-10,-1.52655795397920874e-01,7.11148620925752817e-01,3.97348609617768255e-10,-7.11148620528404218e-01,3.49274127764459931e-03,3.77923593019362603e+00,3.77574318891598137e+00,1.40367374118604005e-02,4.29050678450786149e-01,4.15013941038925749e-01,3.96077057090769946e+00,4.71357932732580398e+00,8.00529767785253088e-01,9.36737668079879349e-01,1.08614928999998028e-01,1,1,1,ok,converged: max_abs_K < tol
31,5031,256,8.39999999999999969e-01,post_voro_surgery,topology,voro_radical,post_surgery_nonradical,1,1,1.25846241395208891e-01,1.55602063956250369e-01,2.97558225610414784e-02,7.54278049361046671e-02,6.19363163059764160e-02,-1.34914886301282511e-02,1.28326681748103827e-01,1.68878052050675270e-01,4.05513703025714434e-02,5.62548568049293762e-01,4.56271522990150336e-01,-1.06277045059143427e-01,1.63398008749330245e+02,6.66738052631921789e+01,-9.67242034861380660e+01,1.52655795594741100e-01,1.26394955701514600e-01,-2.62608398932265008e-02,7.11148620925752817e-01,3.22013070466418971e-01,-3.89135550459333845e-01,3.49274127764459931e-03,3.49274127764459931e-03,0.00000000000000000e+00,1.40367374118604005e-02,1.40367374118604005e-02,0.00000000000000000e+00,3.96077057090769946e+00,3.96077057090769946e+00,8.00529767785253088e-01,8.40322338757404363e-01,5.97662299739999980e+01,1,0,0,ok,light topology surgery; no longer radical
31,5031,256,8.39999999999999969e-01,radius_label_swap,sum_channel,voro_radical,voro_radical_rebuilt,1,1,1.25846241395208891e-01,1.25846241395208891e-01,0.00000000000000000e+00,7.54278049361046671e-02,7.54278049361046671e-02,0.00000000000000000e+00,1.28326681748103827e-01,1.28326681748103827e-01,0.00000000000000000e+00,5.62548568049293762e-01,5.62548568049293762e-01,0.00000000000000000e+00,1.63398008749330245e+02,1.63398008749330245e+02,0.00000000000000000e+00,1.52655795594741100e-01,1.52655795594741100e-01,0.00000000000000000e+00,7.11148620925752817e-01,7.11148620925752817e-01,0.00000000000000000e+00,3.49274127764459931e-03,3.49274127764459931e-03,0.00000000000000000e+00,1.40367374118604005e-02,1.40367374118604005e-02,0.00000000000000000e+00,3.96077057090769946e+00,3.96077057090769946e+00,8.00529767785253088e-01,8.00529767785253088e-01,6.00920944800000711e+00,0,0,0,ok,radius labels permuted; distribution exactly preserved
31,5031,256,8.39999999999999969e-01,shape_descent,shape_channel,voro_radical,voro_radical_rebuilt,1,1,1.25846241395208891e-01,1.25881379323675185e-01,3.51379284662944880e-05,7.54278049361046671e-02,7.54278049361046671e-02,0.00000000000000000e+00,1.28326681748103827e-01,1.28392652564063292e-01,6.59708159594651899e-05,5.62548568049293762e-01,5.62548568049293762e-01,0.00000000000000000e+00,1.63398008749330245e+02,1.63398008749330245e+02,0.00000000000000000e+00,1.52655795594741100e-01,1.52655795594741100e-01,0.00000000000000000e+00,7.11148620925752817e-01,7.11148620925752817e-01,0.00000000000000000e+00,3.49274127764459931e-03,3.54017276773339667e-03,4.74314900887973581e-05,1.40367374118604005e-02,1.40367374118604005e-02,0.00000000000000000e+00,3.96077057090769946e+00,3.96077057090769946e+00,8.00529767785253088e-01,8.00529767785253088e-01,4.02518704500000979e+00,0,0,0,ok,stochastic coordinate shape descent
32,5032,256,8.39999999999999969e-01,bounded_ricci_du010,sum_channel,voro_radical,voro_radical_fixed_topology,1,1,1.19891860685305496e-01,1.15693391500141685e-01,-4.19846918516381118e-03,6.88996713964493690e-02,5.08124645046007517e-02,-1.80872068918486173e-02,1.20998376562288484e-01,1.19480672643863223e-01,-1.51770391842526164e-03,5.17217496128631105e-01,3.79686853690949566e-01,-1.37530642437681538e-01,1.28951903924380474e+02,8.88270380835430586e+01,-4.01248658408374155e+01,1.43009680365030367e-01,1.12634665962131245e-01,-3.03750144028991226e-02,6.04302124269378349e-01,5.00967990098596383e-01,-1.03334134170781966e-01,3.46370983319806960e-04,1.57400301024546330e-01,1.57053930041226530e-01,3.93994070335379476e-03,1.34610774778888054e-01,1.30670834075534259e-01,3.96077057090769946e+00,3.95917496916649014e+00,7.97028783796263962e-01,8.55930323397710024e-01,1.28197296999985610e-01,1,1,1,ok,relative_bounded_ricci
32,5032,256,8.39999999999999969e-01,box_shear_aspect,shape_channel,voro_radical,voro_radical_rebuilt,1,1,1.19891860685305496e-01,1.19891276140043038e-01,-5.84545262458102677e-07,6.88996713964493690e-02,6.88996713964493412e-02,-2.77555756156289135e-17,1.20998376562288484e-01,1.21000306718634959e-01,1.93015634647464296e-06,5.17217496128631105e-01,5.17217496128631105e-01,0.00000000000000000e+00,1.28951903924380474e+02,1.28951903924380474e+02,0.00000000000000000e+00,1.43009680365030367e-01,1.43009680365030367e-01,0.00000000000000000e+00,6.04302124269378349e-01,6.04302124269378349e-01,0.00000000000000000e+00,3.46370983319806960e-04,3.46130554010619493e-04,-2.40429309187467632e-07,3.93994070335379476e-03,4.05826541772036364e-03,1.18324714366568884e-04,3.96077057090769946e+00,3.96077057090769946e+00,7.97028783796263962e-01,7.97028783796263962e-01,3.74971988999999439e+00,1,0,0,ok,aspect-only box strain; shear omitted for rectangular voro++ container
32,5032,256,8.39999999999999969e-01,compression_step,coupled,voro_radical,voro_radical_rebuilt,1,1,1.19891860685305496e-01,1.19891860685305385e-01,-1.11022302462515654e-16,6.88996713964493690e-02,6.88996713964493412e-02,-2.77555756156289135e-17,1.20998376562288484e-01,1.20998376562288498e-01,1.38777878078144568e-17,5.17217496128631105e-01,5.17217496128631105e-01,0.00000000000000000e+00,1.28951903924380474e+02,1.28951903924380474e+02,0.00000000000000000e+00,1.43009680365030367e-01,1.43009680365030367e-01,0.00000000000000000e+00,6.04302124269378349e-01,6.04302124269378349e-01,0.00000000000000000e+00,3.46370983319806960e-04,0.00000000000000000e+00,-3.46370983319806960e-04,3.93994070335379476e-03,0.00000000000000000e+00,-3.93994070335379476e-03,3.96077057090769946e+00,3.96077057090769946e+00,7.97028783796263962e-01,7.97028783796263962e-01,1.43750491500000521e+00,1,0,0,ok,local phi scan best endpoint
32,5032,256,8.39999999999999969e-01,free_ricci,sum_channel,voro_radical,voro_radical_fixed_topology,1,1,1.19891860685305496e-01,1.15487015203160751e-01,-4.40484548214474525e-03,6.88996713964493690e-02,4.50362289348596864e-12,-6.88996713919457493e-02,1.20998376562288484e-01,1.17450348503780555e-01,-3.54802805850792935e-03,5.17217496128631105e-01,3.17103375812710418e-11,-5.17217496096920804e-01,1.28951903924380474e+02,5.43489380822984946e-09,-1.28951903918945590e+02,1.43009680365030367e-01,1.48498869075771467e-10,-1.43009680216531487e-01,6.04302124269378349e-01,2.91477504027313160e-10,-6.04302123977900840e-01,3.46370983319806960e-04,4.57655909967964369e+00,4.57621272869632367e+00,3.93994070335379476e-03,5.75715394544462189e-01,5.71775453841108394e-01,3.96077057090769946e+00,4.49194745851051103e+00,7.97028783796263962e-01,9.01270804859379160e-01,1.47265072999999802e-01,1,1,1,ok,converged: max_abs_K < tol
32,5032,256,8.39999999999999969e-01,post_voro_surgery,topology,voro_radical,post_surgery_nonradical,1,1,1.19891860685305496e-01,1.48115894919877117e-01,2.82240342345716211e-02,6.88996713964493690e-02,6.24497577158231801e-02,-6.44991368062618892e-03,1.20998376562288484e-01,1.56417034760576779e-01,3.54186581982882942e-02,5.17217496128631105e-01,4.68481535759275536e-01,-4.87359603693555687e-02,1.28951903924380474e+02,7.44939682571325505e+01,-5.44579356672479236e+01,1.43009680365030367e-01,1.34894399001849630e-01,-8.11528136318073745e-03,6.04302124269378349e-01,3.43073495287678387e-01,-2.61228628981699962e-01,3.46370983319806960e-04,3.46370983319806960e-04,0.00000000000000000e+00,3.93994070335379476e-03,3.93994070335379476e-03,0.00000000000000000e+00,3.96077057090769946e+00,3.96077057090769946e+00,7.97028783796263962e-01,8.22679078775712891e-01,5.77575451109999847e+01,1,0,0,ok,light topology surgery; no longer radical
32,5032,256,8.39999999999999969e-01,radius_label_swap,sum_channel,voro_radical,voro_radical_rebuilt,1,1,1.19891860685305496e-01,1.19891860685305496e-01,0.00000000000000000e+00,6.88996713964493690e-02,6.88996713964493690e-02,0.00000000000000000e+00,1.20998376562288484e-01,1.20998376562288484e-01,0.00000000000000000e+00,5.17217496128631105e-01,5.17217496128631105e-01,0.00000000000000000e+00,1.28951903924380474e+02,1.28951903924380474e+02,0.00000000000000000e+00,1.43009680365030367e-01,1.43009680365030367e-01,0.00000000000000000e+00,6.04302124269378349e-01,6.04302124269378349e-01,0.00000000000000000e+00,3.46370983319806960e-04,3.46370983319806960e-04,0.00000000000000000e+00,3.93994070335379476e-03,3.93994070335379476e-03,0.00000000000000000e+00,3.96077057090769946e+00,3.96077057090769946e+00,7.97028783796263962e-01,7.97028783796263962e-01,6.90214487300002588e+00,0,0,0,ok,radius labels permuted; distribution exactly preserved
32,5032,256,8.39999999999999969e-01,shape_descent,shape_channel,voro_radical,voro_radical_rebuilt,1,1,1.19891860685305496e-01,1.19855144880897546e-01,-3.67158044079496371e-05,6.88996713964493690e-02,6.88996713964493690e-02,0.00000000000000000e+00,1.20998376562288484e-01,1.20973844657610533e-01,-2.45319046779518546e-05,5.17217496128631105e-01,5.17217496128631105e-01,0.00000000000000000e+00,1.28951903924380474e+02,1.28951903924380474e+02,0.00000000000000000e+00,1.43009680365030367e-01,1.43009680365030367e-01,0.00000000000000000e+00,6.04302124269378349e-01,6.04302124269378349e-01,0.00000000000000000e+00,3.46370983319806960e-04,3.56162318718693076e-04,9.79133539888611551e-06,3.93994070335379476e-03,3.93994070335379476e-03,0.00000000000000000e+00,3.96077057090769946e+00,3.96077057090769946e+00,7.97028783796263962e-01,7.97028783796263962e-01,5.16034430799999200e+00,0,1,0,ok,stochastic coordinate shape descent
33,5033,256,8.39999999999999969e-01,bounded_ricci_du010,sum_channel,voro_radical,voro_radical_fixed_topology,1,1,1.18978219069325222e-01,1.12894437819621038e-01,-6.08378124970418432e-03,7.33711255796591494e-02,5.40495746893732421e-02,-1.93215508902859073e-02,1.14810916109105807e-01,1.13461975282421065e-01,-1.34894082668474136e-03,5.33201422393435487e-01,3.93984862690854698e-01,-1.39216559702580789e-01,9.92329317462201175e+01,6.79233549033115764e+01,-3.13095768429085410e+01,1.45281739519936837e-01,1.13967490303124405e-01,-3.13142492168124315e-02,4.57800379138590396e-01,3.78579570972886192e-01,-7.92208081657042040e-02,4.05012476313680247e-05,9.13549699994637698e-02,9.13144687518323978e-02,1.30456822173208309e-03,1.02970587582305706e-01,1.01666019360573623e-01,3.96077057090769946e+00,4.10948470681836575e+00,8.04688444856516027e-01,8.64757647848966360e-01,1.54839619999989964e-01,1,1,1,ok,relative_bounded_ricci
33,5033,256,8.39999999999999969e-01,box_shear_aspect,shape_channel,voro_radical,voro_radical_rebuilt,1,1,1.18978219069325222e-01,1.18978219069325222e-01,0.00000000000000000e+00,7.33711255796591494e-02,7.33711255796591494e-02,0.00000000000000000e+00,1.14810916109105807e-01,1.14810916109105807e-01,0.00000000000000000e+00,5.33201422393435487e-01,5.33201422393435487e-01,0.00000000000000000e+00,9.92329317462201175e+01,9.92329317462201175e+01,0.00000000000000000e+00,1.45281739519936837e-01,1.45281739519936837e-01,0.00000000000000000e+00,4.57800379138590396e-01,4.57800379138590396e-01,0.00000000000000000e+00,4.05012476313680247e-05,4.05012476313680247e-05,0.00000000000000000e+00,1.30456822173208309e-03,1.30456822173208309e-03,0.00000000000000000e+00,3.96077057090769946e+00,3.96077057090769946e+00,8.04688444856516027e-01,8.04688444856516027e-01,3.90778055600000584e+00,0,0,0,ok,aspect-only box strain; shear omitted for rectangular voro++ container
33,5033,256,8.39999999999999969e-01,compression_step,coupled,voro_radical,voro_radical_rebuilt,1,1,1.18978219069325222e-01,1.18978219069325195e-01,-2.77555756156289135e-17,7.33711255796591494e-02,7.33711255796591494e-02,0.00000000000000000e+00,1.14810916109105807e-01,1.14810916109105737e-01,-6.93889390390722838e-17,5.33201422393435487e-01,5.33201422393435487e-01,0.00000000000000000e+00,9.92329317462201175e+01,9.92329317462201175e+01,0.00000000000000000e+00,1.45281739519936837e-01,1.45281739519936837e-01,0.00000000000000000e+00,4.57800379138590396e-01,4.57800379138590396e-01,0.00000000000000000e+00,4.05012476313680247e-05,0.00000000000000000e+00,-4.05012476313680247e-05,1.30456822173208309e-03,0.00000000000000000e+00,-1.30456822173208309e-03,3.96077057090769946e+00,3.96077057090769946e+00,8.04688444856516027e-01,8.04688444856516027e-01,1.46085199800000964e+00,0,1,0,ok,local phi scan best endpoint
33,5033,256,8.39999999999999969e-01,free_ricci,sum_channel,voro_radical,voro_radical_fixed_topology,1,1,1.18978219069325222e-01,1.09885101857896419e-01,-9.09311721142880280e-03,7.33711255796591494e-02,6.96118973338662064e-12,-7.33711255726979539e-02,1.14810916109105807e-01,1.12477778923909089e-01,-2.33313718519671809e-03,5.33201422393435487e-01,4.96004687677149932e-11,-5.33201422343835052e-01,9.92329317462201175e+01,8.09355588226650690e-09,-9.92329317381265668e+01,1.45281739519936837e-01,2.30124097958212131e-10,-1.45281739289812750e-01,4.57800379138590396e-01,4.52395894552216760e-10,-4.57800378686194498e-01,4.05012476313680247e-05,3.59449900012883727e+00,3.59445849888120605e+00,1.30456822173208309e-03,6.05927007179564603e-01,6.04622438957832520e-01,3.96077057090769946e+00,5.36390029151448555e+00,8.04688444856516027e-01,9.27785961120663472e-01,2.90932822999991458e-01,1,1,1,ok,converged: max_abs_K < tol
33,5033,256,8.39999999999999969e-01,post_voro_surgery,topology,voro_radical,post_surgery_nonradical,1,1,1.18978219069325222e-01,1.23772542229258750e-01,4.79432315993352787e-03,7.33711255796591494e-02,6.06674861996458412e-02,-1.27036393800133082e-02,1.14810916109105807e-01,1.27854497379434329e-01,1.30435812703285220e-02,5.33201422393435487e-01,4.31635960689260689e-01,-1.01565461704174798e-01,9.92329317462201175e+01,7.14447797454729994e+01,-2.77881520007471181e+01,1.45281739519936837e-01,1.20739213244137056e-01,-2.45425262757997809e-02,4.57800379138590396e-01,3.78553270027960131e-01,-7.92471091106302650e-02,4.05012476313680247e-05,4.05012476313680247e-05,0.00000000000000000e+00,1.30456822173208309e-03,1.30456822173208309e-03,0.00000000000000000e+00,3.96077057090769946e+00,3.96077057090769946e+00,8.04688444856516027e-01,8.41583860978408982e-01,6.02248711139999955e+01,1,0,0,ok,light topology surgery; no longer radical
33,5033,256,8.39999999999999969e-01,radius_label_swap,sum_channel,voro_radical,voro_radical_rebuilt,1,1,1.18978219069325222e-01,1.18969190074448131e-01,-9.02899487709163395e-06,7.33711255796591494e-02,7.33668473246062297e-02,-4.27825505291967723e-06,1.14810916109105807e-01,1.14813116714571395e-01,2.20060546558820125e-06,5.33201422393435487e-01,5.33104580684707452e-01,-9.68417087280348809e-05,9.92329317462201175e+01,9.92286400007251927e+01,-4.29174549492472579e-03,1.45281739519936837e-01,1.45271767931893975e-01,-9.97158804286191192e-06,4.57800379138590396e-01,4.57810071268313135e-01,9.69212972273814088e-06,4.05012476313680247e-05,4.05010261597846494e-05,-2.21471583375387488e-10,1.30456822173208309e-03,1.30456822173208309e-03,0.00000000000000000e+00,3.96077057090769946e+00,3.96077057090769946e+00,8.04688444856516027e-01,8.04688444856516027e-01,6.65302444200000309e+00,1,0,0,ok,radius labels permuted; distribution exactly preserved
33,5033,256,8.39999999999999969e-01,shape_descent,shape_channel,voro_radical,voro_radical_rebuilt,1,1,1.18978219069325222e-01,1.18924603196869497e-01,-5.36158724557256328e-05,7.33711255796591494e-02,7.33711255796591494e-02,0.00000000000000000e+00,1.14810916109105807e-01,1.14807680599896489e-01,-3.23550920931781061e-06,5.33201422393435487e-01,5.33201422393435487e-01,0.00000000000000000e+00,9.92329317462201175e+01,9.92329317462201175e+01,0.00000000000000000e+00,1.45281739519936837e-01,1.45281739519936837e-01,0.00000000000000000e+00,4.57800379138590396e-01,4.57800379138590396e-01,0.00000000000000000e+00,4.05012476313680247e-05,4.08134687471940316e-05,3.12221115826006831e-07,1.30456822173208309e-03,1.30456822173208309e-03,0.00000000000000000e+00,3.96077057090769946e+00,3.96077057090769946e+00,8.04688444856516027e-01,8.04688444856516027e-01,5.33000401900000043e+00,0,1,0,ok,stochastic coordinate shape descent
34,5034,256,8.39999999999999969e-01,bounded_ricci_du010,sum_channel,voro_radical,voro_radical_fixed_topology,1,1,1.24156308249403893e-01,1.19604649724169385e-01,-4.55165852523450876e-03,7.18560030054811588e-02,5.28166311152715312e-02,-1.90393718902096276e-02,1.24687870956384256e-01,1.22972072033390487e-01,-1.71579892299376924e-03,5.22869015096762646e-01,3.82732955009984832e-01,-1.40136060086777814e-01,1.09882074108591752e+02,7.51238804213810738e+01,-3.47581936872106780e+01,1.51003662428716212e-01,1.19335956828652404e-01,-3.16677056000638085e-02,4.93380195307348279e-01,4.06064414525479311e-01,-8.73157807818689680e-02,1.97835691513995613e-03,1.73034209171099518e-01,1.71055852255959567e-01,7.23395722642417027e-03,1.07613886185001562e-01,1.00379928958577391e-01,3.96077057090769946e+00,4.13824250242335889e+00,8.14197038612699764e-01,8.74086789609856640e-01,1.65113692999995010e-01,1,1,1,ok,relative_bounded_ricci
34,5034,256,8.39999999999999969e-01,box_shear_aspect,shape_channel,voro_radical,voro_radical_rebuilt,1,1,1.24156308249403893e-01,1.24156308249403893e-01,0.00000000000000000e+00,7.18560030054811588e-02,7.18560030054811588e-02,0.00000000000000000e+00,1.24687870956384256e-01,1.24687870956384256e-01,0.00000000000000000e+00,5.22869015096762646e-01,5.22869015096762646e-01,0.00000000000000000e+00,1.09882074108591752e+02,1.09882074108591752e+02,0.00000000000000000e+00,1.51003662428716212e-01,1.51003662428716212e-01,0.00000000000000000e+00,4.93380195307348279e-01,4.93380195307348279e-01,0.00000000000000000e+00,1.97835691513995613e-03,1.97835691513995613e-03,0.00000000000000000e+00,7.23395722642417027e-03,7.23395722642417027e-03,0.00000000000000000e+00,3.96077057090769946e+00,3.96077057090769946e+00,8.14197038612699764e-01,8.14197038612699764e-01,3.64577448199997889e+00,0,0,0,ok,aspect-only box strain; shear omitted for rectangular voro++ container
34,5034,256,8.39999999999999969e-01,compression_step,coupled,voro_radical,voro_radical_rebuilt,1,1,1.24156308249403893e-01,1.24564384056841324e-01,4.08075807437430216e-04,7.18560030054811588e-02,7.04987603757283726e-02,-1.35724262975278620e-03,1.24687870956384256e-01,1.25409671925151900e-01,7.21800968767644102e-04,5.22869015096762646e-01,5.09971738211470238e-01,-1.28972768852924080e-02,1.09882074108591752e+02,1.07297788384870955e+02,-2.58428572372079657e+00,1.51003662428716212e-01,1.46675854080034612e-01,-4.32780834868159991e-03,4.93380195307348279e-01,4.94633983581551528e-01,1.25378827420324912e-03,1.97835691513995613e-03,0.00000000000000000e+00,-1.97835691513995613e-03,7.23395722642417027e-03,0.00000000000000000e+00,-7.23395722642417027e-03,3.96077057090769946e+00,3.96077057090769946e+00,8.14197038612699764e-01,8.16560221154361665e-01,1.53088451200000009e+00,1,0,0,ok,local phi scan best endpoint
34,5034,256,8.39999999999999969e-01,free_ricci,sum_channel,voro_radical,voro_radical_fixed_topology,1,1,1.24156308249403893e-01,1.17577833274373142e-01,-6.57847497503075140e-03,7.18560030054811588e-02,7.59449333089122857e-12,-7.18560029978866643e-02,1.24687870956384256e-01,1.20492829779730540e-01,-4.19504117665371601e-03,5.22869015096762646e-01,5.06706730732211929e-11,-5.22869015046091956e-01,1.09882074108591752e+02,8.79024534853755717e-09,-1.09882074099801500e+02,1.51003662428716212e-01,2.39450631239109164e-10,-1.51003662189265586e-01,4.93380195307348279e-01,4.48062045667955905e-10,-4.93380194859286247e-01,1.97835691513995613e-03,5.20180109734634222e+00,5.19982274043120185e+00,7.23395722642417027e-03,5.27874451106350673e-01,5.20640493879926503e-01,3.96077057090769946e+00,5.23611769646713388e+00,8.14197038612699764e-01,9.25251966545577287e-01,1.42240085999986832e-01,1,1,1,ok,converged: max_abs_K < tol
34,5034,256,8.39999999999999969e-01,post_voro_surgery,topology,voro_radical,post_surgery_nonradical,1,1,1.24156308249403893e-01,1.43711396737589064e-01,1.95550884881851711e-02,7.18560030054811588e-02,6.32792287986292806e-02,-8.57677420685187819e-03,1.24687870956384256e-01,1.52417897150132847e-01,2.77300261937485915e-02,5.22869015096762646e-01,4.51133534530674951e-01,-7.17354805660876949e-02,1.09882074108591752e+02,7.30038853720299130e+01,-3.68781887365618388e+01,1.51003662428716212e-01,1.35480907906625758e-01,-1.55227545220904539e-02,4.93380195307348279e-01,3.28708932926761510e-01,-1.64671262380586769e-01,1.97835691513995613e-03,1.97835691513995613e-03,0.00000000000000000e+00,7.23395722642417027e-03,7.23395722642417027e-03,0.00000000000000000e+00,3.96077057090769946e+00,3.96077057090769946e+00,8.14197038612699764e-01,8.53272042825131471e-01,6.30155683029999807e+01,1,0,0,ok,light topology surgery; no longer radical
34,5034,256,8.39999999999999969e-01,radius_label_swap,sum_channel,voro_radical,voro_radical_rebuilt,1,1,1.24156308249403893e-01,1.24156308249403893e-01,0.00000000000000000e+00,7.18560030054811588e-02,7.18560030054811588e-02,0.00000000000000000e+00,1.24687870956384256e-01,1.24687870956384256e-01,0.00000000000000000e+00,5.22869015096762646e-01,5.22869015096762646e-01,0.00000000000000000e+00,1.09882074108591752e+02,1.09882074108591752e+02,0.00000000000000000e+00,1.51003662428716212e-01,1.51003662428716212e-01,0.00000000000000000e+00,4.93380195307348279e-01,4.93380195307348279e-01,0.00000000000000000e+00,1.97835691513995613e-03,1.97835691513995613e-03,0.00000000000000000e+00,7.23395722642417027e-03,7.23395722642417027e-03,0.00000000000000000e+00,3.96077057090769946e+00,3.96077057090769946e+00,8.14197038612699764e-01,8.14197038612699764e-01,6.31192468700001541e+00,0,0,0,ok,radius labels permuted; distribution exactly preserved
34,5034,256,8.39999999999999969e-01,shape_descent,shape_channel,voro_radical,voro_radical_rebuilt,1,1,1.24156308249403893e-01,1.24164145466691522e-01,7.83721728762898362e-06,7.18560030054811588e-02,7.18560030054811588e-02,0.00000000000000000e+00,1.24687870956384256e-01,1.24669909413039279e-01,-1.79615433449770157e-05,5.22869015096762646e-01,5.22869015096762646e-01,0.00000000000000000e+00,1.09882074108591752e+02,1.09882074108591752e+02,0.00000000000000000e+00,1.51003662428716212e-01,1.51003662428716212e-01,0.00000000000000000e+00,4.93380195307348279e-01,4.93380195307348279e-01,0.00000000000000000e+00,1.97835691513995613e-03,2.04574024893999437e-03,6.73833338000382441e-05,7.23395722642417027e-03,7.23395722642417027e-03,0.00000000000000000e+00,3.96077057090769946e+00,3.96077057090769946e+00,8.14197038612699764e-01,8.14197038612699764e-01,5.28247228699999027e+00,0,1,0,ok,stochastic coordinate shape descent
35,5035,256,8.39999999999999969e-01,bounded_ricci_du010,sum_channel,voro_radical,voro_radical_fixed_topology,1,1,1.18049908665686556e-01,1.13452875546440790e-01,-4.59703311924576641e-03,7.43156449248100759e-02,5.73509876341526045e-02,-1.69646572906574714e-02,1.16340037723647580e-01,1.15004466500156721e-01,-1.33557122349085844e-03,5.48819992579095084e-01,4.22805048709529674e-01,-1.26014943869565410e-01,1.12160836216377589e+02,7.88342130340657121e+01,-3.33266231823118773e+01,1.50206975958906364e-01,1.22373772490498328e-01,-2.78332034684080354e-02,5.07937032966902402e-01,4.19276126352564782e-01,-8.86609066143376201e-02,1.05094613721263565e-03,8.46340311937980178e-02,8.35830850565853767e-02,4.76756418546786520e-03,9.44277950779381925e-02,8.96602308924703273e-02,3.96077057090769946e+00,3.92724642621966780e+00,8.05388462340307587e-01,8.58485157784302122e-01,1.10532511000002387e-01,1,1,1,ok,relative_bounded_ricci
35,5035,256,8.39999999999999969e-01,box_shear_aspect,shape_channel,voro_radical,voro_radical_rebuilt,1,1,1.18049908665686556e-01,1.18046568235765037e-01,-3.34042992151950546e-06,7.43156449248100759e-02,7.43156449248100759e-02,0.00000000000000000e+00,1.16340037723647580e-01,1.16337837736304434e-01,-2.19998734314608146e-06,5.48819992579095084e-01,5.48819992579095084e-01,0.00000000000000000e+00,1.12160836216377589e+02,1.12160836216377589e+02,0.00000000000000000e+00,1.50206975958906364e-01,1.50206975958906364e-01,0.00000000000000000e+00,5.07937032966902402e-01,5.07937032966902402e-01,0.00000000000000000e+00,1.05094613721263565e-03,1.04627108247468213e-03,-4.67505473795352781e-06,4.76756418546786520e-03,4.87569881541238814e-03,1.08134629944522942e-04,3.96077057090769946e+00,3.96077057090769946e+00,8.05388462340307587e-01,8.05388462340307587e-01,3.06124076800000466e+00,0,1,0,ok,aspect-only box strain; shear omitted for rectangular voro++ container
35,5035,256,8.39999999999999969e-01,compression_step,coupled,voro_radical,voro_radical_rebuilt,1,1,1.18049908665686556e-01,1.18187559493203073e-01,1.37650827516516694e-04,7.43156449248100759e-02,7.43999510761183536e-02,8.43061513082776770e-05,1.16340037723647580e-01,1.15880975236214795e-01,-4.59062487432784772e-04,5.48819992579095084e-01,5.50586479197646139e-01,1.76648661855105527e-03,1.12160836216377589e+02,1.12235141990866339e+02,7.43057744887494209e-02,1.50206975958906364e-01,1.50143491272744012e-01,-6.34846861623517000e-05,5.07937032966902402e-01,5.08528859099149799e-01,5.91826132247397219e-04,1.05094613721263565e-03,0.00000000000000000e+00,-1.05094613721263565e-03,4.76756418546786520e-03,0.00000000000000000e+00,-4.76756418546786520e-03,3.96077057090769946e+00,3.96077057090769946e+00,8.05388462340307587e-01,8.05065092086460377e-01,1.48873018599999796e+00,0,1,0,ok,local phi scan best endpoint
35,5035,256,8.39999999999999969e-01,free_ricci,sum_channel,voro_radical,voro_radical_fixed_topology,1,1,1.18049908665686556e-01,1.09872879910985377e-01,-8.17702875470117940e-03,7.43156449248100759e-02,6.82843451645913319e-12,-7.43156449179816353e-02,1.16340037723647580e-01,1.11867860758822338e-01,-4.47217696482524185e-03,5.48819992579095084e-01,4.59905668241061612e-11,-5.48819992533104539e-01,1.12160836216377589e+02,7.43248017108224475e-09,-1.12160836208945113e+02,1.50206975958906364e-01,2.12696933692125729e-10,-1.50206975746209420e-01,5.07937032966902402e-01,4.22243533380962346e-10,-5.07937032544658829e-01,1.05094613721263565e-03,4.26994752748879058e+00,4.26889658135157823e+00,4.76756418546786520e-03,5.92953124422874733e-01,5.88185560237406868e-01,3.96077057090769946e+00,5.30153822527136409e+00,8.05388462340307587e-01,9.05121023571464733e-01,1.13556482000007009e-01,1,1,1,ok,converged: max_abs_K < tol
35,5035,256,8.39999999999999969e-01,post_voro_surgery,topology,voro_radical,post_surgery_nonradical,1,1,1.18049908665686556e-01,1.32801258458458610e-01,1.47513497927720533e-02,7.43156449248100759e-02,6.23098786821029288e-02,-1.20057662427071471e-02,1.16340037723647580e-01,1.38574815749699737e-01,2.22347780260521571e-02,5.48819992579095084e-01,4.49045083954980107e-01,-9.97749086241149774e-02,1.12160836216377589e+02,7.13650277678948157e+01,-4.07958084484827737e+01,1.50206975958906364e-01,1.28687302555365257e-01,-2.15196734035411064e-02,5.07937032966902402e-01,3.47469608062438762e-01,-1.60467424904463640e-01,1.05094613721263565e-03,1.05094613721263565e-03,0.00000000000000000e+00,4.76756418546786520e-03,4.76756418546786520e-03,0.00000000000000000e+00,3.96077057090769946e+00,3.96077057090769946e+00,8.05388462340307587e-01,8.55468441040410199e-01,5.12239956280000115e+01,1,0,0,ok,light topology surgery; no longer radical
35,5035,256,8.39999999999999969e-01,radius_label_swap,sum_channel,voro_radical,voro_radical_rebuilt,1,1,1.18049908665686556e-01,1.18049908665686556e-01,0.00000000000000000e+00,7.43156449248100759e-02,7.43156449248100759e-02,0.00000000000000000e+00,1.16340037723647580e-01,1.16340037723647580e-01,0.00000000000000000e+00,5.48819992579095084e-01,5.48819992579095084e-01,0.00000000000000000e+00,1.12160836216377589e+02,1.12160836216377589e+02,0.00000000000000000e+00,1.50206975958906364e-01,1.50206975958906364e-01,0.00000000000000000e+00,5.07937032966902402e-01,5.07937032966902402e-01,0.00000000000000000e+00,1.05094613721263565e-03,1.05094613721263565e-03,0.00000000000000000e+00,4.76756418546786520e-03,4.76756418546786520e-03,0.00000000000000000e+00,3.96077057090769946e+00,3.96077057090769946e+00,8.05388462340307587e-01,8.05388462340307587e-01,6.42324473700000453e+00,0,0,0,ok,radius labels permuted; distribution exactly preserved
35,5035,256,8.39999999999999969e-01,shape_descent,shape_channel,voro_radical,voro_radical_rebuilt,1,1,1.18049908665686556e-01,1.18043464870863299e-01,-6.44379482325763142e-06,7.43156449248100759e-02,7.43156449248100759e-02,0.00000000000000000e+00,1.16340037723647580e-01,1.16371284559439070e-01,3.12468357914902350e-05,5.48819992579095084e-01,5.48819992579095084e-01,0.00000000000000000e+00,1.12160836216377589e+02,1.12160836216377589e+02,0.00000000000000000e+00,1.50206975958906364e-01,1.50206975958906364e-01,0.00000000000000000e+00,5.07937032966902402e-01,5.07937032966902402e-01,0.00000000000000000e+00,1.05094613721263565e-03,1.06010673888048512e-03,9.16060166784946756e-06,4.76756418546786520e-03,4.76756418546786520e-03,0.00000000000000000e+00,3.96077057090769946e+00,3.96077057090769946e+00,8.05388462340307587e-01,8.05388462340307587e-01,3.87616892799999846e+00,0,0,0,ok,stochastic coordinate shape descent
36,5036,256,8.39999999999999969e-01,bounded_ricci_du010,sum_channel,voro_radical,voro_radical_fixed_topology,1,1,1.17712682321102213e-01,1.12101258441780580e-01,-5.61142387932163367e-03,7.55927975672133351e-02,5.81237787564802544e-02,-1.74690188107330807e-02,1.14231851174366114e-01,1.12667312224227073e-01,-1.56453895013904110e-03,5.55178005476888003e-01,4.27247471185616734e-01,-1.27930534291271270e-01,2.01761128988535205e+02,1.57619793685262835e+02,-4.41413353032723705e+01,1.51407635443307098e-01,1.23345921993154667e-01,-2.80617134501524312e-02,8.37201865024545189e-01,7.52274108280346021e-01,-8.49277567441991676e-02,7.67138765708983306e-04,9.94734838903890140e-02,9.87063451246800311e-02,5.50684198065498620e-03,8.11234012503532220e-02,7.56165592696982358e-02,3.96077057090769946e+00,4.18769792341449332e+00,7.94551235818401258e-01,8.49727499724349800e-01,8.03587119999917832e-02,1,1,1,ok,relative_bounded_ricci
36,5036,256,8.39999999999999969e-01,box_shear_aspect,shape_channel,voro_radical,voro_radical_rebuilt,1,1,1.17712682321102213e-01,1.17712682321102213e-01,0.00000000000000000e+00,7.55927975672133351e-02,7.55927975672133351e-02,0.00000000000000000e+00,1.14231851174366114e-01,1.14231851174366114e-01,0.00000000000000000e+00,5.55178005476888003e-01,5.55178005476888003e-01,0.00000000000000000e+00,2.01761128988535205e+02,2.01761128988535205e+02,0.00000000000000000e+00,1.51407635443307098e-01,1.51407635443307098e-01,0.00000000000000000e+00,8.37201865024545189e-01,8.37201865024545189e-01,0.00000000000000000e+00,7.67138765708983306e-04,7.67138765708983306e-04,0.00000000000000000e+00,5.50684198065498620e-03,5.50684198065498620e-03,0.00000000000000000e+00,3.96077057090769946e+00,3.96077057090769946e+00,7.94551235818401258e-01,7.94551235818401258e-01,3.72403000599999245e+00,0,0,0,ok,aspect-only box strain; shear omitted for rectangular voro++ container
36,5036,256,8.39999999999999969e-01,compression_step,coupled,voro_radical,voro_radical_rebuilt,1,1,1.17712682321102213e-01,1.17972623103930654e-01,2.59940782828441130e-04,7.55927975672133351e-02,7.36410739863241626e-02,-1.95172358088917253e-03,1.14231851174366114e-01,1.15732959565816362e-01,1.50110839145024821e-03,5.55178005476888003e-01,5.46314013344956440e-01,-8.86399213193156399e-03,2.01761128988535205e+02,8.98528555390583676e+01,-1.11908273449476837e+02,1.51407635443307098e-01,1.42252291526668656e-01,-9.15534391663844205e-03,8.37201865024545189e-01,4.14744359350585401e-01,-4.22457505673959788e-01,7.67138765708983306e-04,0.00000000000000000e+00,-7.67138765708983306e-04,5.50684198065498620e-03,0.00000000000000000e+00,-5.50684198065498620e-03,3.96077057090769946e+00,3.96077057090769946e+00,7.94551235818401258e-01,7.90631769555351971e-01,1.63621310399997810e+00,1,0,0,ok,local phi scan best endpoint
36,5036,256,8.39999999999999969e-01,free_ricci,sum_channel,voro_radical,voro_radical_fixed_topology,1,1,1.17712682321102213e-01,1.07479627052562199e-01,-1.02330552685400145e-02,7.55927975672133351e-02,6.25667734800782681e-12,-7.55927975609566594e-02,1.14231851174366114e-01,1.10321068142980996e-01,-3.91078303138511774e-03,5.55178005476888003e-01,4.49721801097993591e-11,-5.55178005431915866e-01,2.01761128988535205e+02,8.00811163123343216e-09,-2.01761128980527104e+02,1.51407635443307098e-01,2.12853056311883255e-10,-1.51407635230454030e-01,8.37201865024545189e-01,4.46976107692080976e-10,-8.37201864577569066e-01,7.67138765708983306e-04,3.50959191664557402e+00,3.50882477787986513e+00,5.50684198065498620e-03,4.77126599475617530e-01,4.71619757494962544e-01,3.96077057090769946e+00,1.06733495741511089e+01,7.94551235818401258e-01,8.97266958703825113e-01,1.12937095000006593e-01,1,1,1,ok,converged: max_abs_K < tol
36,5036,256,8.39999999999999969e-01,post_voro_surgery,topology,voro_radical,post_surgery_nonradical,1,1,1.17712682321102213e-01,1.34181442969304815e-01,1.64687606482026017e-02,7.55927975672133351e-02,5.97611579554548078e-02,-1.58316396117585273e-02,1.14231851174366114e-01,1.39942221613178874e-01,2.57103704388127602e-02,5.55178005476888003e-01,4.43357727487216524e-01,-1.11820277989671479e-01,2.01761128988535205e+02,6.60480160932052058e+01,-1.35713112895329999e+02,1.51407635443307098e-01,1.22583090619511670e-01,-2.88245448237954283e-02,8.37201865024545189e-01,3.33073829684074729e-01,-5.04128035340470460e-01,7.67138765708983306e-04,7.67138765708983306e-04,0.00000000000000000e+00,5.50684198065498620e-03,5.50684198065498620e-03,0.00000000000000000e+00,3.96077057090769946e+00,3.96077057090769946e+00,7.94551235818401258e-01,8.24154718276687070e-01,5.81747044659999801e+01,1,0,0,ok,light topology surgery; no longer radical
36,5036,256,8.39999999999999969e-01,radius_label_swap,sum_channel,voro_radical,voro_radical_rebuilt,1,1,1.17712682321102213e-01,1.17716322563180209e-01,3.64024207799573674e-06,7.55927975672133351e-02,7.55931744342845380e-02,3.76867071202879877e-07,1.14231851174366114e-01,1.14232091590265705e-01,2.40415899591117643e-07,5.55178005476888003e-01,5.55176831359600942e-01,-1.17411728706162677e-06,2.01761128988535205e+02,2.01763278370639654e+02,2.14938210444870492e-03,1.51407635443307098e-01,1.51410042536741979e-01,2.40709343488076932e-06,8.37201865024545189e-01,8.37203622654817070e-01,1.75763027188136078e-06,7.67138765708983306e-04,7.74831337597406650e-04,7.69257188842334318e-06,5.50684198065498620e-03,5.50684198065498620e-03,0.00000000000000000e+00,3.96077057090769946e+00,3.96077057090769946e+00,7.94551235818401258e-01,7.94551235818401369e-01,6.39509707500002378e+00,0,0,0,ok,radius labels permuted; distribution exactly preserved
36,5036,256,8.39999999999999969e-01,shape_descent,shape_channel,voro_radical,voro_radical_rebuilt,1,1,1.17712682321102213e-01,1.17746973416182510e-01,3.42910950802965964e-05,7.55927975672133351e-02,7.55927975672133351e-02,0.00000000000000000e+00,1.14231851174366114e-01,1.14256276111622451e-01,2.44249372563370981e-05,5.55178005476888003e-01,5.55178005476888003e-01,0.00000000000000000e+00,2.01761128988535205e+02,2.01761128988535205e+02,0.00000000000000000e+00,1.51407635443307098e-01,1.51407635443307098e-01,0.00000000000000000e+00,8.37201865024545189e-01,8.37201865024545189e-01,0.00000000000000000e+00,7.67138765708983306e-04,7.82201504994286460e-04,1.50627392853031538e-05,5.50684198065498620e-03,5.50684198065498620e-03,0.00000000000000000e+00,3.96077057090769946e+00,3.96077057090769946e+00,7.94551235818401258e-01,7.94551235818401258e-01,5.20939547200001130e+00,0,0,0,ok,stochastic coordinate shape descent
37,5037,256,8.39999999999999969e-01,bounded_ricci_du010,sum_channel,voro_radical,voro_radical_fixed_topology,1,1,1.17174832413132909e-01,1.13263312020138937e-01,-3.91152039299397236e-03,6.98764879777018788e-02,4.89004075809759964e-02,-2.09760803967258824e-02,1.19215909347680588e-01,1.17572377198108341e-01,-1.64353214957224658e-03,5.01964926395795596e-01,3.49892828038404990e-01,-1.52072098357390606e-01,9.75764583895538635e+01,6.30688500349546075e+01,-3.45076083545992560e+01,1.42815704191471105e-01,1.08331880770055650e-01,-3.44838234214154549e-02,4.57369197631632141e-01,3.64702594700136273e-01,-9.26666029314958672e-02,2.06997293763033514e-03,1.78492722410123761e-01,1.76422749472493423e-01,8.96976327312293265e-03,1.13915831913480980e-01,1.04946068640358048e-01,3.96077057090769946e+00,3.42859772891474357e+00,8.17818418461004004e-01,8.77838254133103346e-01,1.28548373000000993e-01,1,1,1,ok,relative_bounded_ricci
37,5037,256,8.39999999999999969e-01,box_shear_aspect,shape_channel,voro_radical,voro_radical_rebuilt,1,1,1.17174832413132909e-01,1.17174832413132909e-01,0.00000000000000000e+00,6.98764879777018788e-02,6.98764879777018788e-02,0.00000000000000000e+00,1.19215909347680588e-01,1.19215909347680588e-01,0.00000000000000000e+00,5.01964926395795596e-01,5.01964926395795596e-01,0.00000000000000000e+00,9.75764583895538635e+01,9.75764583895538635e+01,0.00000000000000000e+00,1.42815704191471105e-01,1.42815704191471105e-01,0.00000000000000000e+00,4.57369197631632141e-01,4.57369197631632141e-01,0.00000000000000000e+00,2.06997293763033514e-03,2.06997293763033514e-03,0.00000000000000000e+00,8.96976327312293265e-03,8.96976327312293265e-03,0.00000000000000000e+00,3.96077057090769946e+00,3.96077057090769946e+00,8.17818418461004004e-01,8.17818418461004004e-01,3.77098320400000375e+00,0,0,0,ok,aspect-only box strain; shear omitted for rectangular voro++ container
37,5037,256,8.39999999999999969e-01,compression_step,coupled,voro_radical,voro_radical_rebuilt,1,1,1.17174832413132909e-01,1.17174832413132812e-01,-9.71445146547011973e-17,6.98764879777018788e-02,6.98764879777019343e-02,5.55111512312578270e-17,1.19215909347680588e-01,1.19215909347680601e-01,1.38777878078144568e-17,5.01964926395795596e-01,5.01964926395795596e-01,0.00000000000000000e+00,9.75764583895538635e+01,9.75764583895538635e+01,0.00000000000000000e+00,1.42815704191471105e-01,1.42815704191471105e-01,0.00000000000000000e+00,4.57369197631632141e-01,4.57369197631632141e-01,0.00000000000000000e+00,2.06997293763033514e-03,0.00000000000000000e+00,-2.06997293763033514e-03,8.96976327312293265e-03,0.00000000000000000e+00,-8.96976327312293265e-03,3.96077057090769946e+00,3.96077057090769946e+00,8.17818418461004004e-01,8.17818418461004004e-01,1.60922516600001586e+00,0,0,0,ok,local phi scan best endpoint
37,5037,256,8.39999999999999969e-01,free_ricci,sum_channel,voro_radical,voro_radical_fixed_topology,1,1,1.17174832413132909e-01,1.14073289126212243e-01,-3.10154328692066605e-03,6.98764879777018788e-02,6.32667082441063282e-12,-6.98764879713752035e-02,1.19215909347680588e-01,1.16066415400797415e-01,-3.14949394688317230e-03,5.01964926395795596e-01,4.49247737920559460e-11,-5.01964926350870866e-01,9.75764583895538635e+01,7.43286705425017898e-09,-9.75764583821209897e+01,1.42815704191471105e-01,2.08546351601806453e-10,-1.42815703982924758e-01,4.57369197631632141e-01,4.15064805763542830e-10,-4.57369197216567325e-01,2.06997293763033514e-03,3.90153952963947193e+00,3.89946955670184181e+00,8.96976327312293265e-03,4.58527739799119871e-01,4.49557976525996938e-01,3.96077057090769946e+00,3.89797808903419218e+00,8.17818418461004004e-01,9.14431945670590940e-01,1.62632765000012114e-01,1,1,1,ok,converged: max_abs_K < tol
37,5037,256,8.39999999999999969e-01,post_voro_surgery,topology,voro_radical,post_surgery_nonradical,1,1,1.17174832413132909e-01,1.36577722945394692e-01,1.94028905322617823e-02,6.98764879777018788e-02,6.39969272736684858e-02,-5.87956070403339304e-03,1.19215909347680588e-01,1.44305733099205025e-01,2.50898237515244371e-02,5.01964926395795596e-01,4.58240526309073692e-01,-4.37244000867219040e-02,9.75764583895538635e+01,6.83130766177970656e+01,-2.92633817717567979e+01,1.42815704191471105e-01,1.29220486771514570e-01,-1.35952174199565345e-02,4.57369197631632141e-01,3.22369624560349843e-01,-1.34999573071282297e-01,2.06997293763033514e-03,2.06997293763033514e-03,0.00000000000000000e+00,8.96976327312293265e-03,8.96976327312293265e-03,0.00000000000000000e+00,3.96077057090769946e+00,3.96077057090769946e+00,8.17818418461004004e-01,8.41429995435059475e-01,5.44408846160000053e+01,1,0,0,ok,light topology surgery; no longer radical
37,5037,256,8.39999999999999969e-01,radius_label_swap,sum_channel,voro_radical,voro_radical_rebuilt,1,1,1.17174832413132909e-01,1.17165344505675104e-01,-9.48790745780581091e-06,6.98764879777018788e-02,6.98790969040647691e-02,2.60892636289034030e-06,1.19215909347680588e-01,1.19213782808560681e-01,-2.12653911990656752e-06,5.01964926395795596e-01,5.01997228573354159e-01,3.23021775585630166e-05,9.75764583895538635e+01,9.75737854423199167e+01,-2.67294723394684297e-03,1.42815704191471105e-01,1.42803707281914327e-01,-1.19969095567773465e-05,4.57369197631632141e-01,4.57398210232890234e-01,2.90126012580937953e-05,2.06997293763033514e-03,2.06264853048803050e-03,-7.32440714230463835e-06,8.96976327312293265e-03,8.96976327312293265e-03,0.00000000000000000e+00,3.96077057090769946e+00,3.96077057090769946e+00,8.17818418461004004e-01,8.17818418461003893e-01,5.05648488400001384e+00,0,1,0,ok,radius labels permuted; distribution exactly preserved
37,5037,256,8.39999999999999969e-01,shape_descent,shape_channel,voro_radical,voro_radical_rebuilt,1,1,1.17174832413132909e-01,1.16928055399061204e-01,-2.46777014071705714e-04,6.98764879777018788e-02,6.93639001013019174e-02,-5.12587876399961395e-04,1.19215909347680588e-01,1.18784072315241115e-01,-4.31837032439472135e-04,5.01964926395795596e-01,4.98729642298282538e-01,-3.23528409751305812e-03,9.75764583895538635e+01,9.70761358304182522e+01,-5.00322559135611300e-01,1.42815704191471105e-01,1.42218092839714261e-01,-5.97611351756843767e-04,4.57369197631632141e-01,4.56632175888569081e-01,-7.37021743063059898e-04,2.06997293763033514e-03,2.13812113472728205e-03,6.81481970969469164e-05,8.96976327312293265e-03,8.96976327312293265e-03,0.00000000000000000e+00,3.96077057090769946e+00,3.96077057090769946e+00,8.17818418461004004e-01,8.17989673935272221e-01,5.61373791599999095e+00,1,1,1,ok,stochastic coordinate shape descent
38,5038,256,8.39999999999999969e-01,bounded_ricci_du010,sum_channel,voro_radical,voro_radical_fixed_topology,1,1,1.21924717419480341e-01,1.16223486310306198e-01,-5.70123110917414300e-03,7.70421624879748940e-02,6.00720517999669273e-02,-1.69701106880079666e-02,1.18863830067352516e-01,1.17289659589869241e-01,-1.57417047748327488e-03,5.61895847960216743e-01,4.38058200199937409e-01,-1.23837647760279335e-01,1.26261768492996680e+02,8.99749459296742629e+01,-3.62868225633224171e+01,1.50197460612117917e-01,1.22285780846863576e-01,-2.79116797652543408e-02,5.72843276412818070e-01,4.80934730923536558e-01,-9.19085454892815124e-02,2.17716469092672175e-03,1.16993105111890164e-01,1.14815940420963436e-01,8.27542827046867657e-03,1.00553902120423810e-01,9.22784738499551338e-02,3.96077057090769946e+00,3.79850158556887196e+00,7.89123839853969389e-01,8.45840390615019144e-01,1.49577744999987772e-01,1,1,1,ok,relative_bounded_ricci
38,5038,256,8.39999999999999969e-01,box_shear_aspect,shape_channel,voro_radical,voro_radical_rebuilt,1,1,1.21924717419480341e-01,1.21921748642883201e-01,-2.96877659713978836e-06,7.70421624879748940e-02,7.70421624879748940e-02,0.00000000000000000e+00,1.18863830067352516e-01,1.18860929268029783e-01,-2.90079932273312746e-06,5.61895847960216743e-01,5.61895847960216743e-01,0.00000000000000000e+00,1.26261768492996680e+02,1.26261768492996680e+02,0.00000000000000000e+00,1.50197460612117917e-01,1.50197460612117917e-01,0.00000000000000000e+00,5.72843276412818070e-01,5.72843276412818070e-01,0.00000000000000000e+00,2.17716469092672175e-03,2.16369681070562167e-03,-1.34678802211000807e-05,8.27542827046867657e-03,7.93016669876989155e-03,-3.45261571698785019e-04,3.96077057090769946e+00,3.96077057090769946e+00,7.89123839853969389e-01,7.89123839853969389e-01,2.86145564599999602e+00,0,1,0,ok,aspect-only box strain; shear omitted for rectangular voro++ container
38,5038,256,8.39999999999999969e-01,compression_step,coupled,voro_radical,voro_radical_rebuilt,1,1,1.21924717419480341e-01,1.22167638114342378e-01,2.42920694862036601e-04,7.70421624879748940e-02,7.82994129765376273e-02,1.25725048856273336e-03,1.18863830067352516e-01,1.18533583672854090e-01,-3.30246394498426299e-04,5.61895847960216743e-01,5.71416613067228019e-01,9.52076510701127532e-03,1.26261768492996680e+02,1.28354259175408970e+02,2.09249068241228997e+00,1.50197460612117917e-01,1.53124106354713851e-01,2.92664574259593468e-03,5.72843276412818070e-01,5.73282011780464895e-01,4.38735367646825303e-04,2.17716469092672175e-03,0.00000000000000000e+00,-2.17716469092672175e-03,8.27542827046867657e-03,0.00000000000000000e+00,-8.27542827046867657e-03,3.96077057090769946e+00,3.96077057090769946e+00,7.89123839853969389e-01,7.80259332695267815e-01,1.02876885300000254e+00,0,1,0,ok,local phi scan best endpoint
38,5038,256,8.39999999999999969e-01,free_ricci,sum_channel,voro_radical,voro_radical_fixed_topology,1,1,1.21924717419480341e-01,1.11549700623302550e-01,-1.03750167961777912e-02,7.70421624879748940e-02,6.55075038938886203e-12,-7.70421624814241479e-02,1.18863830067352516e-01,1.14745560756479958e-01,-4.11826931087255765e-03,5.61895847960216743e-01,4.53415815675730632e-11,-5.61895847914875124e-01,1.26261768492996680e+02,7.73267068408474366e-09,-1.26261768485264014e+02,1.50197460612117917e-01,2.11971312161638821e-10,-1.50197460400146615e-01,5.72843276412818070e-01,4.50557551606315771e-10,-5.72843275962260479e-01,2.17716469092672175e-03,4.15449327357809572e+00,4.15231610888716940e+00,8.27542827046867657e-03,6.46824251463607336e-01,6.38548823193138659e-01,3.96077057090769946e+00,4.77395312460870702e+00,7.89123839853969389e-01,9.27085484536619542e-01,1.59561448000005157e-01,1,1,1,ok,converged: max_abs_K < tol
38,5038,256,8.39999999999999969e-01,post_voro_surgery,topology,voro_radical,post_surgery_nonradical,1,1,1.21924717419480341e-01,1.36088522942831830e-01,1.41638055233514887e-02,7.70421624879748940e-02,6.45120628574901295e-02,-1.25300996304847645e-02,1.18863830067352516e-01,1.42571512305997850e-01,2.37076822386453334e-02,5.61895847960216743e-01,4.71206632724421925e-01,-9.06892152357948178e-02,1.26261768492996680e+02,7.15037243849598525e+01,-5.47580441080368274e+01,1.50197460612117917e-01,1.27221884873464586e-01,-2.29755757386533310e-02,5.72843276412818070e-01,3.54870959668137975e-01,-2.17972316744680095e-01,2.17716469092672175e-03,2.17716469092672175e-03,0.00000000000000000e+00,8.27542827046867657e-03,8.27542827046867657e-03,0.00000000000000000e+00,3.96077057090769946e+00,3.96077057090769946e+00,7.89123839853969389e-01,8.24938546208159984e-01,5.22113576169999760e+01,1,0,0,ok,light topology surgery; no longer radical
38,5038,256,8.39999999999999969e-01,radius_label_swap,sum_channel,voro_radical,voro_radical_rebuilt,1,1,1.21924717419480341e-01,1.21675000100157374e-01,-2.49717319322967368e-04,7.70421624879748940e-02,7.67638092782809145e-02,-2.78353209693979475e-04,1.18863830067352516e-01,1.18701848205583910e-01,-1.61981861768606406e-04,5.61895847960216743e-01,5.60182816920004045e-01,-1.71303104021269803e-03,1.26261768492996680e+02,1.26291871142316950e+02,3.01026493202698475e-02,1.50197460612117917e-01,1.49769712385988907e-01,-4.27748226129009979e-04,5.72843276412818070e-01,5.74230283837247057e-01,1.38700742442898761e-03,2.17716469092672175e-03,2.15153734074054019e-03,-2.56273501861815564e-05,8.27542827046867657e-03,8.27542827046867657e-03,0.00000000000000000e+00,3.96077057090769946e+00,3.96077057090769946e+00,7.89123839853969389e-01,7.89753262510450860e-01,6.48417044299998224e+00,1,1,1,ok,radius labels permuted; distribution exactly preserved
38,5038,256,8.39999999999999969e-01,shape_descent,shape_channel,voro_radical,voro_radical_rebuilt,1,1,1.21924717419480341e-01,1.21846657838590458e-01,-7.80595808898831844e-05,7.70421624879748940e-02,7.70421624879748940e-02,0.00000000000000000e+00,1.18863830067352516e-01,1.18759411302055182e-01,-1.04418765297334404e-04,5.61895847960216743e-01,5.61895847960216743e-01,0.00000000000000000e+00,1.26261768492996680e+02,1.26261768492996680e+02,0.00000000000000000e+00,1.50197460612117917e-01,1.50197460612117917e-01,0.00000000000000000e+00,5.72843276412818070e-01,5.72843276412818070e-01,0.00000000000000000e+00,2.17716469092672175e-03,2.26335179351423764e-03,8.61871025875158951e-05,8.27542827046867657e-03,8.27542827046867657e-03,0.00000000000000000e+00,3.96077057090769946e+00,3.96077057090769946e+00,7.89123839853969389e-01,7.89123839853969389e-01,5.04251720099998124e+00,0,1,0,ok,stochastic coordinate shape descent
39,5039,256,8.39999999999999969e-01,bounded_ricci_du010,sum_channel,voro_radical,voro_radical_fixed_topology,1,1,1.23566377807325253e-01,1.17831488084152156e-01,-5.73488972317309775e-03,8.18744837856264646e-02,6.24374804534650538e-02,-1.94370033321614108e-02,1.22187161807737171e-01,1.20740994349439329e-01,-1.44616745829784232e-03,5.89985691072794527e-01,4.48208152826253592e-01,-1.41777538246540935e-01,1.16741079146211547e+02,7.85423773368446945e+01,-3.81987018093668524e+01,1.53620633756674813e-01,1.22306772985173631e-01,-3.13138607715011813e-02,5.19064748498626605e-01,4.17750319164954864e-01,-1.01314429333671741e-01,3.99495066691450684e-03,1.27872840263898613e-01,1.23877889596984106e-01,1.29480519828768514e-02,1.10207058781419232e-01,9.72590067985423801e-02,3.96077057090769946e+00,3.94780646633752497e+00,7.80057278840540991e-01,8.45410391978880238e-01,1.61905593000000181e-01,1,1,1,ok,relative_bounded_ricci
39,5039,256,8.39999999999999969e-01,box_shear_aspect,shape_channel,voro_radical,voro_radical_rebuilt,1,1,1.23566377807325253e-01,1.23566377807325253e-01,0.00000000000000000e+00,8.18744837856264646e-02,8.18744837856264646e-02,0.00000000000000000e+00,1.22187161807737171e-01,1.22187161807737171e-01,0.00000000000000000e+00,5.89985691072794527e-01,5.89985691072794527e-01,0.00000000000000000e+00,1.16741079146211547e+02,1.16741079146211547e+02,0.00000000000000000e+00,1.53620633756674813e-01,1.53620633756674813e-01,0.00000000000000000e+00,5.19064748498626605e-01,5.19064748498626605e-01,0.00000000000000000e+00,3.99495066691450684e-03,3.99495066691450684e-03,0.00000000000000000e+00,1.29480519828768514e-02,1.29480519828768514e-02,0.00000000000000000e+00,3.96077057090769946e+00,3.96077057090769946e+00,7.80057278840540991e-01,7.80057278840540991e-01,3.82614156700000763e+00,0,0,0,ok,aspect-only box strain; shear omitted for rectangular voro++ container
39,5039,256,8.39999999999999969e-01,compression_step,coupled,voro_radical,voro_radical_rebuilt,1,1,1.23566377807325253e-01,1.23724515807335234e-01,1.58138000009980240e-04,8.18744837856264646e-02,8.13369829948219075e-02,-5.37500790804557038e-04,1.22187161807737171e-01,1.22313457844932194e-01,1.26296037195022803e-04,5.89985691072794527e-01,5.87736750398233143e-01,-2.24894067456138380e-03,1.16741079146211547e+02,1.17812588765422362e+02,1.07150961921081489e+00,1.53620633756674813e-01,1.54165702937734517e-01,5.45069181059704144e-04,5.19064748498626605e-01,5.22568367658315380e-01,3.50361915968877558e-03,3.99495066691450684e-03,0.00000000000000000e+00,-3.99495066691450684e-03,1.29480519828768514e-02,0.00000000000000000e+00,-1.29480519828768514e-02,3.96077057090769946e+00,3.96077057090769946e+00,7.80057278840540991e-01,7.77401969970985984e-01,1.68395131900001616e+00,1,0,0,ok,local phi scan best endpoint
39,5039,256,8.39999999999999969e-01,free_ricci,sum_channel,voro_radical,voro_radical_fixed_topology,1,1,1.23566377807325253e-01,1.14656795528298092e-01,-8.90958227902716171e-03,8.18744837856264646e-02,6.84133323735123203e-12,-8.18744837787851315e-02,1.22187161807737171e-01,1.17861438418816494e-01,-4.32572338892067698e-03,5.89985691072794527e-01,4.88652420310636126e-11,-5.89985691023929282e-01,1.16741079146211547e+02,8.42105479387021681e-09,-1.16741079137790493e+02,1.53620633756674813e-01,2.29732218161480253e-10,-1.53620633526942607e-01,5.19064748498626605e-01,4.56964031414175018e-10,-5.19064748041662583e-01,3.99495066691450684e-03,4.30822206418910447e+00,4.30422711352218990e+00,1.29480519828768514e-02,5.69585162575095172e-01,5.56637110592218320e-01,3.96077057090769946e+00,4.21298944031990974e+00,7.80057278840540991e-01,9.31023426950178257e-01,1.70626000999988037e-01,1,1,1,ok,converged: max_abs_K < tol
39,5039,256,8.39999999999999969e-01,post_voro_surgery,topology,voro_radical,post_surgery_nonradical,1,1,1.23566377807325253e-01,1.49041141700994195e-01,2.54747638936689419e-02,8.18744837856264646e-02,6.61485064573827525e-02,-1.57259773282437121e-02,1.22187161807737171e-01,1.57473859422558926e-01,3.52866976148217548e-02,5.89985691072794527e-01,4.67293188507513613e-01,-1.22692502565280914e-01,1.16741079146211547e+02,7.64511330111070038e+01,-4.02899461351045431e+01,1.53620633756674813e-01,1.36430256380630610e-01,-1.71903773760442025e-02,5.19064748498626605e-01,3.49939842697627790e-01,-1.69124905800998815e-01,3.99495066691450684e-03,3.99495066691450684e-03,0.00000000000000000e+00,1.29480519828768514e-02,1.29480519828768514e-02,0.00000000000000000e+00,3.96077057090769946e+00,3.96077057090769946e+00,7.80057278840540991e-01,8.30772690471817565e-01,5.44229044430000215e+01,1,0,0,ok,light topology surgery; no longer radical
39,5039,256,8.39999999999999969e-01,radius_label_swap,sum_channel,voro_radical,voro_radical_rebuilt,1,1,1.23566377807325253e-01,1.23566377807325253e-01,0.00000000000000000e+00,8.18744837856264646e-02,8.18744837856264646e-02,0.00000000000000000e+00,1.22187161807737171e-01,1.22187161807737171e-01,0.00000000000000000e+00,5.89985691072794527e-01,5.89985691072794527e-01,0.00000000000000000e+00,1.16741079146211547e+02,1.16741079146211547e+02,0.00000000000000000e+00,1.53620633756674813e-01,1.53620633756674813e-01,0.00000000000000000e+00,5.19064748498626605e-01,5.19064748498626605e-01,0.00000000000000000e+00,3.99495066691450684e-03,3.99495066691450684e-03,0.00000000000000000e+00,1.29480519828768514e-02,1.29480519828768514e-02,0.00000000000000000e+00,3.96077057090769946e+00,3.96077057090769946e+00,7.80057278840540991e-01,7.80057278840540991e-01,6.81302781700000537e+00,0,0,0,ok,radius labels permuted; distribution exactly preserved
39,5039,256,8.39999999999999969e-01,shape_descent,shape_channel,voro_radical,voro_radical_rebuilt,1,1,1.23566377807325253e-01,1.23554219339281304e-01,-1.21584680439490445e-05,8.18744837856264646e-02,8.18744837856264646e-02,0.00000000000000000e+00,1.22187161807737171e-01,1.22177092430748285e-01,-1.00693769888859919e-05,5.89985691072794527e-01,5.89985691072794527e-01,0.00000000000000000e+00,1.16741079146211547e+02,1.16741079146211547e+02,0.00000000000000000e+00,1.53620633756674813e-01,1.53620633756674813e-01,0.00000000000000000e+00,5.19064748498626605e-01,5.19064748498626605e-01,0.00000000000000000e+00,3.99495066691450684e-03,4.11896074646398574e-03,1.24010079549478902e-04,1.29480519828768514e-02,1.29480519828768514e-02,0.00000000000000000e+00,3.96077057090769946e+00,3.96077057090769946e+00,7.80057278840540991e-01,7.80057278840540991e-01,5.96329907800000569e+00,0,1,0,ok,stochastic coordinate shape descent
40,5040,256,8.39999999999999969e-01,bounded_ricci_du010,sum_channel,voro_radical,voro_radical_fixed_topology,1,1,1.20400385129406984e-01,1.15861226196475417e-01,-4.53915893293156680e-03,7.40956551330651664e-02,5.81809679810898900e-02,-1.59146871519752764e-02,1.20694336215641129e-01,1.19367386269474907e-01,-1.32694994616622264e-03,5.48256953753009757e-01,4.28782843678745862e-01,-1.19474110074263895e-01,1.07222674418613209e+02,7.34674646347196756e+01,-3.37552097838935339e+01,1.46646126036523133e-01,1.20077835139752481e-01,-2.65682908967706521e-02,4.94826198338156775e-01,3.93543278238086824e-01,-1.01282920100069951e-01,1.36328618873938286e-03,1.09217809827716575e-01,1.07854523638977198e-01,6.52717845958239451e-03,8.95431853712258530e-02,8.30160069116434585e-02,3.96077057090769946e+00,4.06391007331636267e+00,8.03841663332610534e-01,8.56906815192879923e-01,1.45861148999983925e-01,1,1,1,ok,relative_bounded_ricci
40,5040,256,8.39999999999999969e-01,box_shear_aspect,shape_channel,voro_radical,voro_radical_rebuilt,1,1,1.20400385129406984e-01,1.20399278653879491e-01,-1.10647552749310041e-06,7.40956551330651664e-02,7.40956551330651664e-02,0.00000000000000000e+00,1.20694336215641129e-01,1.20693330589169562e-01,-1.00562647156743346e-06,5.48256953753009757e-01,5.48256953753009757e-01,0.00000000000000000e+00,1.07222674418613209e+02,1.07222674418613209e+02,0.00000000000000000e+00,1.46646126036523133e-01,1.46646126036523133e-01,0.00000000000000000e+00,4.94826198338156775e-01,4.94826198338156775e-01,0.00000000000000000e+00,1.36328618873938286e-03,1.36216756572530369e-03,-1.11862301407916753e-06,6.52717845958239451e-03,6.57585229995794052e-03,4.86738403755460070e-05,3.96077057090769946e+00,3.96077057090769946e+00,8.03841663332610534e-01,8.03841663332610534e-01,3.14442432900000313e+00,0,1,0,ok,aspect-only box strain; shear omitted for rectangular voro++ container
40,5040,256,8.39999999999999969e-01,compression_step,coupled,voro_radical,voro_radical_rebuilt,1,1,1.20400385129406984e-01,1.20446205563054340e-01,4.58204336473561069e-05,7.40956551330651664e-02,7.46886070928363954e-02,5.92951959771229054e-04,1.20694336215641129e-01,1.20727515657260684e-01,3.31794416195546615e-05,5.48256953753009757e-01,5.50425535490490780e-01,2.16858173748102345e-03,1.07222674418613209e+02,1.07200268898622724e+02,-2.24055199904853453e-02,1.46646126036523133e-01,1.46818147813098265e-01,1.72021776575131957e-04,4.94826198338156775e-01,4.94219961447541545e-01,-6.06236890615230450e-04,1.36328618873938286e-03,0.00000000000000000e+00,-1.36328618873938286e-03,6.52717845958239451e-03,0.00000000000000000e+00,-6.52717845958239451e-03,3.96077057090769946e+00,3.96077057090769946e+00,8.03841663332610534e-01,8.01888051758643305e-01,1.23895470600001545e+00,0,0,0,ok,local phi scan best endpoint
40,5040,256,8.39999999999999969e-01,free_ricci,sum_channel,voro_radical,voro_radical_fixed_topology,1,1,1.20400385129406984e-01,1.13045583546720715e-01,-7.35480158268626838e-03,7.40956551330651664e-02,7.28836260523895784e-12,-7.40956551257768020e-02,1.20694336215641129e-01,1.16235504855397936e-01,-4.45883136024319282e-03,5.48256953753009757e-01,5.19292459644201309e-11,-5.48256953701080518e-01,1.07222674418613209e+02,9.26579881574706092e-09,-1.07222674409347405e+02,1.46646126036523133e-01,2.46808055696791946e-10,-1.46646125789715087e-01,4.94826198338156775e-01,4.73246788050915734e-10,-4.94826197864910000e-01,1.36328618873938286e-03,4.44854309531591419e+00,4.44717980912717437e+00,6.52717845958239451e-03,5.50113434618177966e-01,5.43586256158595571e-01,3.96077057090769946e+00,4.94996497477565534e+00,8.03841663332610534e-01,9.30551088378946512e-01,1.58084300999973948e-01,1,1,1,ok,converged: max_abs_K < tol
40,5040,256,8.39999999999999969e-01,post_voro_surgery,topology,voro_radical,post_surgery_nonradical,1,1,1.20400385129406984e-01,1.36989684851276522e-01,1.65892997218695382e-02,7.40956551330651664e-02,6.67101605519512669e-02,-7.38549458111389945e-03,1.20694336215641129e-01,1.45825413119331698e-01,2.51310769036905690e-02,5.48256953753009757e-01,4.87742682013236672e-01,-6.05142717397730845e-02,1.07222674418613209e+02,7.62005468271781297e+01,-3.10221275914350798e+01,1.46646126036523133e-01,1.34414540490067486e-01,-1.22315855464556478e-02,4.94826198338156775e-01,3.57501262552449017e-01,-1.37324935785707758e-01,1.36328618873938286e-03,1.36328618873938286e-03,0.00000000000000000e+00,6.52717845958239451e-03,6.52717845958239451e-03,0.00000000000000000e+00,3.96077057090769946e+00,3.96077057090769946e+00,8.03841663332610534e-01,8.34068944859465811e-01,5.65780127479999919e+01,1,0,0,ok,light topology surgery; no longer radical
40,5040,256,8.39999999999999969e-01,radius_label_swap,sum_channel,voro_radical,voro_radical_rebuilt,1,1,1.20400385129406984e-01,1.20400385129406984e-01,0.00000000000000000e+00,7.40956551330651664e-02,7.40956551330651664e-02,0.00000000000000000e+00,1.20694336215641129e-01,1.20694336215641129e-01,0.00000000000000000e+00,5.48256953753009757e-01,5.48256953753009757e-01,0.00000000000000000e+00,1.07222674418613209e+02,1.07222674418613209e+02,0.00000000000000000e+00,1.46646126036523133e-01,1.46646126036523133e-01,0.00000000000000000e+00,4.94826198338156775e-01,4.94826198338156775e-01,0.00000000000000000e+00,1.36328618873938286e-03,1.36328618873938286e-03,0.00000000000000000e+00,6.52717845958239451e-03,6.52717845958239451e-03,0.00000000000000000e+00,3.96077057090769946e+00,3.96077057090769946e+00,8.03841663332610534e-01,8.03841663332610534e-01,7.14896902999998929e+00,0,0,0,ok,radius labels permuted; distribution exactly preserved
40,5040,256,8.39999999999999969e-01,shape_descent,shape_channel,voro_radical,voro_radical_rebuilt,1,1,1.20400385129406984e-01,1.20429014718623453e-01,2.86295892164695198e-05,7.40956551330651664e-02,7.40956551330651386e-02,-2.77555756156289135e-17,1.20694336215641129e-01,1.20658685837771701e-01,-3.56503778694283735e-05,5.48256953753009757e-01,5.48256953753009757e-01,0.00000000000000000e+00,1.07222674418613209e+02,1.07222674418613209e+02,0.00000000000000000e+00,1.46646126036523133e-01,1.46646126036523133e-01,0.00000000000000000e+00,4.94826198338156775e-01,4.94826198338156775e-01,0.00000000000000000e+00,1.36328618873938286e-03,1.40806026714530028e-03,4.47740784059174213e-05,6.52717845958239451e-03,6.52717845958239451e-03,0.00000000000000000e+00,3.96077057090769946e+00,3.96077057090769946e+00,8.03841663332610534e-01,8.03841663332610534e-01,4.99645625700000551e+00,1,1,1,ok,stochastic coordinate shape descent
41,5041,256,8.39999999999999969e-01,bounded_ricci_du010,sum_channel,voro_radical,voro_radical_fixed_topology,1,1,1.23580695252184403e-01,1.19424102587694869e-01,-4.15659266448953346e-03,7.38096245556957714e-02,5.90797300393410690e-02,-1.47298945163547024e-02,1.21759731246945044e-01,1.20247913803597700e-01,-1.51181744334734358e-03,5.44909330522126534e-01,4.34641576811644836e-01,-1.10267753710481697e-01,1.49066935018716833e+02,1.14520743041627298e+02,-3.45461919770895349e+01,1.55658257600493150e-01,1.31017277253591830e-01,-2.46409803469013200e-02,6.50716710157764888e-01,5.73826968954865513e-01,-7.68897412028993754e-02,6.96008386477763724e-03,1.05553666791590339e-01,9.85935829268126951e-02,1.75654121032264854e-02,9.02651370552898236e-02,7.26997249520633382e-02,3.96077057090769946e+00,3.72886733613154986e+00,8.04283677925719198e-01,8.53286763694617423e-01,1.52610433999996076e-01,1,1,1,ok,relative_bounded_ricci
41,5041,256,8.39999999999999969e-01,box_shear_aspect,shape_channel,voro_radical,voro_radical_rebuilt,1,1,1.23580695252184403e-01,1.23580695252184403e-01,0.00000000000000000e+00,7.38096245556957714e-02,7.38096245556957714e-02,0.00000000000000000e+00,1.21759731246945044e-01,1.21759731246945044e-01,0.00000000000000000e+00,5.44909330522126534e-01,5.44909330522126534e-01,0.00000000000000000e+00,1.49066935018716833e+02,1.49066935018716833e+02,0.00000000000000000e+00,1.55658257600493150e-01,1.55658257600493150e-01,0.00000000000000000e+00,6.50716710157764888e-01,6.50716710157764888e-01,0.00000000000000000e+00,6.96008386477763724e-03,6.96008386477763724e-03,0.00000000000000000e+00,1.75654121032264854e-02,1.75654121032264854e-02,0.00000000000000000e+00,3.96077057090769946e+00,3.96077057090769946e+00,8.04283677925719198e-01,8.04283677925719198e-01,3.37199576200001161e+00,0,0,0,ok,aspect-only box strain; shear omitted for rectangular voro++ container
41,5041,256,8.39999999999999969e-01,compression_step,coupled,voro_radical,voro_radical_rebuilt,1,1,1.23580695252184403e-01,1.23580695252184222e-01,-1.80411241501587938e-16,7.38096245556957714e-02,7.38096245556957437e-02,-2.77555756156289135e-17,1.21759731246945044e-01,1.21759731246945016e-01,-2.77555756156289135e-17,5.44909330522126534e-01,5.44909330522126534e-01,0.00000000000000000e+00,1.49066935018716833e+02,1.49066935018716833e+02,0.00000000000000000e+00,1.55658257600493150e-01,1.55658257600493150e-01,0.00000000000000000e+00,6.50716710157764888e-01,6.50716710157764888e-01,0.00000000000000000e+00,6.96008386477763724e-03,0.00000000000000000e+00,-6.96008386477763724e-03,1.75654121032264854e-02,0.00000000000000000e+00,-1.75654121032264854e-02,3.96077057090769946e+00,3.96077057090769946e+00,8.04283677925719198e-01,8.04283677925719198e-01,1.36269038599999703e+00,1,1,1,ok,local phi scan best endpoint
41,5041,256,8.39999999999999969e-01,free_ricci,sum_channel,voro_radical,voro_radical_fixed_topology,1,1,1.23580695252184403e-01,1.13983209600987137e-01,-9.59748565119726560e-03,7.38096245556957714e-02,6.63195346027666959e-12,-7.38096245490638125e-02,1.21759731246945044e-01,1.16853040501266950e-01,-4.90669074567809393e-03,5.44909330522126534e-01,4.71500409661779720e-11,-5.44909330474976472e-01,1.49066935018716833e+02,7.99380150095790318e-09,-1.49066935010723029e+02,1.55658257600493150e-01,2.20712723939726633e-10,-1.55658257379780424e-01,6.50716710157764888e-01,4.46545408348857281e-10,-6.50716709711219532e-01,6.96008386477763724e-03,4.90049106639288823e+00,4.89353098252811058e+00,1.75654121032264854e-02,6.31583811227149239e-01,6.14018399123922753e-01,3.96077057090769946e+00,5.43530131556550433e+00,8.04283677925719198e-01,9.11756738342650475e-01,1.59175207000004093e-01,1,1,1,ok,converged: max_abs_K < tol
41,5041,256,8.39999999999999969e-01,post_voro_surgery,topology,voro_radical,post_surgery_nonradical,1,1,1.23580695252184403e-01,1.53687094251608120e-01,3.01063989994237169e-02,7.38096245556957714e-02,6.86413869518866099e-02,-5.16823760380916153e-03,1.21759731246945044e-01,1.60819089796327724e-01,3.90593585493826806e-02,5.44909330522126534e-01,5.11232722073309276e-01,-3.36766084488172579e-02,1.49066935018716833e+02,9.58696460036826750e+01,-5.31972890150341584e+01,1.55658257600493150e-01,1.46593409325992047e-01,-9.06484827450110275e-03,6.50716710157764888e-01,4.33390142368542730e-01,-2.17326567789222158e-01,6.96008386477763724e-03,6.96008386477763724e-03,0.00000000000000000e+00,1.75654121032264854e-02,1.75654121032264854e-02,0.00000000000000000e+00,3.96077057090769946e+00,3.96077057090769946e+00,8.04283677925719198e-01,8.02602107084254501e-01,6.08891543230000138e+01,1,0,0,ok,light topology surgery; no longer radical
41,5041,256,8.39999999999999969e-01,radius_label_swap,sum_channel,voro_radical,voro_radical_rebuilt,1,1,1.23580695252184403e-01,1.23569219044216569e-01,-1.14762079678337736e-05,7.38096245556957714e-02,7.37943167605566858e-02,-1.53077951390856448e-05,1.21759731246945044e-01,1.21758792625832002e-01,-9.38621113041882005e-07,5.44909330522126534e-01,5.44832921242071833e-01,-7.64092800547011564e-05,1.49066935018716833e+02,1.49061943818590834e+02,-4.99120012599973961e-03,1.55658257600493150e-01,1.55638215463886148e-01,-2.00421366070013818e-05,6.50716710157764888e-01,6.50752349111213046e-01,3.56389534481582615e-05,6.96008386477763724e-03,6.91762898648331549e-03,-4.24548782943217490e-05,1.75654121032264854e-02,1.75654121032264854e-02,0.00000000000000000e+00,3.96077057090769946e+00,3.96077057090769946e+00,8.04283677925719198e-01,8.04348502742058047e-01,7.63287071499996728e+00,1,1,1,ok,radius labels permuted; distribution exactly preserved
41,5041,256,8.39999999999999969e-01,shape_descent,shape_channel,voro_radical,voro_radical_rebuilt,1,1,1.23580695252184403e-01,1.23581935438795351e-01,1.24018661094849048e-06,7.38096245556957714e-02,7.38096245556957714e-02,0.00000000000000000e+00,1.21759731246945044e-01,1.21696734021967568e-01,-6.29972249774762849e-05,5.44909330522126534e-01,5.44909330522126534e-01,0.00000000000000000e+00,1.49066935018716833e+02,1.49066935018716833e+02,0.00000000000000000e+00,1.55658257600493150e-01,1.55658257600493150e-01,0.00000000000000000e+00,6.50716710157764888e-01,6.50716710157764888e-01,0.00000000000000000e+00,6.96008386477763724e-03,7.26811325673404861e-03,3.08029391956411366e-04,1.75654121032264854e-02,1.75654121032264854e-02,0.00000000000000000e+00,3.96077057090769946e+00,3.96077057090769946e+00,8.04283677925719198e-01,8.04283677925719198e-01,4.86266006500000003e+00,0,1,0,ok,stochastic coordinate shape descent
42,5042,256,8.39999999999999969e-01,bounded_ricci_du010,sum_channel,voro_radical,voro_radical_fixed_topology,1,1,1.23961173236087505e-01,1.18692667612812233e-01,-5.26850562327527139e-03,7.50353675120667835e-02,5.60432976879883735e-02,-1.89920698240784100e-02,1.20941492985736518e-01,1.19551275114255173e-01,-1.39021787148134457e-03,5.48037975073069727e-01,4.08036962484979282e-01,-1.40001012588090445e-01,1.09640418232489438e+02,7.34221076180248247e+01,-3.62183106144646132e+01,1.50773999700387185e-01,1.19788030944901910e-01,-3.09859687554852742e-02,4.93184962674787730e-01,3.94224703332161475e-01,-9.89602593426262556e-02,3.59467302378461929e-04,1.10038717717149195e-01,1.09679250414770738e-01,3.84247491594269519e-03,1.15518045572773120e-01,1.11675570656830425e-01,3.96077057090769946e+00,4.02493492296138999e+00,7.75751493110016233e-01,8.38459674715808956e-01,1.16700307000002113e-01,1,1,1,ok,relative_bounded_ricci
42,5042,256,8.39999999999999969e-01,box_shear_aspect,shape_channel,voro_radical,voro_radical_rebuilt,1,1,1.23961173236087505e-01,1.23961173236087505e-01,0.00000000000000000e+00,7.50353675120667835e-02,7.50353675120667835e-02,0.00000000000000000e+00,1.20941492985736518e-01,1.20941492985736518e-01,0.00000000000000000e+00,5.48037975073069727e-01,5.48037975073069727e-01,0.00000000000000000e+00,1.09640418232489438e+02,1.09640418232489438e+02,0.00000000000000000e+00,1.50773999700387185e-01,1.50773999700387185e-01,0.00000000000000000e+00,4.93184962674787730e-01,4.93184962674787730e-01,0.00000000000000000e+00,3.59467302378461929e-04,3.59467302378461929e-04,0.00000000000000000e+00,3.84247491594269519e-03,3.84247491594269519e-03,0.00000000000000000e+00,3.96077057090769946e+00,3.96077057090769946e+00,7.75751493110016233e-01,7.75751493110016233e-01,2.86135000600000922e+00,0,0,0,ok,aspect-only box strain; shear omitted for rectangular voro++ container
42,5042,256,8.39999999999999969e-01,compression_step,coupled,voro_radical,voro_radical_rebuilt,1,1,1.23961173236087505e-01,1.24091791580388203e-01,1.30618344300698075e-04,7.50353675120667835e-02,7.43049228440384874e-02,-7.30444668028296107e-04,1.20941492985736518e-01,1.21063224865020191e-01,1.21731879283673572e-04,5.48037975073069727e-01,5.44677325888966113e-01,-3.36064918410361457e-03,1.09640418232489438e+02,1.09113429911440960e+02,-5.26988321048477815e-01,1.50773999700387185e-01,1.49587410324085596e-01,-1.18658937630158889e-03,4.93184962674787730e-01,4.94453932566888854e-01,1.26896989210112388e-03,3.59467302378461929e-04,0.00000000000000000e+00,-3.59467302378461929e-04,3.84247491594269519e-03,0.00000000000000000e+00,-3.84247491594269519e-03,3.96077057090769946e+00,3.96077057090769946e+00,7.75751493110016233e-01,7.76840082034562451e-01,1.19355339200001254e+00,1,0,0,ok,local phi scan best endpoint
42,5042,256,8.39999999999999969e-01,free_ricci,sum_channel,voro_radical,voro_radical_fixed_topology,1,1,1.23961173236087505e-01,1.15536000389985224e-01,-8.42517284610228012e-03,7.50353675120667835e-02,7.22451959642729159e-12,-7.50353675048422569e-02,1.20941492985736518e-01,1.17756998596567131e-01,-3.18449438916938721e-03,5.48037975073069727e-01,4.74355375530419477e-11,-5.48037975025634227e-01,1.09640418232489438e+02,7.79931187516234640e-09,-1.09640418224690123e+02,1.50773999700387185e-01,2.21260427600380188e-10,-1.50773999479126758e-01,4.93184962674787730e-01,3.67746543613396944e-10,-4.93184962307041175e-01,3.59467302378461929e-04,3.83626728229610059e+00,3.83590781499372202e+00,3.84247491594269519e-03,6.81599694930191680e-01,6.77757220014248984e-01,3.96077057090769946e+00,5.12935801114511847e+00,7.75751493110016233e-01,9.09736644640278702e-01,1.09863701000023184e-01,1,1,1,ok,converged: max_abs_K < tol
42,5042,256,8.39999999999999969e-01,post_voro_surgery,topology,voro_radical,post_surgery_nonradical,1,1,1.23961173236087505e-01,1.39137437527235591e-01,1.51762642911480866e-02,7.50353675120667835e-02,6.30401640868167024e-02,-1.19952034252500811e-02,1.20941492985736518e-01,1.45253221687369288e-01,2.43117287016327704e-02,5.48037975073069727e-01,4.57849783612654881e-01,-9.01881914604148460e-02,1.09640418232489438e+02,7.06386169545101836e+01,-3.90018012779792542e+01,1.50773999700387185e-01,1.31928057754790218e-01,-1.88459419455969668e-02,4.93184962674787730e-01,3.27613229289028418e-01,-1.65571733385759312e-01,3.59467302378461929e-04,3.59467302378461929e-04,0.00000000000000000e+00,3.84247491594269519e-03,3.84247491594269519e-03,0.00000000000000000e+00,3.96077057090769946e+00,3.96077057090769946e+00,7.75751493110016233e-01,8.19970899350887295e-01,4.88221664000000146e+01,1,0,0,ok,light topology surgery; no longer radical
42,5042,256,8.39999999999999969e-01,radius_label_swap,sum_channel,voro_radical,voro_radical_rebuilt,1,1,1.23961173236087505e-01,1.23672453114598693e-01,-2.88720121488811321e-04,7.50353675120667835e-02,7.48443238028581315e-02,-1.91043709208651991e-04,1.20941492985736518e-01,1.20894864951992267e-01,-4.66280337442503967e-05,5.48037975073069727e-01,5.45944158835093729e-01,-2.09381623797599836e-03,1.09640418232489438e+02,1.09125884180786315e+02,-5.14534051703122941e-01,1.50773999700387185e-01,1.50135622953370074e-01,-6.38376747017110890e-04,4.93184962674787730e-01,4.92762438191903129e-01,-4.22524482884600872e-04,3.59467302378461929e-04,3.50300705581549137e-04,-9.16659679691279178e-06,3.84247491594269519e-03,3.84247491594269519e-03,0.00000000000000000e+00,3.96077057090769946e+00,3.96077057090769946e+00,7.75751493110016233e-01,7.75751493110016122e-01,7.64709342800000513e+00,1,1,1,ok,radius labels permuted; distribution exactly preserved
42,5042,256,8.39999999999999969e-01,shape_descent,shape_channel,voro_radical,voro_radical_rebuilt,1,1,1.23961173236087505e-01,1.23961292983022428e-01,1.19746934923448123e-07,7.50353675120667835e-02,7.50353675120667835e-02,0.00000000000000000e+00,1.20941492985736518e-01,1.20887744471552996e-01,-5.37485141835214453e-05,5.48037975073069727e-01,5.48037975073069727e-01,0.00000000000000000e+00,1.09640418232489438e+02,1.09640418232489438e+02,0.00000000000000000e+00,1.50773999700387185e-01,1.50773999700387185e-01,0.00000000000000000e+00,4.93184962674787730e-01,4.93184962674787730e-01,0.00000000000000000e+00,3.59467302378461929e-04,3.79499523485161733e-04,2.00322211066998037e-05,3.84247491594269519e-03,3.84247491594269519e-03,0.00000000000000000e+00,3.96077057090769946e+00,3.96077057090769946e+00,7.75751493110016233e-01,7.75751493110016233e-01,4.86934919200001559e+00,0,1,0,ok,stochastic coordinate shape descent
43,5043,256,8.39999999999999969e-01,bounded_ricci_du010,sum_channel,voro_radical,voro_radical_fixed_topology,1,1,1.23789351123495692e-01,1.17317896798770860e-01,-6.47145432472483184e-03,8.03812928285142919e-02,6.30127156041406372e-02,-1.73685772243736547e-02,1.19229481377878352e-01,1.17561313650612689e-01,-1.66816772726566254e-03,5.76418510294970710e-01,4.49260207191324534e-01,-1.27158303103646175e-01,1.39502250075133276e+02,1.02490128027568559e+02,-3.70121220475647164e+01,1.58848130199190696e-01,1.30329741317900233e-01,-2.85183888812904629e-02,6.03819408302772920e-01,5.20839989309990647e-01,-8.29794189927822723e-02,2.68775546307757759e-03,1.16812481292915174e-01,1.14124725829837598e-01,9.44411506912801180e-03,1.12572149742748095e-01,1.03128034673620084e-01,3.96077057090769946e+00,3.89356128883606800e+00,8.14850189814362635e-01,8.70535317838788125e-01,1.25293045999995911e-01,1,1,1,ok,relative_bounded_ricci
43,5043,256,8.39999999999999969e-01,box_shear_aspect,shape_channel,voro_radical,voro_radical_rebuilt,1,1,1.23789351123495692e-01,1.23789150221365399e-01,-2.00902130292890391e-07,8.03812928285142919e-02,8.03812928285142503e-02,-4.16333634234433703e-17,1.19229481377878352e-01,1.19230471703601099e-01,9.90325722746709936e-07,5.76418510294970710e-01,5.76418510294970710e-01,0.00000000000000000e+00,1.39502250075133276e+02,1.39502250075133276e+02,0.00000000000000000e+00,1.58848130199190696e-01,1.58848130199190696e-01,0.00000000000000000e+00,6.03819408302772920e-01,6.03819408302772920e-01,0.00000000000000000e+00,2.68775546307757759e-03,2.68746582955352049e-03,-2.89633524057104214e-07,9.44411506912801180e-03,9.46848750709405884e-03,2.43724379660470447e-05,3.96077057090769946e+00,3.96077057090769946e+00,8.14850189814362635e-01,8.14850189814362635e-01,3.51652090799998973e+00,1,0,0,ok,aspect-only box strain; shear omitted for rectangular voro++ container
43,5043,256,8.39999999999999969e-01,compression_step,coupled,voro_radical,voro_radical_rebuilt,1,1,1.23789351123495692e-01,1.23789351123495664e-01,-2.77555756156289135e-17,8.03812928285142919e-02,8.03812928285142780e-02,-1.38777878078144568e-17,1.19229481377878352e-01,1.19229481377878380e-01,2.77555756156289135e-17,5.76418510294970710e-01,5.76418510294970710e-01,0.00000000000000000e+00,1.39502250075133276e+02,1.39502250075133276e+02,0.00000000000000000e+00,1.58848130199190696e-01,1.58848130199190696e-01,0.00000000000000000e+00,6.03819408302772920e-01,6.03819408302772920e-01,0.00000000000000000e+00,2.68775546307757759e-03,0.00000000000000000e+00,-2.68775546307757759e-03,9.44411506912801180e-03,0.00000000000000000e+00,-9.44411506912801180e-03,3.96077057090769946e+00,3.96077057090769946e+00,8.14850189814362635e-01,8.14850189814362635e-01,1.35564000700000520e+00,1,0,0,ok,local phi scan best endpoint
43,5043,256,8.39999999999999969e-01,free_ricci,sum_channel,voro_radical,voro_radical_fixed_topology,1,1,1.23789351123495692e-01,1.10696420565512779e-01,-1.30929305579829125e-02,8.03812928285142919e-02,8.85873212859015104e-12,-8.03812928196555587e-02,1.19229481377878352e-01,1.14359476941987850e-01,-4.87000443589050147e-03,5.76418510294970710e-01,5.76912729856736726e-11,-5.76418510237279413e-01,1.39502250075133276e+02,9.77749596153502759e-09,-1.39502250065355781e+02,1.58848130199190696e-01,2.72037038078634718e-10,-1.58848129927153664e-01,6.03819408302772920e-01,4.60020300603853916e-10,-6.03819407842752565e-01,2.68775546307757759e-03,4.80525239839145701e+00,4.80256464292837926e+00,9.44411506912801180e-03,4.57589787465148667e-01,4.48145672396020656e-01,3.96077057090769946e+00,4.93214169867662378e+00,8.14850189814362635e-01,9.29090005589733203e-01,1.62469823000009228e-01,1,1,1,ok,converged: max_abs_K < tol
43,5043,256,8.39999999999999969e-01,post_voro_surgery,topology,voro_radical,post_surgery_nonradical,1,1,1.23789351123495692e-01,1.34322001713898936e-01,1.05326505904032447e-02,8.03812928285142919e-02,6.80789601441890435e-02,-1.23023326843252484e-02,1.19229481377878352e-01,1.37464650335161365e-01,1.82351689572830128e-02,5.76418510294970710e-01,4.81152195949670736e-01,-9.52663143452999739e-02,1.39502250075133276e+02,7.21485793400609481e+01,-6.73536707350723276e+01,1.58848130199190696e-01,1.32690661657701658e-01,-2.61574685414890373e-02,6.03819408302772920e-01,3.36534903007927710e-01,-2.67284505294845209e-01,2.68775546307757759e-03,2.68775546307757759e-03,0.00000000000000000e+00,9.44411506912801180e-03,9.44411506912801180e-03,0.00000000000000000e+00,3.96077057090769946e+00,3.96077057090769946e+00,8.14850189814362635e-01,8.34559324708417094e-01,6.73696449740000105e+01,1,0,0,ok,light topology surgery; no longer radical
43,5043,256,8.39999999999999969e-01,radius_label_swap,sum_channel,voro_radical,voro_radical_rebuilt,1,1,1.23789351123495692e-01,1.23780807203376295e-01,-8.54392011939708595e-06,8.03812928285142919e-02,8.03686029515699590e-02,-1.26898769443328785e-05,1.19229481377878352e-01,1.19227940246822553e-01,-1.54113105579889442e-06,5.76418510294970710e-01,5.76348851143540175e-01,-6.96591514305344717e-05,1.39502250075133276e+02,1.39495379503355110e+02,-6.87057177816541298e-03,1.58848130199190696e-01,1.58833486319652939e-01,-1.46438795377568098e-05,6.03819408302772920e-01,6.03834351133729963e-01,1.49428309570431850e-05,2.68775546307757759e-03,2.68342770770461925e-03,-4.32775537295834387e-06,9.44411506912801180e-03,9.44411506912801180e-03,0.00000000000000000e+00,3.96077057090769946e+00,3.96077057090769946e+00,8.14850189814362635e-01,8.14888213993167132e-01,5.51028433800001949e+00,1,1,1,ok,radius labels permuted; distribution exactly preserved
43,5043,256,8.39999999999999969e-01,shape_descent,shape_channel,voro_radical,voro_radical_rebuilt,1,1,1.23789351123495692e-01,1.23753642824224311e-01,-3.57082992713808611e-05,8.03812928285142919e-02,7.95853254669367655e-02,-7.95967361577526455e-04,1.19229481377878352e-01,1.19153939381342472e-01,-7.55419965358800072e-05,5.76418510294970710e-01,5.70400248063221427e-01,-6.01826223174928288e-03,1.39502250075133276e+02,1.39870923484612888e+02,3.68673409479612246e-01,1.58848130199190696e-01,1.58945494238173168e-01,9.73640389824725894e-05,6.03819408302772920e-01,6.04981030720920132e-01,1.16162241814721234e-03,2.68775546307757759e-03,2.80239935358002996e-03,1.14643890502452370e-04,9.44411506912801180e-03,9.44411506912801180e-03,0.00000000000000000e+00,3.96077057090769946e+00,3.96077057090769946e+00,8.14850189814362635e-01,8.16051102073932499e-01,5.06808314799999948e+00,1,1,1,ok,stochastic coordinate shape descent
44,5044,256,8.39999999999999969e-01,bounded_ricci_du010,sum_channel,voro_radical,voro_radical_fixed_topology,1,1,1.21012365010074632e-01,1.14237416994475413e-01,-6.77494801559921922e-03,8.13567541564140656e-02,6.20807033850961087e-02,-1.92760507713179569e-02,1.14548738208412396e-01,1.13144901394518271e-01,-1.40383681389412429e-03,5.87327968347979068e-01,4.47429915755293894e-01,-1.39898052592685174e-01,1.37511334194596486e+02,9.39616752621247855e+01,-4.35496589324717007e+01,1.56038846393121183e-01,1.24631942454501307e-01,-3.14069039386198762e-02,6.03847154472746950e-01,4.94943283149860469e-01,-1.08903871322886481e-01,1.73101075317020221e-04,9.74864711877318907e-02,9.73133701124148653e-02,2.71207971395304170e-03,9.68857895051034035e-02,9.41737097911503618e-02,3.96077057090769946e+00,3.92729744863743768e+00,7.76623695405434300e-01,8.38680645266800862e-01,1.34965711000006650e-01,1,1,1,ok,relative_bounded_ricci
44,5044,256,8.39999999999999969e-01,box_shear_aspect,shape_channel,voro_radical,voro_radical_rebuilt,1,1,1.21012365010074632e-01,1.21012365010074632e-01,0.00000000000000000e+00,8.13567541564140656e-02,8.13567541564140656e-02,0.00000000000000000e+00,1.14548738208412396e-01,1.14548738208412396e-01,0.00000000000000000e+00,5.87327968347979068e-01,5.87327968347979068e-01,0.00000000000000000e+00,1.37511334194596486e+02,1.37511334194596486e+02,0.00000000000000000e+00,1.56038846393121183e-01,1.56038846393121183e-01,0.00000000000000000e+00,6.03847154472746950e-01,6.03847154472746950e-01,0.00000000000000000e+00,1.73101075317020221e-04,1.73101075317020221e-04,0.00000000000000000e+00,2.71207971395304170e-03,2.71207971395304170e-03,0.00000000000000000e+00,3.96077057090769946e+00,3.96077057090769946e+00,7.76623695405434300e-01,7.76623695405434300e-01,2.86945446999999376e+00,0,0,0,ok,aspect-only box strain; shear omitted for rectangular voro++ container
44,5044,256,8.39999999999999969e-01,compression_step,coupled,voro_radical,voro_radical_rebuilt,1,1,1.21012365010074632e-01,1.21012365010074563e-01,-6.93889390390722838e-17,8.13567541564140656e-02,8.13567541564140656e-02,0.00000000000000000e+00,1.14548738208412396e-01,1.14548738208412507e-01,1.11022302462515654e-16,5.87327968347979068e-01,5.87327968347979068e-01,0.00000000000000000e+00,1.37511334194596486e+02,1.37511334194596486e+02,0.00000000000000000e+00,1.56038846393121183e-01,1.56038846393121183e-01,0.00000000000000000e+00,6.03847154472746950e-01,6.03847154472746950e-01,0.00000000000000000e+00,1.73101075317020221e-04,0.00000000000000000e+00,-1.73101075317020221e-04,2.71207971395304170e-03,0.00000000000000000e+00,-2.71207971395304170e-03,3.96077057090769946e+00,3.96077057090769946e+00,7.76623695405434300e-01,7.76623695405434300e-01,9.99610908999983394e-01,0,0,0,ok,local phi scan best endpoint
44,5044,256,8.39999999999999969e-01,free_ricci,sum_channel,voro_radical,voro_radical_fixed_topology,1,1,1.21012365010074632e-01,1.08241557123257240e-01,-1.27708078868173924e-02,8.13567541564140656e-02,6.58104115735375263e-12,-8.13567541498330243e-02,1.14548738208412396e-01,1.11083112804057180e-01,-3.46562540435521593e-03,5.87327968347979068e-01,4.62846202796784363e-11,-5.87327968301694425e-01,1.37511334194596486e+02,7.83315669345896182e-09,-1.37511334186763321e+02,1.56038846393121183e-01,2.15002600792480059e-10,-1.56038846178118584e-01,6.03847154472746950e-01,4.50786666615672265e-10,-6.03847154021960320e-01,1.73101075317020221e-04,3.60996175395288965e+00,3.60978865287757245e+00,2.71207971395304170e-03,4.92728139490913986e-01,4.90016059776960944e-01,3.96077057090769946e+00,4.73301316287828122e+00,7.76623695405434300e-01,9.13787843892093332e-01,2.44965551999996478e-01,1,1,1,ok,converged: max_abs_K < tol
44,5044,256,8.39999999999999969e-01,post_voro_surgery,topology,voro_radical,post_surgery_nonradical,1,1,1.21012365010074632e-01,1.43782104673206262e-01,2.27697396631316301e-02,8.13567541564140656e-02,6.66964154487983824e-02,-1.46603387076156833e-02,1.14548738208412396e-01,1.47419073059963796e-01,3.28703348515513999e-02,5.87327968347979068e-01,4.89450642175223716e-01,-9.78773261727553523e-02,1.37511334194596486e+02,8.16121206436778266e+01,-5.58992135509186596e+01,1.56038846393121183e-01,1.34239642038423451e-01,-2.17992043546977321e-02,6.03847154472746950e-01,3.94151791435819687e-01,-2.09695363036927263e-01,1.73101075317020221e-04,1.73101075317020221e-04,0.00000000000000000e+00,2.71207971395304170e-03,2.71207971395304170e-03,0.00000000000000000e+00,3.96077057090769946e+00,3.96077057090769946e+00,7.76623695405434300e-01,8.21588378531183383e-01,4.91226537320000318e+01,1,0,0,ok,light topology surgery; no longer radical
44,5044,256,8.39999999999999969e-01,radius_label_swap,sum_channel,voro_radical,voro_radical_rebuilt,1,1,1.21012365010074632e-01,1.21012365010074632e-01,0.00000000000000000e+00,8.13567541564140656e-02,8.13567541564140656e-02,0.00000000000000000e+00,1.14548738208412396e-01,1.14548738208412396e-01,0.00000000000000000e+00,5.87327968347979068e-01,5.87327968347979068e-01,0.00000000000000000e+00,1.37511334194596486e+02,1.37511334194596486e+02,0.00000000000000000e+00,1.56038846393121183e-01,1.56038846393121183e-01,0.00000000000000000e+00,6.03847154472746950e-01,6.03847154472746950e-01,0.00000000000000000e+00,1.73101075317020221e-04,1.73101075317020221e-04,0.00000000000000000e+00,2.71207971395304170e-03,2.71207971395304170e-03,0.00000000000000000e+00,3.96077057090769946e+00,3.96077057090769946e+00,7.76623695405434300e-01,7.76623695405434300e-01,6.63426467499999717e+00,0,0,0,ok,radius labels permuted; distribution exactly preserved
44,5044,256,8.39999999999999969e-01,shape_descent,shape_channel,voro_radical,voro_radical_rebuilt,1,1,1.21012365010074632e-01,1.21030987389045552e-01,1.86223789709200060e-05,8.13567541564140656e-02,8.13567541564140656e-02,0.00000000000000000e+00,1.14548738208412396e-01,1.14602808056278441e-01,5.40698478660450732e-05,5.87327968347979068e-01,5.87327968347979068e-01,0.00000000000000000e+00,1.37511334194596486e+02,1.37511334194596486e+02,0.00000000000000000e+00,1.56038846393121183e-01,1.56038846393121183e-01,0.00000000000000000e+00,6.03847154472746950e-01,6.03847154472746950e-01,0.00000000000000000e+00,1.73101075317020221e-04,1.75167807020342939e-04,2.06673170332271824e-06,2.71207971395304170e-03,2.71207971395304170e-03,0.00000000000000000e+00,3.96077057090769946e+00,3.96077057090769946e+00,7.76623695405434300e-01,7.76623695405434300e-01,4.91435610299998871e+00,0,0,0,ok,stochastic coordinate shape descent
45,5045,256,8.39999999999999969e-01,bounded_ricci_du010,sum_channel,voro_radical,voro_radical_fixed_topology,1,1,1.20140005498410640e-01,1.13581609220015325e-01,-6.55839627839531480e-03,7.57125270896226998e-02,5.42999954257932724e-02,-2.14125316638294275e-02,1.17970270668497842e-01,1.16265739376536129e-01,-1.70453129196171393e-03,5.55240634784243237e-01,3.95726638986337254e-01,-1.59513995797905983e-01,1.10884113611935007e+02,7.16729323855273606e+01,-3.92111812264076462e+01,1.46632304858583473e-01,1.11526113088217124e-01,-3.51061917703663490e-02,5.13244641135561119e-01,4.10121848555264290e-01,-1.03122792580296829e-01,8.06432452792792023e-04,1.79998447801092892e-01,1.79192015348300093e-01,5.02147256528573394e-03,1.26728342387143700e-01,1.21706869821857966e-01,3.96077057090769946e+00,3.83341038684410185e+00,8.18275977236391117e-01,8.82043938205307132e-01,1.49367041000004974e-01,1,1,1,ok,relative_bounded_ricci
45,5045,256,8.39999999999999969e-01,box_shear_aspect,shape_channel,voro_radical,voro_radical_rebuilt,1,1,1.20140005498410640e-01,1.20140005498410640e-01,0.00000000000000000e+00,7.57125270896226998e-02,7.57125270896226998e-02,0.00000000000000000e+00,1.17970270668497842e-01,1.17970270668497842e-01,0.00000000000000000e+00,5.55240634784243237e-01,5.55240634784243237e-01,0.00000000000000000e+00,1.10884113611935007e+02,1.10884113611935007e+02,0.00000000000000000e+00,1.46632304858583473e-01,1.46632304858583473e-01,0.00000000000000000e+00,5.13244641135561119e-01,5.13244641135561119e-01,0.00000000000000000e+00,8.06432452792792023e-04,8.06432452792792023e-04,0.00000000000000000e+00,5.02147256528573394e-03,5.02147256528573394e-03,0.00000000000000000e+00,3.96077057090769946e+00,3.96077057090769946e+00,8.18275977236391117e-01,8.18275977236391117e-01,3.30374566200001141e+00,0,0,0,ok,aspect-only box strain; shear omitted for rectangular voro++ container
45,5045,256,8.39999999999999969e-01,compression_step,coupled,voro_radical,voro_radical_rebuilt,1,1,1.20140005498410640e-01,1.20231632145850517e-01,9.16266474398769182e-05,7.57125270896226998e-02,7.63734459180895331e-02,6.60918828466833252e-04,1.17970270668497842e-01,1.18183262436973871e-01,2.12991768476028520e-04,5.55240634784243237e-01,5.58626497625223761e-01,3.38586284098052470e-03,1.10884113611935007e+02,1.12979454698197884e+02,2.09534108626287718e+00,1.46632304858583473e-01,1.48544516530242227e-01,1.91221167165875339e-03,5.13244641135561119e-01,5.17357156522483486e-01,4.11251538692236629e-03,8.06432452792792023e-04,0.00000000000000000e+00,-8.06432452792792023e-04,5.02147256528573394e-03,0.00000000000000000e+00,-5.02147256528573394e-03,3.96077057090769946e+00,3.96077057090769946e+00,8.18275977236391117e-01,8.15288945252421016e-01,1.23813314699998500e+00,0,0,0,ok,local phi scan best endpoint
45,5045,256,8.39999999999999969e-01,free_ricci,sum_channel,voro_radical,voro_radical_fixed_topology,1,1,1.20140005498410640e-01,1.10873926438901663e-01,-9.26607905950897759e-03,7.57125270896226998e-02,8.88105131075176666e-12,-7.57125270807416512e-02,1.17970270668497842e-01,1.14573463412641435e-01,-3.39680725585640719e-03,5.55240634784243237e-01,5.77048910949595179e-11,-5.55240634726538396e-01,1.10884113611935007e+02,9.52581883967943928e-09,-1.10884113602409187e+02,1.46632304858583473e-01,2.69650429064466944e-10,-1.46632304588933032e-01,5.13244641135561119e-01,4.67444011329305267e-10,-5.13244640668117147e-01,8.06432452792792023e-04,4.13803419795337479e+00,4.13722776550058224e+00,5.02147256528573394e-03,5.58536908250784281e-01,5.53515435685498547e-01,3.96077057090769946e+00,4.95260929485137513e+00,8.18275977236391117e-01,9.32339960289875314e-01,1.28585013000019899e-01,1,1,1,ok,converged: max_abs_K < tol
45,5045,256,8.39999999999999969e-01,post_voro_surgery,topology,voro_radical,post_surgery_nonradical,1,1,1.20140005498410640e-01,1.51471539768339353e-01,3.13315342699287125e-02,7.57125270896226998e-02,6.34908777598217205e-02,-1.22216493298009793e-02,1.17970270668497842e-01,1.60147063016409769e-01,4.21767923479119261e-02,5.55240634784243237e-01,4.68741802967483578e-01,-8.64988318167596582e-02,1.10884113611935007e+02,8.37268719049747290e+01,-2.71572417069602778e+01,1.46632304858583473e-01,1.40659844888901042e-01,-5.97245996968243098e-03,5.13244641135561119e-01,3.82352324406522781e-01,-1.30892316729038338e-01,8.06432452792792023e-04,8.06432452792792023e-04,0.00000000000000000e+00,5.02147256528573394e-03,5.02147256528573394e-03,0.00000000000000000e+00,3.96077057090769946e+00,3.96077057090769946e+00,8.18275977236391117e-01,8.48335193981847979e-01,6.56584861279999927e+01,1,0,0,ok,light topology surgery; no longer radical
45,5045,256,8.39999999999999969e-01,radius_label_swap,sum_channel,voro_radical,voro_radical_rebuilt,1,1,1.20140005498410640e-01,1.20139115976282754e-01,-8.89522127886510638e-07,7.57125270896226998e-02,7.57124428642147601e-02,-8.42254079397308786e-08,1.17970270668497842e-01,1.17970564848990545e-01,2.94180492702023066e-07,5.55240634784243237e-01,5.55220523674764377e-01,-2.01111094788597455e-05,1.10884113611935007e+02,1.10881700098245759e+02,-2.41351368924824783e-03,1.46632304858583473e-01,1.46629578808412459e-01,-2.72605017101468228e-06,5.13244641135561119e-01,5.13241306859950508e-01,-3.33427561061139244e-06,8.06432452792792023e-04,8.09282053827334552e-04,2.84960103454252878e-06,5.02147256528573394e-03,5.02147256528573394e-03,0.00000000000000000e+00,3.96077057090769946e+00,3.96077057090769946e+00,8.18275977236391117e-01,8.18287665477518078e-01,8.44824954000000616e+00,1,0,0,ok,radius labels permuted; distribution exactly preserved
45,5045,256,8.39999999999999969e-01,shape_descent,shape_channel,voro_radical,voro_radical_rebuilt,1,1,1.20140005498410640e-01,1.20108797737755804e-01,-3.12077606548361031e-05,7.57125270896226998e-02,7.57125270896226998e-02,0.00000000000000000e+00,1.17970270668497842e-01,1.17899368466895096e-01,-7.09022016027460733e-05,5.55240634784243237e-01,5.55240634784243237e-01,0.00000000000000000e+00,1.10884113611935007e+02,1.10884113611935007e+02,0.00000000000000000e+00,1.46632304858583473e-01,1.46632304858583473e-01,0.00000000000000000e+00,5.13244641135561119e-01,5.13244641135561119e-01,0.00000000000000000e+00,8.06432452792792023e-04,8.22738628380444950e-04,1.63061755876529272e-05,5.02147256528573394e-03,5.02147256528573394e-03,0.00000000000000000e+00,3.96077057090769946e+00,3.96077057090769946e+00,8.18275977236391117e-01,8.18275977236391117e-01,5.17368300599997610e+00,0,1,0,ok,stochastic coordinate shape descent
46,5046,256,8.39999999999999969e-01,bounded_ricci_du010,sum_channel,voro_radical,voro_radical_fixed_topology,1,1,1.15904969892216977e-01,1.09725242087508820e-01,-6.17972780470815719e-03,7.74021573985899658e-02,5.86069984501055921e-02,-1.87951589484843737e-02,1.12520814516792231e-01,1.10542739123300177e-01,-1.97807539349205419e-03,5.44755505297266240e-01,4.13159740276210219e-01,-1.31595765021056021e-01,1.42823556313664568e+02,9.98778479998372148e+01,-4.29457083138273532e+01,1.50208708429533933e-01,1.19973290757222670e-01,-3.02354176723112628e-02,6.41372065185596640e-01,5.36222103895765634e-01,-1.05149961289831007e-01,3.78800850014238729e-04,1.10943721965303763e-01,1.10564921115289524e-01,3.72534411623481887e-03,9.12920042814560073e-02,8.75666601652211884e-02,3.96077057090769946e+00,4.02056200683094644e+00,8.29130525722650336e-01,8.83404999476541164e-01,1.95016299999991816e-01,1,1,1,ok,relative_bounded_ricci
46,5046,256,8.39999999999999969e-01,box_shear_aspect,shape_channel,voro_radical,voro_radical_rebuilt,1,1,1.15904969892216977e-01,1.15904969892216977e-01,0.00000000000000000e+00,7.74021573985899658e-02,7.74021573985899658e-02,0.00000000000000000e+00,1.12520814516792231e-01,1.12520814516792231e-01,0.00000000000000000e+00,5.44755505297266240e-01,5.44755505297266240e-01,0.00000000000000000e+00,1.42823556313664568e+02,1.42823556313664568e+02,0.00000000000000000e+00,1.50208708429533933e-01,1.50208708429533933e-01,0.00000000000000000e+00,6.41372065185596640e-01,6.41372065185596640e-01,0.00000000000000000e+00,3.78800850014238729e-04,3.78800850014238729e-04,0.00000000000000000e+00,3.72534411623481887e-03,3.72534411623481887e-03,0.00000000000000000e+00,3.96077057090769946e+00,3.96077057090769946e+00,8.29130525722650336e-01,8.29130525722650336e-01,3.11672853000001737e+00,0,0,0,ok,aspect-only box strain; shear omitted for rectangular voro++ container
46,5046,256,8.39999999999999969e-01,compression_step,coupled,voro_radical,voro_radical_rebuilt,1,1,1.15904969892216977e-01,1.15904969892216950e-01,-2.77555756156289135e-17,7.74021573985899658e-02,7.74021573985899103e-02,-5.55111512312578270e-17,1.12520814516792231e-01,1.12520814516792314e-01,8.32667268468867405e-17,5.44755505297266240e-01,5.44755505297266240e-01,0.00000000000000000e+00,1.42823556313664568e+02,1.42823556313664568e+02,0.00000000000000000e+00,1.50208708429533933e-01,1.50208708429533933e-01,0.00000000000000000e+00,6.41372065185596640e-01,6.41372065185596640e-01,0.00000000000000000e+00,3.78800850014238729e-04,0.00000000000000000e+00,-3.78800850014238729e-04,3.72534411623481887e-03,0.00000000000000000e+00,-3.72534411623481887e-03,3.96077057090769946e+00,3.96077057090769946e+00,8.29130525722650336e-01,8.29130525722650336e-01,1.27607629999999972e+00,1,0,0,ok,local phi scan best endpoint
46,5046,256,8.39999999999999969e-01,free_ricci,sum_channel,voro_radical,voro_radical_fixed_topology,1,1,1.15904969892216977e-01,1.04289346103640393e-01,-1.16156237885765845e-02,7.74021573985899658e-02,6.67641688737469320e-12,-7.74021573919135425e-02,1.12520814516792231e-01,1.06833163617468904e-01,-5.68765089932332657e-03,5.44755505297266240e-01,4.72130490622276796e-11,-5.44755505250053229e-01,1.42823556313664568e+02,7.75047930902073264e-09,-1.42823556305914082e+02,1.50208708429533933e-01,2.18663259996383688e-10,-1.50208708210870678e-01,6.41372065185596640e-01,4.41828527676201433e-10,-6.41372064743768067e-01,3.78800850014238729e-04,4.04876697799419993e+00,4.04838817714418564e+00,3.72534411623481887e-03,5.78032568451177786e-01,5.74307224334942967e-01,3.96077057090769946e+00,5.34003777909561528e+00,8.29130525722650336e-01,9.26022133826113092e-01,1.35112074999995002e-01,1,1,1,ok,converged: max_abs_K < tol
46,5046,256,8.39999999999999969e-01,post_voro_surgery,topology,voro_radical,post_surgery_nonradical,1,1,1.15904969892216977e-01,1.39655665271424673e-01,2.37506953792076952e-02,7.74021573985899658e-02,6.90442342022762751e-02,-8.35792319631369074e-03,1.12520814516792231e-01,1.47873710305435696e-01,3.53528957886434653e-02,5.44755505297266240e-01,4.89778223081049013e-01,-5.49772822162172270e-02,1.42823556313664568e+02,8.00507173868263493e+01,-6.27728389268382188e+01,1.50208708429533933e-01,1.33824830343457102e-01,-1.63838780860768307e-02,6.41372065185596640e-01,3.86240919792490756e-01,-2.55131145393105885e-01,3.78800850014238729e-04,3.78800850014238729e-04,0.00000000000000000e+00,3.72534411623481887e-03,3.72534411623481887e-03,0.00000000000000000e+00,3.96077057090769946e+00,3.96077057090769946e+00,8.29130525722650336e-01,8.51662044788259687e-01,6.34954141020000122e+01,1,0,0,ok,light topology surgery; no longer radical
46,5046,256,8.39999999999999969e-01,radius_label_swap,sum_channel,voro_radical,voro_radical_rebuilt,1,1,1.15904969892216977e-01,1.15904969892216977e-01,0.00000000000000000e+00,7.74021573985899658e-02,7.74021573985899658e-02,0.00000000000000000e+00,1.12520814516792231e-01,1.12520814516792231e-01,0.00000000000000000e+00,5.44755505297266240e-01,5.44755505297266240e-01,0.00000000000000000e+00,1.42823556313664568e+02,1.42823556313664568e+02,0.00000000000000000e+00,1.50208708429533933e-01,1.50208708429533933e-01,0.00000000000000000e+00,6.41372065185596640e-01,6.41372065185596640e-01,0.00000000000000000e+00,3.78800850014238729e-04,3.78800850014238729e-04,0.00000000000000000e+00,3.72534411623481887e-03,3.72534411623481887e-03,0.00000000000000000e+00,3.96077057090769946e+00,3.96077057090769946e+00,8.29130525722650336e-01,8.29130525722650336e-01,8.08242805200001158e+00,0,0,0,ok,radius labels permuted; distribution exactly preserved
46,5046,256,8.39999999999999969e-01,shape_descent,shape_channel,voro_radical,voro_radical_rebuilt,1,1,1.15904969892216977e-01,1.15833108219763614e-01,-7.18616724533632789e-05,7.74021573985899658e-02,7.74021573985899936e-02,2.77555756156289135e-17,1.12520814516792231e-01,1.12324540690776298e-01,-1.96273826015933017e-04,5.44755505297266240e-01,5.44755505297266240e-01,0.00000000000000000e+00,1.42823556313664568e+02,1.42823556313664568e+02,0.00000000000000000e+00,1.50208708429533933e-01,1.50208708429533933e-01,0.00000000000000000e+00,6.41372065185596640e-01,6.41372065185596640e-01,0.00000000000000000e+00,3.78800850014238729e-04,3.83891389315209710e-04,5.09053930097098060e-06,3.72534411623481887e-03,3.72640030724369353e-03,1.05619100887466288e-06,3.96077057090769946e+00,3.96077057090769946e+00,8.29130525722650336e-01,8.29130525722650336e-01,4.81127279199998270e+00,0,1,0,ok,stochastic coordinate shape descent
47,5047,256,8.39999999999999969e-01,bounded_ricci_du010,sum_channel,voro_radical,voro_radical_fixed_topology,1,1,1.22825200186787817e-01,1.17222832186637357e-01,-5.60236800015045944e-03,7.50386728025596306e-02,5.72574236443001983e-02,-1.77812491582594323e-02,1.20847588972321118e-01,1.19307456612569029e-01,-1.54013235975208884e-03,5.46387282156605814e-01,4.17175913435934409e-01,-1.29211368720671405e-01,1.10126419048110705e+02,7.62426537298342453e+01,-3.38837653182764598e+01,1.48298054779359256e-01,1.19375499060917947e-01,-2.89225557184413090e-02,5.04148589442030115e-01,4.13358607838671732e-01,-9.07899816033583829e-02,1.47738842670644986e-07,7.86627139267357250e-02,7.86625661878930516e-02,7.67635169585112465e-05,8.51504349766016855e-02,8.50736714596431742e-02,3.96077057090769946e+00,3.66726259348986217e+00,7.85707838508841627e-01,8.43537010792823505e-01,1.40907415000015135e-01,1,1,1,ok,relative_bounded_ricci
47,5047,256,8.39999999999999969e-01,box_shear_aspect,shape_channel,voro_radical,voro_radical_rebuilt,1,1,1.22825200186787817e-01,1.22825200186787817e-01,0.00000000000000000e+00,7.50386728025596306e-02,7.50386728025596306e-02,0.00000000000000000e+00,1.20847588972321118e-01,1.20847588972321118e-01,0.00000000000000000e+00,5.46387282156605814e-01,5.46387282156605814e-01,0.00000000000000000e+00,1.10126419048110705e+02,1.10126419048110705e+02,0.00000000000000000e+00,1.48298054779359256e-01,1.48298054779359256e-01,0.00000000000000000e+00,5.04148589442030115e-01,5.04148589442030115e-01,0.00000000000000000e+00,1.47738842670644986e-07,1.47738842670644986e-07,0.00000000000000000e+00,7.67635169585112465e-05,7.67635169585112465e-05,0.00000000000000000e+00,3.96077057090769946e+00,3.96077057090769946e+00,7.85707838508841627e-01,7.85707838508841627e-01,3.35715437700000052e+00,0,0,0,ok,aspect-only box strain; shear omitted for rectangular voro++ container
47,5047,256,8.39999999999999969e-01,compression_step,coupled,voro_radical,voro_radical_rebuilt,1,1,1.22825200186787817e-01,1.22825210936414242e-01,1.07496264251105700e-08,7.50386728025596306e-02,7.50386728025596028e-02,-2.77555756156289135e-17,1.20847588972321118e-01,1.20847660827507183e-01,7.18551860651173158e-08,5.46387282156605814e-01,5.46387282156605814e-01,0.00000000000000000e+00,1.10126419048110705e+02,1.10126419048110705e+02,0.00000000000000000e+00,1.48298054779359256e-01,1.48298054779359256e-01,0.00000000000000000e+00,5.04148589442030115e-01,5.04148589442030115e-01,0.00000000000000000e+00,1.47738842670644986e-07,1.46977887992574484e-07,-7.60954678070502070e-10,7.67635169585112465e-05,7.65607774444454492e-05,-2.02739514065797266e-07,3.96077057090769946e+00,3.96077057090769946e+00,7.85707838508841627e-01,7.85707838508841627e-01,1.52483239200000753e+00,1,0,0,ok,local phi scan best endpoint
47,5047,256,8.39999999999999969e-01,free_ricci,sum_channel,voro_radical,voro_radical_fixed_topology,1,1,1.22825200186787817e-01,1.14435995308995786e-01,-8.38920487779203083e-03,7.50386728025596306e-02,6.20494137221998854e-12,-7.50386727963546912e-02,1.20847588972321118e-01,1.17082467930415837e-01,-3.76512104190528107e-03,5.46387282156605814e-01,4.51538939705402527e-11,-5.46387282111451933e-01,1.10126419048110705e+02,7.81507439213004291e-09,-1.10126419040295630e+02,1.48298054779359256e-01,2.12295393097943771e-10,-1.48298054567063853e-01,5.04148589442030115e-01,4.41819052638604863e-10,-5.04148589000211089e-01,1.47738842670644986e-07,3.51394002584413467e+00,3.51393987810529218e+00,7.67635169585112465e-05,4.55496528641825549e-01,4.55419765124867038e-01,3.96077057090769946e+00,4.38688541585691993e+00,7.85707838508841627e-01,9.14936970301450048e-01,1.81395616000003201e-01,1,1,1,ok,converged: max_abs_K < tol
47,5047,256,8.39999999999999969e-01,post_voro_surgery,topology,voro_radical,post_surgery_nonradical,1,1,1.22825200186787817e-01,1.49818756018942595e-01,2.69935558321547781e-02,7.50386728025596306e-02,6.57331190274202809e-02,-9.30555377513934967e-03,1.20847588972321118e-01,1.58588052512602939e-01,3.77404635402818212e-02,5.46387282156605814e-01,4.70305188021779064e-01,-7.60820941348267499e-02,1.10126419048110705e+02,7.97590996660138956e+01,-3.03673193820968095e+01,1.48298054779359256e-01,1.37593122022706765e-01,-1.07049327566524910e-02,5.04148589442030115e-01,3.68790279145637556e-01,-1.35358310296392559e-01,1.47738842670644986e-07,1.47738842670644986e-07,0.00000000000000000e+00,7.67635169585112465e-05,7.67635169585112465e-05,0.00000000000000000e+00,3.96077057090769946e+00,3.96077057090769946e+00,7.85707838508841627e-01,8.29650636101571637e-01,6.69434842340000102e+01,1,0,0,ok,light topology surgery; no longer radical
47,5047,256,8.39999999999999969e-01,radius_label_swap,sum_channel,voro_radical,voro_radical_rebuilt,1,1,1.22825200186787817e-01,1.22810317075807654e-01,-1.48831109801628170e-05,7.50386728025596306e-02,7.50664150193937618e-02,2.77422168341312503e-05,1.20847588972321118e-01,1.20836706560418658e-01,-1.08824119024603094e-05,5.46387282156605814e-01,5.46453629980894751e-01,6.63478242889370406e-05,1.10126419048110705e+02,1.10089102898828685e+02,-3.73161492820202056e-02,1.48298054779359256e-01,1.48249537895094374e-01,-4.85168842648819876e-05,5.04148589442030115e-01,5.04121740326681445e-01,-2.68491153486705159e-05,1.47738842670644986e-07,1.47576735405390329e-07,-1.62107265254656742e-10,7.67635169585112465e-05,7.67635169585112465e-05,0.00000000000000000e+00,3.96077057090769946e+00,3.96077057090769946e+00,7.85707838508841627e-01,7.85707838508841627e-01,7.40629774600000701e+00,0,1,0,ok,radius labels permuted; distribution exactly preserved
47,5047,256,8.39999999999999969e-01,shape_descent,shape_channel,voro_radical,voro_radical_rebuilt,1,1,1.22825200186787817e-01,1.22839184212837571e-01,1.39840260497542390e-05,7.50386728025596306e-02,7.50386728025596167e-02,-1.38777878078144568e-17,1.20847588972321118e-01,1.20957190459385688e-01,1.09601487064570069e-04,5.46387282156605814e-01,5.46387282156605814e-01,0.00000000000000000e+00,1.10126419048110705e+02,1.10126419048110705e+02,0.00000000000000000e+00,1.48298054779359256e-01,1.48298054779359256e-01,0.00000000000000000e+00,5.04148589442030115e-01,5.04148589442030115e-01,0.00000000000000000e+00,1.47738842670644986e-07,1.47737496959894549e-07,-1.34571075043677838e-12,7.67635169585112465e-05,7.67635169585112465e-05,0.00000000000000000e+00,3.96077057090769946e+00,3.96077057090769946e+00,7.85707838508841627e-01,7.85707838508841627e-01,4.82712817699999164e+00,1,0,0,ok,stochastic coordinate shape descent
48,5048,256,8.39999999999999969e-01,bounded_ricci_du010,sum_channel,voro_radical,voro_radical_fixed_topology,1,1,1.21894272828857883e-01,1.16076926934234839e-01,-5.81734589462304386e-03,7.00514026626464503e-02,5.27230773633333288e-02,-1.73283252993131215e-02,1.18095835764953430e-01,1.16711645522806148e-01,-1.38419024214728181e-03,5.07179766980448088e-01,3.81931369358285810e-01,-1.25248397622162277e-01,1.24740379835393867e+02,8.57146165694613842e+01,-3.90257632659324827e+01,1.40283379241478767e-01,1.11485053037693280e-01,-2.87983262037854876e-02,5.93976028411413060e-01,4.88220161272874931e-01,-1.05755867138538129e-01,3.67848674311301504e-04,1.03397110531308220e-01,1.03029261856996915e-01,3.80630341375876036e-03,9.19786540438300992e-02,8.81723506300713389e-02,3.96077057090769946e+00,3.94135953984723075e+00,8.16459010765923976e-01,8.70165202600077459e-01,8.22210909999796513e-02,1,1,1,ok,relative_bounded_ricci
48,5048,256,8.39999999999999969e-01,box_shear_aspect,shape_channel,voro_radical,voro_radical_rebuilt,1,1,1.21894272828857883e-01,1.21894272828857883e-01,0.00000000000000000e+00,7.00514026626464503e-02,7.00514026626464503e-02,0.00000000000000000e+00,1.18095835764953430e-01,1.18095835764953430e-01,0.00000000000000000e+00,5.07179766980448088e-01,5.07179766980448088e-01,0.00000000000000000e+00,1.24740379835393867e+02,1.24740379835393867e+02,0.00000000000000000e+00,1.40283379241478767e-01,1.40283379241478767e-01,0.00000000000000000e+00,5.93976028411413060e-01,5.93976028411413060e-01,0.00000000000000000e+00,3.67848674311301504e-04,3.67848674311301504e-04,0.00000000000000000e+00,3.80630341375876036e-03,3.80630341375876036e-03,0.00000000000000000e+00,3.96077057090769946e+00,3.96077057090769946e+00,8.16459010765923976e-01,8.16459010765923976e-01,3.45588747599998669e+00,0,0,0,ok,aspect-only box strain; shear omitted for rectangular voro++ container
48,5048,256,8.39999999999999969e-01,compression_step,coupled,voro_radical,voro_radical_rebuilt,1,1,1.21894272828857883e-01,1.21894272828857897e-01,1.38777878078144568e-17,7.00514026626464503e-02,7.00514026626464226e-02,-2.77555756156289135e-17,1.18095835764953430e-01,1.18095835764953375e-01,-5.55111512312578270e-17,5.07179766980448088e-01,5.07179766980448088e-01,0.00000000000000000e+00,1.24740379835393867e+02,1.24740379835393867e+02,0.00000000000000000e+00,1.40283379241478767e-01,1.40283379241478767e-01,0.00000000000000000e+00,5.93976028411413060e-01,5.93976028411413060e-01,0.00000000000000000e+00,3.67848674311301504e-04,0.00000000000000000e+00,-3.67848674311301504e-04,3.80630341375876036e-03,0.00000000000000000e+00,-3.80630341375876036e-03,3.96077057090769946e+00,3.96077057090769946e+00,8.16459010765923976e-01,8.16459010765923976e-01,1.21001361400001883e+00,1,1,1,ok,local phi scan best endpoint
48,5048,256,8.39999999999999969e-01,free_ricci,sum_channel,voro_radical,voro_radical_fixed_topology,1,1,1.21894272828857883e-01,1.11565295061830605e-01,-1.03289777670272781e-02,7.00514026626464503e-02,6.86548541507373515e-12,-7.00514026557809699e-02,1.18095835764953430e-01,1.14823065311422196e-01,-3.27277045353123464e-03,5.07179766980448088e-01,4.80026553625038095e-11,-5.07179766932445486e-01,1.24740379835393867e+02,8.10396299728069246e-09,-1.24740379827289900e+02,1.40283379241478767e-01,2.24245346246598299e-10,-1.40283379017233423e-01,5.93976028411413060e-01,4.62721281039297686e-10,-5.93976027948691754e-01,3.67848674311301504e-04,3.57969635060916147e+00,3.57932850193484997e+00,3.80630341375876036e-03,5.24171174910016857e-01,5.20364871496258097e-01,3.96077057090769946e+00,4.18497581745233926e+00,8.16459010765923976e-01,9.31802877797941242e-01,8.89601760000005015e-02,1,1,1,ok,converged: max_abs_K < tol
48,5048,256,8.39999999999999969e-01,post_voro_surgery,topology,voro_radical,post_surgery_nonradical,1,1,1.21894272828857883e-01,1.38247107225414279e-01,1.63528343965563955e-02,7.00514026626464503e-02,6.55853301332349203e-02,-4.46607252941152999e-03,1.18095835764953430e-01,1.42827231553172673e-01,2.47313957882192431e-02,5.07179766980448088e-01,4.72589707637991907e-01,-3.45900593424561809e-02,1.24740379835393867e+02,7.80425604633294654e+01,-4.66978193720644015e+01,1.40283379241478767e-01,1.35841979987821909e-01,-4.44139925365685806e-03,5.93976028411413060e-01,3.64138777015516335e-01,-2.29837251395896724e-01,3.67848674311301504e-04,3.67848674311301504e-04,0.00000000000000000e+00,3.80630341375876036e-03,3.80630341375876036e-03,0.00000000000000000e+00,3.96077057090769946e+00,3.96077057090769946e+00,8.16459010765923976e-01,8.35035832286083468e-01,5.36023528720000115e+01,1,0,0,ok,light topology surgery; no longer radical
48,5048,256,8.39999999999999969e-01,radius_label_swap,sum_channel,voro_radical,voro_radical_rebuilt,1,1,1.21894272828857883e-01,1.21894272828857883e-01,0.00000000000000000e+00,7.00514026626464503e-02,7.00514026626464503e-02,0.00000000000000000e+00,1.18095835764953430e-01,1.18095835764953430e-01,0.00000000000000000e+00,5.07179766980448088e-01,5.07179766980448088e-01,0.00000000000000000e+00,1.24740379835393867e+02,1.24740379835393867e+02,0.00000000000000000e+00,1.40283379241478767e-01,1.40283379241478767e-01,0.00000000000000000e+00,5.93976028411413060e-01,5.93976028411413060e-01,0.00000000000000000e+00,3.67848674311301504e-04,3.67848674311301504e-04,0.00000000000000000e+00,3.80630341375876036e-03,3.80630341375876036e-03,0.00000000000000000e+00,3.96077057090769946e+00,3.96077057090769946e+00,8.16459010765923976e-01,8.16459010765923976e-01,6.58463214200003222e+00,0,0,0,ok,radius labels permuted; distribution exactly preserved
48,5048,256,8.39999999999999969e-01,shape_descent,shape_channel,voro_radical,voro_radical_rebuilt,1,1,1.21894272828857883e-01,1.21902895591660509e-01,8.62276280262641581e-06,7.00514026626464503e-02,7.00514026626464503e-02,0.00000000000000000e+00,1.18095835764953430e-01,1.18073692989578802e-01,-2.21427753746283873e-05,5.07179766980448088e-01,5.07179766980448088e-01,0.00000000000000000e+00,1.24740379835393867e+02,1.24740379835393867e+02,0.00000000000000000e+00,1.40283379241478767e-01,1.40283379241478767e-01,0.00000000000000000e+00,5.93976028411413060e-01,5.93976028411413060e-01,0.00000000000000000e+00,3.67848674311301504e-04,3.69854373522722165e-04,2.00569921142066104e-06,3.80630341375876036e-03,3.80630341375876036e-03,0.00000000000000000e+00,3.96077057090769946e+00,3.96077057090769946e+00,8.16459010765923976e-01,8.16459010765923976e-01,4.52087398599999801e+00,0,1,0,ok,stochastic coordinate shape descent
49,5049,256,8.39999999999999969e-01,bounded_ricci_du010,sum_channel,voro_radical,voro_radical_fixed_topology,1,1,1.16286553771750178e-01,1.11426588916219746e-01,-4.85996485553043256e-03,6.61498726120901132e-02,5.02644522474906402e-02,-1.58854203645994729e-02,1.15275663540606713e-01,1.13710228392706975e-01,-1.56543514789973803e-03,4.91181894615296488e-01,3.72890972742023208e-01,-1.18290921873273280e-01,9.97508802425979866e+01,6.76328205296288303e+01,-3.21180597129691563e+01,1.35765550171219246e-01,1.09066250967689404e-01,-2.66992992035298415e-02,4.91662073927213339e-01,3.92283881511756971e-01,-9.93781924154563678e-02,1.05820864594552313e-03,1.02240460805751138e-01,1.01182252159805613e-01,7.27461783353011704e-03,8.12924257243961002e-02,7.40178078908659831e-02,3.96077057090769946e+00,3.80968661031945866e+00,8.32667154735792003e-01,8.79826560861656004e-01,1.16014530999990484e-01,1,1,1,ok,relative_bounded_ricci
49,5049,256,8.39999999999999969e-01,box_shear_aspect,shape_channel,voro_radical,voro_radical_rebuilt,1,1,1.16286553771750178e-01,1.16281213018858742e-01,-5.34075289143620680e-06,6.61498726120901132e-02,6.61498726120901270e-02,1.38777878078144568e-17,1.15275663540606713e-01,1.15269016141474917e-01,-6.64739913179557274e-06,4.91181894615296488e-01,4.91181894615296488e-01,0.00000000000000000e+00,9.97508802425979866e+01,9.97508802425979866e+01,0.00000000000000000e+00,1.35765550171219246e-01,1.35765550171219246e-01,0.00000000000000000e+00,4.91662073927213339e-01,4.91662073927213339e-01,0.00000000000000000e+00,1.05820864594552313e-03,1.05367752002847627e-03,-4.53112591704686422e-06,7.27461783353011704e-03,7.26893075192802662e-03,-5.68708160209041580e-06,3.96077057090769946e+00,3.96077057090769946e+00,8.32667154735792003e-01,8.32667154735792003e-01,3.34918915599999423e+00,0,1,0,ok,aspect-only box strain; shear omitted for rectangular voro++ container
49,5049,256,8.39999999999999969e-01,compression_step,coupled,voro_radical,voro_radical_rebuilt,1,1,1.16286553771750178e-01,1.16286553771750248e-01,6.93889390390722838e-17,6.61498726120901132e-02,6.61498726120900854e-02,-2.77555756156289135e-17,1.15275663540606713e-01,1.15275663540606768e-01,5.55111512312578270e-17,4.91181894615296488e-01,4.91181894615296488e-01,0.00000000000000000e+00,9.97508802425979866e+01,9.97508802425979866e+01,0.00000000000000000e+00,1.35765550171219246e-01,1.35765550171219246e-01,0.00000000000000000e+00,4.91662073927213339e-01,4.91662073927213339e-01,0.00000000000000000e+00,1.05820864594552313e-03,0.00000000000000000e+00,-1.05820864594552313e-03,7.27461783353011704e-03,0.00000000000000000e+00,-7.27461783353011704e-03,3.96077057090769946e+00,3.96077057090769946e+00,8.32667154735792003e-01,8.32667154735792003e-01,1.25318352799999388e+00,1,0,0,ok,local phi scan best endpoint
49,5049,256,8.39999999999999969e-01,free_ricci,sum_channel,voro_radical,voro_radical_fixed_topology,1,1,1.16286553771750178e-01,1.09102606173000480e-01,-7.18394759874969868e-03,6.61498726120901132e-02,8.12923431034186534e-12,-6.61498726039608798e-02,1.15275663540606713e-01,1.11727553105007246e-01,-3.54811043559946637e-03,4.91181894615296488e-01,5.35672553729402931e-11,-4.91181894561729226e-01,9.97508802425979866e+01,8.64676076037249112e-09,-9.97508802339512215e+01,1.35765550171219246e-01,2.48082787279507351e-10,-1.35765549923136469e-01,4.91662073927213339e-01,4.42516508863503161e-10,-4.91662073484696815e-01,1.05820864594552313e-03,3.97259463684704972e+00,3.97153642820110431e+00,7.27461783353011704e-03,6.70317417155147144e-01,6.63042799321617027e-01,3.96077057090769946e+00,4.03599294278506360e+00,8.32667154735792003e-01,9.26507697368039618e-01,1.16659499000007827e-01,1,1,1,ok,converged: max_abs_K < tol
49,5049,256,8.39999999999999969e-01,post_voro_surgery,topology,voro_radical,post_surgery_nonradical,1,1,1.16286553771750178e-01,1.34184317484672494e-01,1.78977637129223155e-02,6.61498726120901132e-02,5.77907822511578434e-02,-8.35909036093226976e-03,1.15275663540606713e-01,1.41707393810192955e-01,2.64317302695862427e-02,4.91181894615296488e-01,4.26920167124699435e-01,-6.42617274905970537e-02,9.97508802425979866e+01,6.51272828693854677e+01,-3.46235973732125188e+01,1.35765550171219246e-01,1.19735288700521039e-01,-1.60302614706982066e-02,4.91662073927213339e-01,3.37696966592334891e-01,-1.53965107334878448e-01,1.05820864594552313e-03,1.05820864594552313e-03,0.00000000000000000e+00,7.27461783353011704e-03,7.27461783353011704e-03,0.00000000000000000e+00,3.96077057090769946e+00,3.96077057090769946e+00,8.32667154735792003e-01,8.60816511965673214e-01,6.59212408859999925e+01,1,0,0,ok,light topology surgery; no longer radical
49,5049,256,8.39999999999999969e-01,radius_label_swap,sum_channel,voro_radical,voro_radical_rebuilt,1,1,1.16286553771750178e-01,1.16273137201962098e-01,-1.34165697880800350e-05,6.61498726120901132e-02,6.61332591492111294e-02,-1.66134628789837979e-05,1.15275663540606713e-01,1.15271028585133647e-01,-4.63495547306513878e-06,4.91181894615296488e-01,4.91106807408841828e-01,-7.50872064546603823e-05,9.97508802425979866e+01,9.97377191555743963e+01,-1.31610870235903121e-02,1.35765550171219246e-01,1.35741076672227012e-01,-2.44734989922335000e-05,4.91662073927213339e-01,4.91669862828320647e-01,7.78890110730845464e-06,1.05820864594552313e-03,1.04824146398388310e-03,-9.96718196164003180e-06,7.27461783353011704e-03,7.27461783353011704e-03,0.00000000000000000e+00,3.96077057090769946e+00,3.96077057090769946e+00,8.32667154735792003e-01,8.32738916927570960e-01,8.60188697500001354e+00,1,1,1,ok,radius labels permuted; distribution exactly preserved
49,5049,256,8.39999999999999969e-01,shape_descent,shape_channel,voro_radical,voro_radical_rebuilt,1,1,1.16286553771750178e-01,1.16262974455141790e-01,-2.35793166083880790e-05,6.61498726120901132e-02,6.61498726120901132e-02,0.00000000000000000e+00,1.15275663540606713e-01,1.15222551104559826e-01,-5.31124360468870904e-05,4.91181894615296488e-01,4.91181894615296488e-01,0.00000000000000000e+00,9.97508802425979866e+01,9.97508802425979866e+01,0.00000000000000000e+00,1.35765550171219246e-01,1.35765550171219246e-01,0.00000000000000000e+00,4.91662073927213339e-01,4.91662073927213339e-01,0.00000000000000000e+00,1.05820864594552313e-03,1.07907065603323198e-03,2.08620100877088439e-05,7.27461783353011704e-03,7.27461783353011704e-03,0.00000000000000000e+00,3.96077057090769946e+00,3.96077057090769946e+00,8.32667154735792003e-01,8.32667154735792003e-01,4.88913899199999946e+00,0,1,0,ok,stochastic coordinate shape descent
50,5050,256,8.39999999999999969e-01,bounded_ricci_du010,sum_channel,voro_radical,voro_radical_fixed_topology,1,1,1.26117582137771245e-01,1.20980052920798428e-01,-5.13752921697281650e-03,7.03895949506846974e-02,5.22103900614137306e-02,-1.81792048892709668e-02,1.26269203427378629e-01,1.24342414680425256e-01,-1.92678874695337288e-03,5.31442628215654134e-01,3.93275030188463548e-01,-1.38167598027190586e-01,9.66484470741682031e+01,6.55652022317181036e+01,-3.10832448424500996e+01,1.48118018218660996e-01,1.17065802005462918e-01,-3.10522162131980778e-02,4.33019209699475660e-01,3.51726218001302104e-01,-8.12929916981735556e-02,4.09383525851199966e-03,1.76244097246524012e-01,1.72150261988012004e-01,1.12792624410920084e-02,1.10294960171317680e-01,9.90156977302256713e-02,3.96077057090769946e+00,3.77715077510743669e+00,8.00768224023641895e-01,8.59188657873895534e-01,1.59088451000002351e-01,1,1,1,ok,relative_bounded_ricci
50,5050,256,8.39999999999999969e-01,box_shear_aspect,shape_channel,voro_radical,voro_radical_rebuilt,1,1,1.26117582137771245e-01,1.26118974352348673e-01,1.39221457742810806e-06,7.03895949506846974e-02,7.03895949506847252e-02,2.77555756156289135e-17,1.26269203427378629e-01,1.26274832100673279e-01,5.62867329464977750e-06,5.31442628215654134e-01,5.31442628215654134e-01,0.00000000000000000e+00,9.66484470741682031e+01,9.66484470741682031e+01,0.00000000000000000e+00,1.48118018218660996e-01,1.48118018218660996e-01,0.00000000000000000e+00,4.33019209699475660e-01,4.33019209699475660e-01,0.00000000000000000e+00,4.09383525851199966e-03,4.08722748169335331e-03,-6.60777681864635480e-06,1.12792624410920084e-02,1.12456388351218628e-02,-3.36236059701455758e-05,3.96077057090769946e+00,3.96077057090769946e+00,8.00768224023641895e-01,8.00768224023641895e-01,2.75550680000000625e+00,0,0,0,ok,aspect-only box strain; shear omitted for rectangular voro++ container
50,5050,256,8.39999999999999969e-01,compression_step,coupled,voro_radical,voro_radical_rebuilt,1,1,1.26117582137771245e-01,1.26117582137771161e-01,-8.32667268468867405e-17,7.03895949506846974e-02,7.03895949506847252e-02,2.77555756156289135e-17,1.26269203427378629e-01,1.26269203427378629e-01,0.00000000000000000e+00,5.31442628215654134e-01,5.31442628215654134e-01,0.00000000000000000e+00,9.66484470741682031e+01,9.66484470741682031e+01,0.00000000000000000e+00,1.48118018218660996e-01,1.48118018218660996e-01,0.00000000000000000e+00,4.33019209699475660e-01,4.33019209699475660e-01,0.00000000000000000e+00,4.09383525851199966e-03,0.00000000000000000e+00,-4.09383525851199966e-03,1.12792624410920084e-02,0.00000000000000000e+00,-1.12792624410920084e-02,3.96077057090769946e+00,3.96077057090769946e+00,8.00768224023641895e-01,8.00768224023641895e-01,1.13289393299999119e+00,0,0,0,ok,local phi scan best endpoint
50,5050,256,8.39999999999999969e-01,free_ricci,sum_channel,voro_radical,voro_radical_fixed_topology,1,1,1.26117582137771245e-01,1.19309739018096453e-01,-6.80784311967479183e-03,7.03895949506846974e-02,8.11947110488613666e-12,-7.03895949425652201e-02,1.26269203427378629e-01,1.21843314564106922e-01,-4.42588886327170694e-03,5.31442628215654134e-01,5.28418948393907385e-11,-5.31442628162812292e-01,9.66484470741682031e+01,8.29950961680146667e-09,-9.66484470658686945e+01,1.48118018218660996e-01,2.43939409194897557e-10,-1.48118017974721600e-01,4.33019209699475660e-01,4.14908717780119846e-10,-4.33019209284566942e-01,4.09383525851199966e-03,5.42628946838991855e+00,5.42219563313140629e+00,1.12792624410920084e-02,6.34202735887020586e-01,6.22923473445928577e-01,3.96077057090769946e+00,4.21011614976050108e+00,8.00768224023641895e-01,9.19503047740709567e-01,1.27071170999982996e-01,1,1,1,ok,converged: max_abs_K < tol
50,5050,256,8.39999999999999969e-01,post_voro_surgery,topology,voro_radical,post_surgery_nonradical,1,1,1.26117582137771245e-01,1.45653407285722680e-01,1.95358251479514355e-02,7.03895949506846974e-02,6.05530025507686961e-02,-9.83659239991600126e-03,1.26269203427378629e-01,1.56153878960215403e-01,2.98846755328367741e-02,5.31442628215654134e-01,4.50724652111731239e-01,-8.07179761039228949e-02,9.66484470741682031e+01,6.91798018158471990e+01,-2.74686452583210041e+01,1.48118018218660996e-01,1.28201886029819495e-01,-1.99161321888415010e-02,4.33019209699475660e-01,3.33556280261667226e-01,-9.94629294378084339e-02,4.09383525851199966e-03,4.09383525851199966e-03,0.00000000000000000e+00,1.12792624410920084e-02,1.12792624410920084e-02,0.00000000000000000e+00,3.96077057090769946e+00,3.96077057090769946e+00,8.00768224023641895e-01,8.31549378099924019e-01,4.96723879319999924e+01,1,0,0,ok,light topology surgery; no longer radical
50,5050,256,8.39999999999999969e-01,radius_label_swap,sum_channel,voro_radical,voro_radical_rebuilt,1,1,1.26117582137771245e-01,1.26086896403327570e-01,-3.06857344436750612e-05,7.03895949506846974e-02,7.03840735533828588e-02,-5.52139730183864863e-06,1.26269203427378629e-01,1.26267852158807425e-01,-1.35126857120360100e-06,5.31442628215654134e-01,5.31321024392827801e-01,-1.21603822826332753e-04,9.66484470741682031e+01,9.66352565634948064e+01,-1.31905106733967159e-02,1.48118018218660996e-01,1.48091236729129383e-01,-2.67814895316131896e-05,4.33019209699475660e-01,4.33043060134683688e-01,2.38504352080282089e-05,4.09383525851199966e-03,4.06523548798840961e-03,-2.85997705235900568e-05,1.12792624410920084e-02,1.12792624410920084e-02,0.00000000000000000e+00,3.96077057090769946e+00,3.96077057090769946e+00,8.00768224023641895e-01,8.00721340366017720e-01,8.10512081999996781e+00,1,1,1,ok,radius labels permuted; distribution exactly preserved
50,5050,256,8.39999999999999969e-01,shape_descent,shape_channel,voro_radical,voro_radical_rebuilt,1,1,1.26117582137771245e-01,1.26137146169901321e-01,1.95640321300760700e-05,7.03895949506846974e-02,7.03895949506846974e-02,0.00000000000000000e+00,1.26269203427378629e-01,1.26342397639542331e-01,7.31942121637019216e-05,5.31442628215654134e-01,5.31442628215654134e-01,0.00000000000000000e+00,9.66484470741682031e+01,9.66484470741682031e+01,0.00000000000000000e+00,1.48118018218660996e-01,1.48118018218660996e-01,0.00000000000000000e+00,4.33019209699475660e-01,4.33019209699475660e-01,0.00000000000000000e+00,4.09383525851199966e-03,4.21196350591734707e-03,1.18128247405347407e-04,1.12792624410920084e-02,1.12792624410920084e-02,0.00000000000000000e+00,3.96077057090769946e+00,3.96077057090769946e+00,8.00768224023641895e-01,8.00768224023641895e-01,4.84470114800001284e+00,0,0,0,ok,stochastic coordinate shape descent
51,5051,256,8.39999999999999969e-01,bounded_ricci_du010,sum_channel,voro_radical,voro_radical_fixed_topology,1,1,1.11959552169261220e-01,1.05370928139112904e-01,-6.58862403014831566e-03,7.41730974591266051e-02,5.56077773483372312e-02,-1.85653201107893739e-02,1.07172091699757693e-01,1.05658995852650886e-01,-1.51309584710680733e-03,5.31620837669588786e-01,3.96344278403341355e-01,-1.35276559266247431e-01,8.72244841407909917e+01,5.94177908109968200e+01,-2.78066933297941716e+01,1.38717268627572193e-01,1.07762958727276398e-01,-3.09543099002957955e-02,4.12885268555217899e-01,3.41091071936966972e-01,-7.17941966182509272e-02,1.23993088882137052e-08,9.66104053004012142e-02,9.66103929010923290e-02,2.02814188572375542e-05,8.69224289112442428e-02,8.69021474923870052e-02,3.96077057090769946e+00,3.59762781096492290e+00,7.78978111268258666e-01,8.37553875406920056e-01,9.57727509999983795e-02,1,1,1,ok,relative_bounded_ricci
51,5051,256,8.39999999999999969e-01,box_shear_aspect,shape_channel,voro_radical,voro_radical_rebuilt,1,1,1.11959552169261220e-01,1.11959552169261220e-01,0.00000000000000000e+00,7.41730974591266051e-02,7.41730974591266051e-02,0.00000000000000000e+00,1.07172091699757693e-01,1.07172091699757693e-01,0.00000000000000000e+00,5.31620837669588786e-01,5.31620837669588786e-01,0.00000000000000000e+00,8.72244841407909917e+01,8.72244841407909917e+01,0.00000000000000000e+00,1.38717268627572193e-01,1.38717268627572193e-01,0.00000000000000000e+00,4.12885268555217899e-01,4.12885268555217899e-01,0.00000000000000000e+00,1.23993088882137052e-08,1.23993088882137052e-08,0.00000000000000000e+00,2.02814188572375542e-05,2.02814188572375542e-05,0.00000000000000000e+00,3.96077057090769946e+00,3.96077057090769946e+00,7.78978111268258666e-01,7.78978111268258666e-01,3.19612407200000348e+00,0,0,0,ok,aspect-only box strain; shear omitted for rectangular voro++ container
51,5051,256,8.39999999999999969e-01,compression_step,coupled,voro_radical,voro_radical_rebuilt,1,1,1.11959552169261220e-01,1.11959552169261220e-01,0.00000000000000000e+00,7.41730974591266051e-02,7.41730974591265912e-02,-1.38777878078144568e-17,1.07172091699757693e-01,1.07172091699757610e-01,-8.32667268468867405e-17,5.31620837669588786e-01,5.31620837669588786e-01,0.00000000000000000e+00,8.72244841407909917e+01,8.72244841407909917e+01,0.00000000000000000e+00,1.38717268627572193e-01,1.38717268627572193e-01,0.00000000000000000e+00,4.12885268555217899e-01,4.12885268555217899e-01,0.00000000000000000e+00,1.23993088882137052e-08,0.00000000000000000e+00,-1.23993088882137052e-08,2.02814188572375542e-05,0.00000000000000000e+00,-2.02814188572375542e-05,3.96077057090769946e+00,3.96077057090769946e+00,7.78978111268258666e-01,7.78978111268258666e-01,1.28526874000002067e+00,1,1,1,ok,local phi scan best endpoint
51,5051,256,8.39999999999999969e-01,free_ricci,sum_channel,voro_radical,voro_radical_fixed_topology,1,1,1.11959552169261220e-01,1.01843241484661437e-01,-1.01163106845997830e-02,7.41730974591266051e-02,6.59843053625663293e-12,-7.41730974525281750e-02,1.07172091699757693e-01,1.04060671449152001e-01,-3.11142025060569261e-03,5.31620837669588786e-01,4.73425466433401069e-11,-5.31620837622246212e-01,8.72244841407909917e+01,7.96800188486729604e-09,-8.72244841328229938e+01,1.38717268627572193e-01,2.20953886675015005e-10,-1.38717268406618299e-01,4.12885268555217899e-01,4.48063286074459592e-10,-4.12885268107154590e-01,1.23993088882137052e-08,3.18662259564999006e+00,3.18662258325068137e+00,2.02814188572375542e-05,5.30847130549765733e-01,5.30826849130908496e-01,3.96077057090769946e+00,4.32916149301904518e+00,7.78978111268258666e-01,9.09635458992971935e-01,1.46412122000015188e-01,1,1,1,ok,converged: max_abs_K < tol
51,5051,256,8.39999999999999969e-01,post_voro_surgery,topology,voro_radical,post_surgery_nonradical,1,1,1.11959552169261220e-01,1.26457036381458748e-01,1.44974842121975284e-02,7.41730974591266051e-02,6.23013422681704537e-02,-1.18717551909561514e-02,1.07172091699757693e-01,1.32140381061773948e-01,2.49682893620162549e-02,5.31620837669588786e-01,4.43795192757963419e-01,-8.78256449116253668e-02,8.72244841407909917e+01,6.74214180719371257e+01,-1.98030660688538660e+01,1.38717268627572193e-01,1.22196151662308558e-01,-1.65211169652636353e-02,4.12885268555217899e-01,3.45057764222970131e-01,-6.78275043322477678e-02,1.23993088882137052e-08,1.23993088882137052e-08,0.00000000000000000e+00,2.02814188572375542e-05,2.02814188572375542e-05,0.00000000000000000e+00,3.96077057090769946e+00,3.96077057090769946e+00,7.78978111268258666e-01,8.27041345243103909e-01,5.13633240960000137e+01,1,0,0,ok,light topology surgery; no longer radical
51,5051,256,8.39999999999999969e-01,radius_label_swap,sum_channel,voro_radical,voro_radical_rebuilt,1,1,1.11959552169261220e-01,1.11959552169261220e-01,0.00000000000000000e+00,7.41730974591266051e-02,7.41730974591266051e-02,0.00000000000000000e+00,1.07172091699757693e-01,1.07172091699757693e-01,0.00000000000000000e+00,5.31620837669588786e-01,5.31620837669588786e-01,0.00000000000000000e+00,8.72244841407909917e+01,8.72244841407909917e+01,0.00000000000000000e+00,1.38717268627572193e-01,1.38717268627572193e-01,0.00000000000000000e+00,4.12885268555217899e-01,4.12885268555217899e-01,0.00000000000000000e+00,1.23993088882137052e-08,1.23993088882137052e-08,0.00000000000000000e+00,2.02814188572375542e-05,2.02814188572375542e-05,0.00000000000000000e+00,3.96077057090769946e+00,3.96077057090769946e+00,7.78978111268258666e-01,7.78978111268258666e-01,8.96265332600000875e+00,0,0,0,ok,radius labels permuted; distribution exactly preserved
51,5051,256,8.39999999999999969e-01,shape_descent,shape_channel,voro_radical,voro_radical_rebuilt,1,1,1.11959552169261220e-01,1.11931785972459716e-01,-2.77661968015041616e-05,7.41730974591266051e-02,7.41730974591266051e-02,0.00000000000000000e+00,1.07172091699757693e-01,1.07142321421129894e-01,-2.97702786277997955e-05,5.31620837669588786e-01,5.31620837669588786e-01,0.00000000000000000e+00,8.72244841407909917e+01,8.72244841407909917e+01,0.00000000000000000e+00,1.38717268627572193e-01,1.38717268627572193e-01,0.00000000000000000e+00,4.12885268555217899e-01,4.12885268555217899e-01,0.00000000000000000e+00,1.23993088882137052e-08,1.23989077732426091e-08,-4.01114971096057827e-13,2.02814188572375542e-05,2.02814188572375542e-05,0.00000000000000000e+00,3.96077057090769946e+00,3.96077057090769946e+00,7.78978111268258666e-01,7.78978111268258666e-01,4.76747002799999109e+00,0,1,0,ok,stochastic coordinate shape descent
52,5052,256,8.39999999999999969e-01,bounded_ricci_du010,sum_channel,voro_radical,voro_radical_fixed_topology,1,1,1.17924085025025882e-01,1.11499377996373952e-01,-6.42470702865192977e-03,7.49434861722852869e-02,5.72894041814872509e-02,-1.76540819907980359e-02,1.11604515996571257e-01,1.09836620000180851e-01,-1.76789599639040618e-03,5.42157100981816908e-01,4.14508455068530346e-01,-1.27648645913286563e-01,1.28956206385389805e+02,8.79367857372140094e+01,-4.10194206481757959e+01,1.49665114887747391e-01,1.19604567183281607e-01,-3.00605477044657843e-02,5.86179745632566029e-01,4.78076319875400002e-01,-1.08103425757166027e-01,3.05913602351935417e-05,9.85391352327347758e-02,9.85085438724995766e-02,1.16550781106994350e-03,8.62382655305764523e-02,8.50727577195065088e-02,3.96077057090769946e+00,3.81225181961181914e+00,8.00857734240881580e-01,8.58848993050090437e-01,7.89419070000008105e-02,1,1,1,ok,relative_bounded_ricci
52,5052,256,8.39999999999999969e-01,box_shear_aspect,shape_channel,voro_radical,voro_radical_rebuilt,1,1,1.17924085025025882e-01,1.17924085025025882e-01,0.00000000000000000e+00,7.49434861722852869e-02,7.49434861722852869e-02,0.00000000000000000e+00,1.11604515996571257e-01,1.11604515996571257e-01,0.00000000000000000e+00,5.42157100981816908e-01,5.42157100981816908e-01,0.00000000000000000e+00,1.28956206385389805e+02,1.28956206385389805e+02,0.00000000000000000e+00,1.49665114887747391e-01,1.49665114887747391e-01,0.00000000000000000e+00,5.86179745632566029e-01,5.86179745632566029e-01,0.00000000000000000e+00,3.05913602351935417e-05,3.05913602351935417e-05,0.00000000000000000e+00,1.16550781106994350e-03,1.16550781106994350e-03,0.00000000000000000e+00,3.96077057090769946e+00,3.96077057090769946e+00,8.00857734240881580e-01,8.00857734240881580e-01,2.69913377899999318e+00,0,0,0,ok,aspect-only box strain; shear omitted for rectangular voro++ container
52,5052,256,8.39999999999999969e-01,compression_step,coupled,voro_radical,voro_radical_rebuilt,1,1,1.17924085025025882e-01,1.17923341995163897e-01,-7.43029861985378126e-07,7.49434861722852869e-02,7.49434861722853146e-02,2.77555756156289135e-17,1.11604515996571257e-01,1.11603367173365914e-01,-1.14882320534359650e-06,5.42157100981816908e-01,5.42157100981816908e-01,0.00000000000000000e+00,1.28956206385389805e+02,1.28956206385389805e+02,0.00000000000000000e+00,1.49665114887747391e-01,1.49665114887747391e-01,0.00000000000000000e+00,5.86179745632566029e-01,5.86179745632566029e-01,0.00000000000000000e+00,3.05913602351935417e-05,3.05233106665161387e-05,-6.80495686774030043e-08,1.16550781106994350e-03,1.16381450824665222e-03,-1.69330282329127613e-06,3.96077057090769946e+00,3.96077057090769946e+00,8.00857734240881580e-01,8.00857734240881580e-01,1.24566441300001429e+00,0,1,0,ok,local phi scan best endpoint
52,5052,256,8.39999999999999969e-01,free_ricci,sum_channel,voro_radical,voro_radical_fixed_topology,1,1,1.17924085025025882e-01,1.04126942934654187e-01,-1.37971420903716946e-02,7.49434861722852869e-02,8.26159547106413901e-12,-7.49434861640236871e-02,1.11604515996571257e-01,1.06835151077766075e-01,-4.76936491880518287e-03,5.42157100981816908e-01,5.38884198599850957e-11,-5.42157100927928459e-01,1.28956206385389805e+02,8.70690711616969351e-09,-1.28956206376682900e+02,1.49665114887747391e-01,2.49758373695154506e-10,-1.49665114637989011e-01,5.86179745632566029e-01,4.29380075222206193e-10,-5.86179745203185942e-01,3.05913602351935417e-05,3.50020468443194988e+00,3.50017409307171468e+00,1.16550781106994350e-03,5.15797985678728921e-01,5.14632477867658977e-01,3.96077057090769946e+00,5.18537799475851369e+00,8.00857734240881580e-01,9.27601909367363975e-01,1.18622305999991795e-01,1,1,1,ok,converged: max_abs_K < tol
52,5052,256,8.39999999999999969e-01,post_voro_surgery,topology,voro_radical,post_surgery_nonradical,1,1,1.17924085025025882e-01,1.47854737422946941e-01,2.99306523979210592e-02,7.49434861722852869e-02,6.29068957420705621e-02,-1.20365904302147247e-02,1.11604515996571257e-01,1.54623719962960704e-01,4.30192039663894465e-02,5.42157100981816908e-01,4.56615684867459071e-01,-8.55414161143578378e-02,1.28956206385389805e+02,7.49997514438526025e+01,-5.39564549415372028e+01,1.49665114887747391e-01,1.29056412106620333e-01,-2.06087027811270584e-02,5.86179745632566029e-01,3.70872096019363717e-01,-2.15307649613202312e-01,3.05913602351935417e-05,3.05913602351935417e-05,0.00000000000000000e+00,1.16550781106994350e-03,1.16550781106994350e-03,0.00000000000000000e+00,3.96077057090769946e+00,3.96077057090769946e+00,8.00857734240881580e-01,8.37677666124139630e-01,4.92553192199999899e+01,1,0,0,ok,light topology surgery; no longer radical
52,5052,256,8.39999999999999969e-01,radius_label_swap,sum_channel,voro_radical,voro_radical_rebuilt,1,1,1.17924085025025882e-01,1.17924085025025882e-01,0.00000000000000000e+00,7.49434861722852869e-02,7.49434861722852869e-02,0.00000000000000000e+00,1.11604515996571257e-01,1.11604515996571257e-01,0.00000000000000000e+00,5.42157100981816908e-01,5.42157100981816908e-01,0.00000000000000000e+00,1.28956206385389805e+02,1.28956206385389805e+02,0.00000000000000000e+00,1.49665114887747391e-01,1.49665114887747391e-01,0.00000000000000000e+00,5.86179745632566029e-01,5.86179745632566029e-01,0.00000000000000000e+00,3.05913602351935417e-05,3.05913602351935417e-05,0.00000000000000000e+00,1.16550781106994350e-03,1.16550781106994350e-03,0.00000000000000000e+00,3.96077057090769946e+00,3.96077057090769946e+00,8.00857734240881580e-01,8.00857734240881580e-01,7.54032902699998431e+00,0,0,0,ok,radius labels permuted; distribution exactly preserved
52,5052,256,8.39999999999999969e-01,shape_descent,shape_channel,voro_radical,voro_radical_rebuilt,1,1,1.17924085025025882e-01,1.17853148976427138e-01,-7.09360485987436951e-05,7.49434861722852869e-02,7.49434861722852869e-02,0.00000000000000000e+00,1.11604515996571257e-01,1.11578595197470223e-01,-2.59207991010340644e-05,5.42157100981816908e-01,5.42157100981816908e-01,0.00000000000000000e+00,1.28956206385389805e+02,1.28956206385389805e+02,0.00000000000000000e+00,1.49665114887747391e-01,1.49665114887747391e-01,0.00000000000000000e+00,5.86179745632566029e-01,5.86179745632566029e-01,0.00000000000000000e+00,3.05913602351935417e-05,3.05906360981434477e-05,-7.24137050093999392e-10,1.16550781106994350e-03,1.16550781106994350e-03,0.00000000000000000e+00,3.96077057090769946e+00,3.96077057090769946e+00,8.00857734240881580e-01,8.00857734240881580e-01,4.10110002799999052e+00,0,1,0,ok,stochastic coordinate shape descent
53,5053,256,8.39999999999999969e-01,bounded_ricci_du010,sum_channel,voro_radical,voro_radical_fixed_topology,1,1,1.14710822067241314e-01,1.08910893267350803e-01,-5.79992879989051080e-03,7.54651292718148403e-02,5.57798635257934078e-02,-1.96852657460214325e-02,1.13152101857389165e-01,1.11441954602761600e-01,-1.71014725462756423e-03,5.42404466411406383e-01,3.99106033669036686e-01,-1.43298432742369697e-01,9.07177074880048053e+01,6.25046050086891682e+01,-2.82131024793156371e+01,1.43835149626442282e-01,1.11669960303448071e-01,-3.21651893229942115e-02,4.14476593665976500e-01,3.49485796694551210e-01,-6.49907969714252909e-02,2.01031334146797120e-03,1.37160678980153300e-01,1.35150365638685321e-01,7.50308632067531178e-03,1.15400756411302430e-01,1.07897670090627118e-01,3.96077057090769946e+00,3.75042358858684022e+00,8.22130790002370104e-01,8.82309087724643670e-01,1.62512420000012980e-01,1,1,1,ok,relative_bounded_ricci
53,5053,256,8.39999999999999969e-01,box_shear_aspect,shape_channel,voro_radical,voro_radical_rebuilt,1,1,1.14710822067241314e-01,1.14710822067241314e-01,0.00000000000000000e+00,7.54651292718148403e-02,7.54651292718148403e-02,0.00000000000000000e+00,1.13152101857389165e-01,1.13152101857389165e-01,0.00000000000000000e+00,5.42404466411406383e-01,5.42404466411406383e-01,0.00000000000000000e+00,9.07177074880048053e+01,9.07177074880048053e+01,0.00000000000000000e+00,1.43835149626442282e-01,1.43835149626442282e-01,0.00000000000000000e+00,4.14476593665976500e-01,4.14476593665976500e-01,0.00000000000000000e+00,2.01031334146797120e-03,2.01031334146797120e-03,0.00000000000000000e+00,7.50308632067531178e-03,7.50308632067531178e-03,0.00000000000000000e+00,3.96077057090769946e+00,3.96077057090769946e+00,8.22130790002370104e-01,8.22130790002370104e-01,3.17385554699998806e+00,0,0,0,ok,aspect-only box strain; shear omitted for rectangular voro++ container
53,5053,256,8.39999999999999969e-01,compression_step,coupled,voro_radical,voro_radical_rebuilt,1,1,1.14710822067241314e-01,1.14710822067241300e-01,-1.38777878078144568e-17,7.54651292718148403e-02,7.54651292718148403e-02,0.00000000000000000e+00,1.13152101857389165e-01,1.13152101857389220e-01,5.55111512312578270e-17,5.42404466411406383e-01,5.42404466411406383e-01,0.00000000000000000e+00,9.07177074880048053e+01,9.07177074880048053e+01,0.00000000000000000e+00,1.43835149626442282e-01,1.43835149626442282e-01,0.00000000000000000e+00,4.14476593665976500e-01,4.14476593665976500e-01,0.00000000000000000e+00,2.01031334146797120e-03,0.00000000000000000e+00,-2.01031334146797120e-03,7.50308632067531178e-03,0.00000000000000000e+00,-7.50308632067531178e-03,3.96077057090769946e+00,3.96077057090769946e+00,8.22130790002370104e-01,8.22130790002370104e-01,1.00498709499998995e+00,0,0,0,ok,local phi scan best endpoint
53,5053,256,8.39999999999999969e-01,free_ricci,sum_channel,voro_radical,voro_radical_fixed_topology,1,1,1.14710822067241314e-01,1.05942088292880751e-01,-8.76873377436056256e-03,7.54651292718148403e-02,5.55786809184571182e-12,-7.54651292662569667e-02,1.13152101857389165e-01,1.09740535019670585e-01,-3.41156683771857983e-03,5.42404466411406383e-01,3.87218103671551212e-11,-5.42404466372684579e-01,9.07177074880048053e+01,6.13146208208087871e-09,-9.07177074818733473e+01,1.43835149626442282e-01,1.77448999902663340e-10,-1.43835149448993282e-01,4.14476593665976500e-01,3.50364428168654698e-10,-4.14476593315612096e-01,2.01031334146797120e-03,3.61084879877347564e+00,3.60883848543200747e+00,7.50308632067531178e-03,4.52259237188134433e-01,4.44756150867459121e-01,3.96077057090769946e+00,4.06732761758393124e+00,8.22130790002370104e-01,9.44457745881073785e-01,2.06428328000015426e-01,1,1,1,ok,converged: max_abs_K < tol
53,5053,256,8.39999999999999969e-01,post_voro_surgery,topology,voro_radical,post_surgery_nonradical,1,1,1.14710822067241314e-01,1.25602128936668195e-01,1.08913068694268811e-02,7.54651292718148403e-02,6.01068441434894005e-02,-1.53582851283254399e-02,1.13152101857389165e-01,1.32292788076918660e-01,1.91406862195294958e-02,5.42404466411406383e-01,4.37693766851834754e-01,-1.04710699559571629e-01,9.07177074880048053e+01,7.08995619787595786e+01,-1.98181455092452268e+01,1.43835149626442282e-01,1.25031796795982114e-01,-1.88033528304601683e-02,4.14476593665976500e-01,3.58427368893194154e-01,-5.60492247727823467e-02,2.01031334146797120e-03,2.01031334146797120e-03,0.00000000000000000e+00,7.50308632067531178e-03,7.50308632067531178e-03,0.00000000000000000e+00,3.96077057090769946e+00,3.96077057090769946e+00,8.22130790002370104e-01,8.55510961007350357e-01,5.12324295869999844e+01,1,0,0,ok,light topology surgery; no longer radical
53,5053,256,8.39999999999999969e-01,radius_label_swap,sum_channel,voro_radical,voro_radical_rebuilt,1,1,1.14710822067241314e-01,1.14710822067241314e-01,0.00000000000000000e+00,7.54651292718148403e-02,7.54651292718148403e-02,0.00000000000000000e+00,1.13152101857389165e-01,1.13152101857389165e-01,0.00000000000000000e+00,5.42404466411406383e-01,5.42404466411406383e-01,0.00000000000000000e+00,9.07177074880048053e+01,9.07177074880048053e+01,0.00000000000000000e+00,1.43835149626442282e-01,1.43835149626442282e-01,0.00000000000000000e+00,4.14476593665976500e-01,4.14476593665976500e-01,0.00000000000000000e+00,2.01031334146797120e-03,2.01031334146797120e-03,0.00000000000000000e+00,7.50308632067531178e-03,7.50308632067531178e-03,0.00000000000000000e+00,3.96077057090769946e+00,3.96077057090769946e+00,8.22130790002370104e-01,8.22130790002370104e-01,6.23902605000000676e+00,0,0,0,ok,radius labels permuted; distribution exactly preserved
53,5053,256,8.39999999999999969e-01,shape_descent,shape_channel,voro_radical,voro_radical_rebuilt,1,1,1.14710822067241314e-01,1.14683636396948133e-01,-2.71856702931810856e-05,7.54651292718148403e-02,7.54651292718148681e-02,2.77555756156289135e-17,1.13152101857389165e-01,1.13076539941300513e-01,-7.55619160886511487e-05,5.42404466411406383e-01,5.42404466411406383e-01,0.00000000000000000e+00,9.07177074880048053e+01,9.07177074880048053e+01,0.00000000000000000e+00,1.43835149626442282e-01,1.43835149626442282e-01,0.00000000000000000e+00,4.14476593665976500e-01,4.14476593665976500e-01,0.00000000000000000e+00,2.01031334146797120e-03,2.08380761514816420e-03,7.34942736801929945e-05,7.50308632067531178e-03,7.50308632067531178e-03,0.00000000000000000e+00,3.96077057090769946e+00,3.96077057090769946e+00,8.22130790002370104e-01,8.22130790002370104e-01,5.10436751899999308e+00,0,1,0,ok,stochastic coordinate shape descent
54,5054,256,8.39999999999999969e-01,bounded_ricci_du010,sum_channel,voro_radical,voro_radical_fixed_topology,1,1,1.16421294318435328e-01,1.11714949512005543e-01,-4.70634480642978525e-03,6.78550730949810527e-02,5.00168571492239020e-02,-1.78382159457571507e-02,1.16770390263901930e-01,1.15346807051199138e-01,-1.42358321270279198e-03,4.93025201738239105e-01,3.63654856109406788e-01,-1.29370345628832317e-01,9.86148655244373344e+01,6.92702962698061242e+01,-2.93445692546312102e+01,1.38646276626302245e-01,1.10406129097283229e-01,-2.82401475290190163e-02,4.76421345614360781e-01,3.98112913747239061e-01,-7.83084318671217194e-02,3.22802356530158116e-04,1.23130779696471168e-01,1.22807977339941005e-01,3.13703345421845192e-03,9.94474515975316553e-02,9.63104181433132034e-02,3.96077057090769946e+00,3.90371895948299441e+00,8.32257553443674802e-01,8.83177269319026514e-01,1.13529233000008389e-01,1,1,1,ok,relative_bounded_ricci
54,5054,256,8.39999999999999969e-01,box_shear_aspect,shape_channel,voro_radical,voro_radical_rebuilt,1,1,1.16421294318435328e-01,1.16419661819660403e-01,-1.63249877492555040e-06,6.78550730949810527e-02,6.78550730949810665e-02,1.38777878078144568e-17,1.16770390263901930e-01,1.16769853448361771e-01,-5.36815540158608329e-07,4.93025201738239105e-01,4.93025201738239105e-01,0.00000000000000000e+00,9.86148655244373344e+01,9.86148655244373344e+01,0.00000000000000000e+00,1.38646276626302245e-01,1.38646276626302245e-01,0.00000000000000000e+00,4.76421345614360781e-01,4.76421345614360781e-01,0.00000000000000000e+00,3.22802356530158116e-04,3.22194383731897317e-04,-6.07972798260798634e-07,3.13703345421845192e-03,3.12313337910041788e-03,-1.39000751180340387e-05,3.96077057090769946e+00,3.96077057090769946e+00,8.32257553443674802e-01,8.32257553443674802e-01,3.37324061799998276e+00,0,1,0,ok,aspect-only box strain; shear omitted for rectangular voro++ container
54,5054,256,8.39999999999999969e-01,compression_step,coupled,voro_radical,voro_radical_rebuilt,1,1,1.16421294318435328e-01,1.16712521252787985e-01,2.91226934352656341e-04,6.78550730949810527e-02,6.90487458253474795e-02,1.19367273036642685e-03,1.16770390263901930e-01,1.16920066297538344e-01,1.49676033636414463e-04,4.93025201738239105e-01,5.01512367483925359e-01,8.48716574568625370e-03,9.86148655244373344e+01,9.89747035797190051e+01,3.59838055281670677e-01,1.38646276626302245e-01,1.40507585055491047e-01,1.86130842918880157e-03,4.76421345614360781e-01,4.72413677931617926e-01,-4.00766768274285479e-03,3.22802356530158116e-04,0.00000000000000000e+00,-3.22802356530158116e-04,3.13703345421845192e-03,0.00000000000000000e+00,-3.13703345421845192e-03,3.96077057090769946e+00,3.96077057090769946e+00,8.32257553443674802e-01,8.24357200740760687e-01,1.22320803100001285e+00,0,0,0,ok,local phi scan best endpoint
54,5054,256,8.39999999999999969e-01,free_ricci,sum_channel,voro_radical,voro_radical_fixed_topology,1,1,1.16421294318435328e-01,1.11130412014413496e-01,-5.29088230402183224e-03,6.78550730949810527e-02,6.88810152544708160e-12,-6.78550730880929515e-02,1.16770390263901930e-01,1.14339298557974145e-01,-2.43109170592778479e-03,4.93025201738239105e-01,4.88957451409107471e-11,-4.93025201689343384e-01,9.86148655244373344e+01,8.71232845954037545e-09,-9.86148655157250005e+01,1.38646276626302245e-01,2.31773654377343117e-10,-1.38646276394528589e-01,4.76421345614360781e-01,4.71447668241583302e-10,-4.76421345142913122e-01,3.22802356530158116e-04,4.29988979954510508e+00,4.29956699718857482e+00,3.13703345421845192e-03,6.26611528667980089e-01,6.23474495213761637e-01,3.96077057090769946e+00,4.61241088056109128e+00,8.32257553443674802e-01,9.19075297308039829e-01,1.63545701000003874e-01,1,1,1,ok,converged: max_abs_K < tol
54,5054,256,8.39999999999999969e-01,post_voro_surgery,topology,voro_radical,post_surgery_nonradical,1,1,1.16421294318435328e-01,1.29514928265573231e-01,1.30936339471379032e-02,6.78550730949810527e-02,6.25055372414704269e-02,-5.34953585351062577e-03,1.16770390263901930e-01,1.35431287495869579e-01,1.86608972319676492e-02,4.93025201738239105e-01,4.49545219468350021e-01,-4.34799822698890837e-02,9.86148655244373344e+01,6.78009963768719501e+01,-3.08138691475653843e+01,1.38646276626302245e-01,1.26736614915206047e-01,-1.19096617110961978e-02,4.76421345614360781e-01,3.28762596963156295e-01,-1.47658748651204486e-01,3.22802356530158116e-04,3.22802356530158116e-04,0.00000000000000000e+00,3.13703345421845192e-03,3.13703345421845192e-03,0.00000000000000000e+00,3.96077057090769946e+00,3.96077057090769946e+00,8.32257553443674802e-01,8.42802139372330172e-01,6.31126519010000209e+01,1,0,0,ok,light topology surgery; no longer radical
54,5054,256,8.39999999999999969e-01,radius_label_swap,sum_channel,voro_radical,voro_radical_rebuilt,1,1,1.16421294318435328e-01,1.16421582350376918e-01,2.88031941589328433e-07,6.78550730949810527e-02,6.78558777867680485e-02,8.04691786995825886e-07,1.16770390263901930e-01,1.16770107683296348e-01,-2.82580605581728150e-07,4.93025201738239105e-01,4.93035871715649776e-01,1.06699774106711054e-05,9.86148655244373344e+01,9.86147018510923488e+01,-1.63673344985681979e-04,1.38646276626302245e-01,1.38646378138626680e-01,1.01512324435226731e-07,4.76421345614360781e-01,4.76420094178355957e-01,-1.25143600482324757e-06,3.22802356530158116e-04,3.24224845610509042e-04,1.42248908035092630e-06,3.13703345421845192e-03,3.13703345421845192e-03,0.00000000000000000e+00,3.96077057090769946e+00,3.96077057090769946e+00,8.32257553443674802e-01,8.32257553443674802e-01,8.06622603899995738e+00,0,1,0,ok,radius labels permuted; distribution exactly preserved
54,5054,256,8.39999999999999969e-01,shape_descent,shape_channel,voro_radical,voro_radical_rebuilt,1,1,1.16421294318435328e-01,1.16358800924176178e-01,-6.24933942591499036e-05,6.78550730949810527e-02,6.78550730949810527e-02,0.00000000000000000e+00,1.16770390263901930e-01,1.16742843339795455e-01,-2.75469241064751902e-05,4.93025201738239105e-01,4.93025201738239105e-01,0.00000000000000000e+00,9.86148655244373344e+01,9.86148655244373344e+01,0.00000000000000000e+00,1.38646276626302245e-01,1.38646276626302245e-01,0.00000000000000000e+00,4.76421345614360781e-01,4.76421345614360781e-01,0.00000000000000000e+00,3.22802356530158116e-04,3.24527692791317984e-04,1.72533626115986853e-06,3.13703345421845192e-03,3.12764661594666649e-03,-9.38683827178543595e-06,3.96077057090769946e+00,3.96077057090769946e+00,8.32257553443674802e-01,8.32257553443674802e-01,4.78370941599999355e+00,0,1,0,ok,stochastic coordinate shape descent
55,5055,256,8.39999999999999969e-01,bounded_ricci_du010,sum_channel,voro_radical,voro_radical_fixed_topology,1,1,1.08023130639739340e-01,1.00598318787705907e-01,-7.42481185203343330e-03,6.99546824965585068e-02,5.01694193946773462e-02,-1.97852631018811606e-02,1.01695689167923042e-01,1.00119278744947790e-01,-1.57641042297525236e-03,5.07202894133813698e-01,3.63351216738612870e-01,-1.43851677395200828e-01,9.54026061752401375e+01,6.66517507443111725e+01,-2.87508554309289650e+01,1.32255919329329952e-01,1.00646359314630493e-01,-3.16095600146994588e-02,4.80081092659859932e-01,4.10648466883532626e-01,-6.94326257763273058e-02,2.46759473606614410e-13,1.00866193103644267e-01,1.00866193103397506e-01,1.10062631453189397e-07,9.15698042772765675e-02,9.15696942146451143e-02,3.96077057090769946e+00,3.94363819132323590e+00,8.24883213118089431e-01,8.81686229251307241e-01,1.45347817000015311e-01,1,1,1,ok,relative_bounded_ricci
55,5055,256,8.39999999999999969e-01,box_shear_aspect,shape_channel,voro_radical,voro_radical_rebuilt,1,1,1.08023130639739340e-01,1.08023130639739340e-01,0.00000000000000000e+00,6.99546824965585068e-02,6.99546824965585068e-02,0.00000000000000000e+00,1.01695689167923042e-01,1.01695689167923042e-01,0.00000000000000000e+00,5.07202894133813698e-01,5.07202894133813698e-01,0.00000000000000000e+00,9.54026061752401375e+01,9.54026061752401375e+01,0.00000000000000000e+00,1.32255919329329952e-01,1.32255919329329952e-01,0.00000000000000000e+00,4.80081092659859932e-01,4.80081092659859932e-01,0.00000000000000000e+00,2.46759473606614410e-13,2.46759473606614410e-13,0.00000000000000000e+00,1.10062631453189397e-07,1.10062631453189397e-07,0.00000000000000000e+00,3.96077057090769946e+00,3.96077057090769946e+00,8.24883213118089431e-01,8.24883213118089431e-01,3.42816867599998432e+00,0,0,0,ok,aspect-only box strain; shear omitted for rectangular voro++ container
55,5055,256,8.39999999999999969e-01,compression_step,coupled,voro_radical,voro_radical_rebuilt,1,1,1.08023130639739340e-01,1.08023130510040144e-01,-1.29699195827726044e-10,6.99546824965585068e-02,6.99546824965584790e-02,-2.77555756156289135e-17,1.01695689167923042e-01,1.01695688928873693e-01,-2.39049349759490326e-10,5.07202894133813698e-01,5.07202894133813698e-01,0.00000000000000000e+00,9.54026061752401375e+01,9.54026061752401375e+01,0.00000000000000000e+00,1.32255919329329952e-01,1.32255919329329952e-01,0.00000000000000000e+00,4.80081092659859932e-01,4.80081092659859932e-01,0.00000000000000000e+00,2.46759473606614410e-13,2.43074606273540999e-13,-3.68486733307341071e-15,1.10062631453189397e-07,1.09237786372062828e-07,-8.24845081126568402e-10,3.96077057090769946e+00,3.96077057090769946e+00,8.24883213118089431e-01,8.24883213118089431e-01,1.41169606099998646e+00,1,1,1,ok,local phi scan best endpoint
55,5055,256,8.39999999999999969e-01,free_ricci,sum_channel,voro_radical,voro_radical_fixed_topology,1,1,1.08023130639739340e-01,9.55752596474208210e-02,-1.24478709923185188e-02,6.99546824965585068e-02,7.20778752903121959e-12,-6.99546824893507169e-02,1.01695689167923042e-01,9.82168176244752750e-02,-3.47887154344776739e-03,5.07202894133813698e-01,4.89629688132220162e-11,-5.07202894084850753e-01,9.54026061752401375e+01,8.03584791907912211e-09,-9.54026061672042829e+01,1.32255919329329952e-01,2.27543553408604707e-10,-1.32255919101786412e-01,4.80081092659859932e-01,4.41763178660513123e-10,-4.80081092218096750e-01,2.46759473606614410e-13,2.37320488181864242e+00,2.37320488181839551e+00,1.10062631453189397e-07,4.17690291353332022e-01,4.17690181290700568e-01,3.96077057090769946e+00,4.52143623052469312e+00,8.24883213118089431e-01,9.43643892211723845e-01,1.32484720999997307e-01,1,1,1,ok,converged: max_abs_K < tol
55,5055,256,8.39999999999999969e-01,post_voro_surgery,topology,voro_radical,post_surgery_nonradical,1,1,1.08023130639739340e-01,1.29323936114095844e-01,2.13008054743565045e-02,6.99546824965585068e-02,6.07770462615136453e-02,-9.17763623504486148e-03,1.01695689167923042e-01,1.32064858337010538e-01,3.03691691690874954e-02,5.07202894133813698e-01,4.39043204231660655e-01,-6.81596899021530422e-02,9.54026061752401375e+01,6.20786760640683184e+01,-3.33239301111718191e+01,1.32255919329329952e-01,1.17905086571287981e-01,-1.43508327580419703e-02,4.80081092659859932e-01,3.21951787894621422e-01,-1.58129304765238510e-01,2.46759473606614410e-13,2.46759473606614410e-13,0.00000000000000000e+00,1.10062631453189397e-07,1.10062631453189397e-07,0.00000000000000000e+00,3.96077057090769946e+00,3.96077057090769946e+00,8.24883213118089431e-01,8.51391833017605681e-01,5.21789621870000246e+01,1,0,0,ok,light topology surgery; no longer radical
55,5055,256,8.39999999999999969e-01,radius_label_swap,sum_channel,voro_radical,voro_radical_rebuilt,1,1,1.08023130639739340e-01,1.08023130639739340e-01,0.00000000000000000e+00,6.99546824965585068e-02,6.99546824965585068e-02,0.00000000000000000e+00,1.01695689167923042e-01,1.01695689167923042e-01,0.00000000000000000e+00,5.07202894133813698e-01,5.07202894133813698e-01,0.00000000000000000e+00,9.54026061752401375e+01,9.54026061752401375e+01,0.00000000000000000e+00,1.32255919329329952e-01,1.32255919329329952e-01,0.00000000000000000e+00,4.80081092659859932e-01,4.80081092659859932e-01,0.00000000000000000e+00,2.46759473606614410e-13,2.46759473606614410e-13,0.00000000000000000e+00,1.10062631453189397e-07,1.10062631453189397e-07,0.00000000000000000e+00,3.96077057090769946e+00,3.96077057090769946e+00,8.24883213118089431e-01,8.24883213118089431e-01,5.78555525600000919e+00,0,0,0,ok,radius labels permuted; distribution exactly preserved
55,5055,256,8.39999999999999969e-01,shape_descent,shape_channel,voro_radical,voro_radical_rebuilt,1,1,1.08023130639739340e-01,1.07996809154730825e-01,-2.63214850085152774e-05,6.99546824965585068e-02,6.99546824965584790e-02,-2.77555756156289135e-17,1.01695689167923042e-01,1.01706719489809638e-01,1.10303218865959174e-05,5.07202894133813698e-01,5.07202894133813698e-01,0.00000000000000000e+00,9.54026061752401375e+01,9.54026061752401375e+01,0.00000000000000000e+00,1.32255919329329952e-01,1.32255919329329952e-01,0.00000000000000000e+00,4.80081092659859932e-01,4.80081092659859932e-01,0.00000000000000000e+00,2.46759473606614410e-13,2.46731798789842568e-13,-2.76748167718421725e-17,1.10062631453189397e-07,1.10062631453189397e-07,0.00000000000000000e+00,3.96077057090769946e+00,3.96077057090769946e+00,8.24883213118089431e-01,8.24883213118089431e-01,5.03099880700000313e+00,1,0,0,ok,stochastic coordinate shape descent
56,5056,256,8.39999999999999969e-01,bounded_ricci_du010,sum_channel,voro_radical,voro_radical_fixed_topology,1,1,1.22752356894621731e-01,1.17741890429745491e-01,-5.01046646487623981e-03,7.13906539550585306e-02,5.38880265863682165e-02,-1.75026273686903142e-02,1.23360411460864766e-01,1.21723545011472714e-01,-1.63686644939205206e-03,5.24638943153269310e-01,3.95242696784759096e-01,-1.29396246368510215e-01,1.37217856577950357e+02,9.66236260632667836e+01,-4.05942305146835736e+01,1.51859975299292238e-01,1.21889423712101014e-01,-2.99705515871912243e-02,6.14508281432749270e-01,5.15689406757878110e-01,-9.88188746748711599e-02,2.52421861125243490e-03,1.65168993849983625e-01,1.62644775238731193e-01,9.83370244829062656e-03,1.00523695873424135e-01,9.06899934251335083e-02,3.96077057090769946e+00,4.03817709699693683e+00,8.18685880882840888e-01,8.73414700921058884e-01,8.06232619999889266e-02,1,1,1,ok,relative_bounded_ricci
56,5056,256,8.39999999999999969e-01,box_shear_aspect,shape_channel,voro_radical,voro_radical_rebuilt,1,1,1.22752356894621731e-01,1.22748928674644209e-01,-3.42821997752207341e-06,7.13906539550585306e-02,7.13906539550584890e-02,-4.16333634234433703e-17,1.23360411460864766e-01,1.23351343304518885e-01,-9.06815634588165054e-06,5.24638943153269310e-01,5.24638943153269310e-01,0.00000000000000000e+00,1.37217856577950357e+02,1.37217856577950357e+02,0.00000000000000000e+00,1.51859975299292238e-01,1.51859975299292238e-01,0.00000000000000000e+00,6.14508281432749270e-01,6.14508281432749270e-01,0.00000000000000000e+00,2.52421861125243490e-03,2.52154690676107069e-03,-2.67170449136421365e-06,9.83370244829062656e-03,9.98789592062010456e-03,1.54193472329477999e-04,3.96077057090769946e+00,3.96077057090769946e+00,8.18685880882840888e-01,8.18685880882840888e-01,3.72814741899998126e+00,1,1,1,ok,aspect-only box strain; shear omitted for rectangular voro++ container
56,5056,256,8.39999999999999969e-01,compression_step,coupled,voro_radical,voro_radical_rebuilt,1,1,1.22752356894621731e-01,1.22752356894621648e-01,-8.32667268468867405e-17,7.13906539550585306e-02,7.13906539550585029e-02,-2.77555756156289135e-17,1.23360411460864766e-01,1.23360411460864836e-01,6.93889390390722838e-17,5.24638943153269310e-01,5.24638943153269310e-01,0.00000000000000000e+00,1.37217856577950357e+02,1.37217856577950357e+02,0.00000000000000000e+00,1.51859975299292238e-01,1.51859975299292238e-01,0.00000000000000000e+00,6.14508281432749270e-01,6.14508281432749270e-01,0.00000000000000000e+00,2.52421861125243490e-03,0.00000000000000000e+00,-2.52421861125243490e-03,9.83370244829062656e-03,0.00000000000000000e+00,-9.83370244829062656e-03,3.96077057090769946e+00,3.96077057090769946e+00,8.18685880882840888e-01,8.18685880882840888e-01,1.45191864000000237e+00,1,0,0,ok,local phi scan best endpoint
56,5056,256,8.39999999999999969e-01,free_ricci,sum_channel,voro_radical,voro_radical_fixed_topology,1,1,1.22752356894621731e-01,1.16677868810330862e-01,-6.07448808429086884e-03,7.13906539550585306e-02,6.71076592388664454e-12,-7.13906539483477598e-02,1.23360411460864766e-01,1.19444339224186763e-01,-3.91607223667800319e-03,5.24638943153269310e-01,4.74844908625195529e-11,-5.24638943105784850e-01,1.37217856577950357e+02,8.36832159906499888e-09,-1.37217856569582040e+02,1.51859975299292238e-01,2.24897805494752221e-10,-1.51859975074394443e-01,6.14508281432749270e-01,4.37694310737528435e-10,-6.14508280995054945e-01,2.52421861125243490e-03,5.10447705201021940e+00,5.10195283339896655e+00,9.83370244829062656e-03,5.38864979594884996e-01,5.29031277146594370e-01,3.96077057090769946e+00,5.32246257518751165e+00,8.18685880882840888e-01,9.10080089387923508e-01,1.15458370999988347e-01,1,1,1,ok,converged: max_abs_K < tol
56,5056,256,8.39999999999999969e-01,post_voro_surgery,topology,voro_radical,post_surgery_nonradical,1,1,1.22752356894621731e-01,1.43910363153253618e-01,2.11580062586318868e-02,7.13906539550585306e-02,6.80153429685657201e-02,-3.37531098649281047e-03,1.23360411460864766e-01,1.51571953102302981e-01,2.82115416414382147e-02,5.24638943153269310e-01,4.92537887805125085e-01,-3.21010553481442251e-02,1.37217856577950357e+02,9.03385488040096902e+01,-4.68793077739406669e+01,1.51859975299292238e-01,1.40900668490476028e-01,-1.09593068088162104e-02,6.14508281432749270e-01,4.22961226101071397e-01,-1.91547055331677873e-01,2.52421861125243490e-03,2.52421861125243490e-03,0.00000000000000000e+00,9.83370244829062656e-03,9.83370244829062656e-03,0.00000000000000000e+00,3.96077057090769946e+00,3.96077057090769946e+00,8.18685880882840888e-01,8.24806617420035026e-01,5.51376425749999726e+01,1,0,0,ok,light topology surgery; no longer radical
56,5056,256,8.39999999999999969e-01,radius_label_swap,sum_channel,voro_radical,voro_radical_rebuilt,1,1,1.22752356894621731e-01,1.22560970685168871e-01,-1.91386209452859557e-04,7.13906539550585306e-02,7.11955406020539361e-02,-1.95113353004594536e-04,1.23360411460864766e-01,1.23306875909755670e-01,-5.35355511090962466e-05,5.24638943153269310e-01,5.22730247623837685e-01,-1.90869552943162546e-03,1.37217856577950357e+02,1.36827657483858388e+02,-3.90199094091968846e-01,1.51859975299292238e-01,1.51267665210345653e-01,-5.92310088946584878e-04,6.14508281432749270e-01,6.14554197433631932e-01,4.59160008826620114e-05,2.52421861125243490e-03,2.48694701114614064e-03,-3.72716001062942635e-05,9.83370244829062656e-03,9.83370244829062656e-03,0.00000000000000000e+00,3.96077057090769946e+00,3.96077057090769946e+00,8.18685880882840888e-01,8.19350105552789976e-01,9.14448913199998970e+00,1,1,1,ok,radius labels permuted; distribution exactly preserved
56,5056,256,8.39999999999999969e-01,shape_descent,shape_channel,voro_radical,voro_radical_rebuilt,1,1,1.22752356894621731e-01,1.22627953868052794e-01,-1.24403026568936648e-04,7.13906539550585306e-02,7.29319386416015097e-02,1.54128468654297912e-03,1.23360411460864766e-01,1.21944532921141296e-01,-1.41587853972346966e-03,5.24638943153269310e-01,5.36789111960514820e-01,1.21501688072455094e-02,1.37217856577950357e+02,1.53202419256257684e+02,1.59845626783073271e+01,1.51859975299292238e-01,1.55970096677074482e-01,4.11012137778224429e-03,6.14508281432749270e-01,6.65924357191697069e-01,5.14160757589477990e-02,2.52421861125243490e-03,2.63525248791462649e-03,1.11033876662191590e-04,9.83370244829062656e-03,9.83370244829062656e-03,0.00000000000000000e+00,3.96077057090769946e+00,3.96077057090769946e+00,8.18685880882840888e-01,8.13815722170074363e-01,4.35059437300000695e+00,0,1,0,ok,stochastic coordinate shape descent
57,5057,256,8.39999999999999969e-01,bounded_ricci_du010,sum_channel,voro_radical,voro_radical_fixed_topology,1,1,1.20393331777093618e-01,1.14597714793560276e-01,-5.79561698353334154e-03,7.55801951101731512e-02,5.52183231902445212e-02,-2.03618719199286299e-02,1.16953128908147325e-01,1.15293331001377841e-01,-1.65979790676948347e-03,5.33637744058959806e-01,3.90041509867856684e-01,-1.43596234191103123e-01,1.35646014936563802e+02,9.31473903347441876e+01,-4.24986246018196141e+01,1.52007320095250975e-01,1.19563234784152317e-01,-3.24440853110986582e-02,6.07634931857749416e-01,5.04746499226685352e-01,-1.02888432631064064e-01,1.05914706597893247e-03,1.42062557430434333e-01,1.41003410364455406e-01,6.69730640877252981e-03,1.06588566220490844e-01,9.98912598117183137e-02,3.96077057090769946e+00,3.93975166411702826e+00,8.32476494185417581e-01,8.89625482729699102e-01,8.17744359999892367e-02,1,1,1,ok,relative_bounded_ricci
57,5057,256,8.39999999999999969e-01,box_shear_aspect,shape_channel,voro_radical,voro_radical_rebuilt,1,1,1.20393331777093618e-01,1.20369585759554032e-01,-2.37460175395859396e-05,7.55801951101731512e-02,7.55801951101731789e-02,2.77555756156289135e-17,1.16953128908147325e-01,1.16926880813920012e-01,-2.62480942273130013e-05,5.33637744058959806e-01,5.33637744058959806e-01,0.00000000000000000e+00,1.35646014936563802e+02,1.35646014936563802e+02,0.00000000000000000e+00,1.52007320095250975e-01,1.52007320095250975e-01,0.00000000000000000e+00,6.07634931857749416e-01,6.07634931857749416e-01,0.00000000000000000e+00,1.05914706597893247e-03,1.05000871341510505e-03,-9.13835256382742288e-06,6.69730640877252981e-03,5.97407833624474804e-03,-7.23228072527781762e-04,3.96077057090769946e+00,3.96077057090769946e+00,8.32476494185417581e-01,8.32476494185417581e-01,3.40527251899999328e+00,0,1,0,ok,aspect-only box strain; shear omitted for rectangular voro++ container
57,5057,256,8.39999999999999969e-01,compression_step,coupled,voro_radical,voro_radical_rebuilt,1,1,1.20393331777093618e-01,1.20393331777093604e-01,-1.38777878078144568e-17,7.55801951101731512e-02,7.55801951101731512e-02,0.00000000000000000e+00,1.16953128908147325e-01,1.16953128908147339e-01,1.38777878078144568e-17,5.33637744058959806e-01,5.33637744058959806e-01,0.00000000000000000e+00,1.35646014936563802e+02,1.35646014936563802e+02,0.00000000000000000e+00,1.52007320095250975e-01,1.52007320095250975e-01,0.00000000000000000e+00,6.07634931857749416e-01,6.07634931857749416e-01,0.00000000000000000e+00,1.05914706597893247e-03,0.00000000000000000e+00,-1.05914706597893247e-03,6.69730640877252981e-03,0.00000000000000000e+00,-6.69730640877252981e-03,3.96077057090769946e+00,3.96077057090769946e+00,8.32476494185417581e-01,8.32476494185417581e-01,1.24015251500000545e+00,0,0,0,ok,local phi scan best endpoint
57,5057,256,8.39999999999999969e-01,free_ricci,sum_channel,voro_radical,voro_radical_fixed_topology,1,1,1.20393331777093618e-01,1.11018233396476498e-01,-9.37509838061711953e-03,7.55801951101731512e-02,6.78441038329963177e-12,-7.55801951033887448e-02,1.16953128908147325e-01,1.13119515754274119e-01,-3.83361315387320545e-03,5.33637744058959806e-01,4.75784576717621383e-11,-5.33637744011381310e-01,1.35646014936563802e+02,7.74029533851617463e-09,-1.35646014928823519e+02,1.52007320095250975e-01,2.20215873904834550e-10,-1.52007319875035102e-01,6.07634931857749416e-01,4.46764487110292103e-10,-6.07634931410984902e-01,1.05914706597893247e-03,4.57772281216574850e+00,4.57666366509976985e+00,6.69730640877252981e-03,5.27790390184468272e-01,5.21093083775695742e-01,3.96077057090769946e+00,4.45060703202052466e+00,8.32476494185417581e-01,9.29101730679481319e-01,8.69475009999973736e-02,1,1,1,ok,converged: max_abs_K < tol
57,5057,256,8.39999999999999969e-01,post_voro_surgery,topology,voro_radical,post_surgery_nonradical,1,1,1.20393331777093618e-01,1.47785708605296467e-01,2.73923768282028496e-02,7.55801951101731512e-02,6.78157560289428668e-02,-7.76443908123028437e-03,1.16953128908147325e-01,1.54981440903587953e-01,3.80283119954406279e-02,5.33637744058959806e-01,4.86412827176077367e-01,-4.72249168828824395e-02,1.35646014936563802e+02,8.26414474489205020e+01,-5.30045674876432997e+01,1.52007320095250975e-01,1.42120226697146967e-01,-9.88709339810400767e-03,6.07634931857749416e-01,3.69253478053620243e-01,-2.38381453804129173e-01,1.05914706597893247e-03,1.05914706597893247e-03,0.00000000000000000e+00,6.69730640877252981e-03,6.69730640877252981e-03,0.00000000000000000e+00,3.96077057090769946e+00,3.96077057090769946e+00,8.32476494185417581e-01,8.46745924847250864e-01,6.36223062939999977e+01,1,0,0,ok,light topology surgery; no longer radical
57,5057,256,8.39999999999999969e-01,radius_label_swap,sum_channel,voro_radical,voro_radical_rebuilt,1,1,1.20393331777093618e-01,1.20391331452622041e-01,-2.00032447157660886e-06,7.55801951101731512e-02,7.55795552274293458e-02,-6.39882743805331167e-07,1.16953128908147325e-01,1.16953137811793936e-01,8.90364661165765625e-09,5.33637744058959806e-01,5.33628044162472781e-01,-9.69989648702540563e-06,1.35646014936563802e+02,1.35646136693797160e+02,1.21757233358721351e-04,1.52007320095250975e-01,1.52006903071722099e-01,-4.17023528875848370e-07,6.07634931857749416e-01,6.07636593224608279e-01,1.66136685886275615e-06,1.05914706597893247e-03,1.05726223382790843e-03,-1.88483215102404345e-06,6.69730640877252981e-03,6.69730640877252981e-03,0.00000000000000000e+00,3.96077057090769946e+00,3.96077057090769946e+00,8.32476494185417581e-01,8.32487338090492246e-01,6.43132227099999909e+00,1,0,0,ok,radius labels permuted; distribution exactly preserved
57,5057,256,8.39999999999999969e-01,shape_descent,shape_channel,voro_radical,voro_radical_rebuilt,1,1,1.20393331777093618e-01,1.20420817778317882e-01,2.74860012242639229e-05,7.55801951101731512e-02,7.55801951101731789e-02,2.77555756156289135e-17,1.16953128908147325e-01,1.16956746160151281e-01,3.61725200395679458e-06,5.33637744058959806e-01,5.33637744058959806e-01,0.00000000000000000e+00,1.35646014936563802e+02,1.35646014936563802e+02,0.00000000000000000e+00,1.52007320095250975e-01,1.52007320095250975e-01,0.00000000000000000e+00,6.07634931857749416e-01,6.07634931857749416e-01,0.00000000000000000e+00,1.05914706597893247e-03,1.11774186153782980e-03,5.85947955588973259e-05,6.69730640877252981e-03,6.79182650017828848e-03,9.45200914057586772e-05,3.96077057090769946e+00,3.96077057090769946e+00,8.32476494185417581e-01,8.32476494185417581e-01,4.40349981200000684e+00,0,0,0,ok,stochastic coordinate shape descent
58,5058,256,8.39999999999999969e-01,bounded_ricci_du010,sum_channel,voro_radical,voro_radical_fixed_topology,1,1,1.26018030649756502e-01,1.21097522283582767e-01,-4.92050836617373422e-03,7.14757538280867549e-02,5.46502237367043342e-02,-1.68255300913824207e-02,1.24329727756091926e-01,1.22862237790649198e-01,-1.46748996544272814e-03,5.33287989945401275e-01,4.05092861041041086e-01,-1.28195128904360189e-01,1.19636387720653460e+02,8.72662725559528241e+01,-3.23701151647006355e+01,1.48960036265190304e-01,1.20478835246363838e-01,-2.84812010188264658e-02,5.47105767431138035e-01,4.72079468325736606e-01,-7.50262991054014283e-02,2.28296284749150745e-03,1.21162398085001302e-01,1.18879435237509795e-01,8.30924900296015068e-03,1.28940568238668174e-01,1.20631319235708023e-01,3.96077057090769946e+00,3.91789733836276532e+00,8.02363583549260961e-01,8.56539015375492707e-01,9.03762949999986631e-02,1,1,1,ok,relative_bounded_ricci
58,5058,256,8.39999999999999969e-01,box_shear_aspect,shape_channel,voro_radical,voro_radical_rebuilt,1,1,1.26018030649756502e-01,1.26014444493614791e-01,-3.58615614171053920e-06,7.14757538280867549e-02,7.14757538280867272e-02,-2.77555756156289135e-17,1.24329727756091926e-01,1.24327786028940443e-01,-1.94172715148321906e-06,5.33287989945401275e-01,5.33287989945401275e-01,0.00000000000000000e+00,1.19636387720653460e+02,1.19636387720653460e+02,0.00000000000000000e+00,1.48960036265190304e-01,1.48960036265190304e-01,0.00000000000000000e+00,5.47105767431138035e-01,5.47105767431138035e-01,0.00000000000000000e+00,2.28296284749150745e-03,2.27996378452271576e-03,-2.99906296879169643e-06,8.30924900296015068e-03,8.32089515218870091e-03,1.16461492285502288e-05,3.96077057090769946e+00,3.96077057090769946e+00,8.02363583549260961e-01,8.02363583549260961e-01,3.32558566199998040e+00,1,1,1,ok,aspect-only box strain; shear omitted for rectangular voro++ container
58,5058,256,8.39999999999999969e-01,compression_step,coupled,voro_radical,voro_radical_rebuilt,1,1,1.26018030649756502e-01,1.26232635906473933e-01,2.14605256717431692e-04,7.14757538280867549e-02,7.09632765734769105e-02,-5.12477254609844390e-04,1.24329727756091926e-01,1.24784193802046250e-01,4.54466045954324271e-04,5.33287989945401275e-01,5.29084550792304764e-01,-4.20343915309651095e-03,1.19636387720653460e+02,1.17053615043995791e+02,-2.58277267665766885e+00,1.48960036265190304e-01,1.47277711964609453e-01,-1.68232430058085081e-03,5.47105767431138035e-01,5.40435153763830556e-01,-6.67061366730747896e-03,2.28296284749150745e-03,0.00000000000000000e+00,-2.28296284749150745e-03,8.30924900296015068e-03,0.00000000000000000e+00,-8.30924900296015068e-03,3.96077057090769946e+00,3.96077057090769946e+00,8.02363583549260961e-01,8.00919502218870316e-01,1.34828296300000261e+00,1,0,0,ok,local phi scan best endpoint
58,5058,256,8.39999999999999969e-01,free_ricci,sum_channel,voro_radical,voro_radical_fixed_topology,1,1,1.26018030649756502e-01,1.18185818770858542e-01,-7.83221187889796000e-03,7.14757538280867549e-02,6.42668063690118929e-12,-7.14757538216600763e-02,1.24329727756091926e-01,1.20856678567399525e-01,-3.47304918869240087e-03,5.33287989945401275e-01,4.61411184478350223e-11,-5.33287989899260184e-01,1.19636387720653460e+02,7.56870531618714556e-09,-1.19636387713084758e+02,1.48960036265190304e-01,2.13707926056843861e-10,-1.48960036051482392e-01,5.47105767431138035e-01,4.46179567587770212e-10,-5.47105766984958497e-01,2.28296284749150745e-03,4.96708127768552732e+00,4.96479831483803569e+00,8.30924900296015068e-03,6.41184570456406977e-01,6.32875321453446826e-01,3.96077057090769946e+00,5.95975068741955827e+00,8.02363583549260961e-01,9.14118813501331728e-01,1.18560403999993014e-01,1,1,1,ok,converged: max_abs_K < tol
58,5058,256,8.39999999999999969e-01,post_voro_surgery,topology,voro_radical,post_surgery_nonradical,1,1,1.26018030649756502e-01,1.62327685983323283e-01,3.63096553335667815e-02,7.14757538280867549e-02,6.26504238654608664e-02,-8.82532996262588854e-03,1.24329727756091926e-01,1.69950943047859349e-01,4.56212152917674224e-02,5.33287989945401275e-01,4.68460703521851873e-01,-6.48272864235494017e-02,1.19636387720653460e+02,7.80464873886393491e+01,-4.15899003320141105e+01,1.48960036265190304e-01,1.31400211252355348e-01,-1.75598250128349564e-02,5.47105767431138035e-01,3.81306589228976867e-01,-1.65799178202161168e-01,2.28296284749150745e-03,2.28296284749150745e-03,0.00000000000000000e+00,8.30924900296015068e-03,8.30924900296015068e-03,0.00000000000000000e+00,3.96077057090769946e+00,3.96077057090769946e+00,8.02363583549260961e-01,8.27153644355529627e-01,7.00149693930000296e+01,1,0,0,ok,light topology surgery; no longer radical
58,5058,256,8.39999999999999969e-01,radius_label_swap,sum_channel,voro_radical,voro_radical_rebuilt,1,1,1.26018030649756502e-01,1.25948081437111503e-01,-6.99492126449985374e-05,7.14757538280867549e-02,7.12919811839718004e-02,-1.83772644114954531e-04,1.24329727756091926e-01,1.24319461120334748e-01,-1.02666357571778999e-05,5.33287989945401275e-01,5.32540645608855834e-01,-7.47344336545441301e-04,1.19636387720653460e+02,1.19508547346796121e+02,-1.27840373857338818e-01,1.48960036265190304e-01,1.48762966036549760e-01,-1.97070228640544576e-04,5.47105767431138035e-01,5.47114049982638018e-01,8.28255149998291529e-06,2.28296284749150745e-03,2.27561796147762990e-03,-7.34488601387755721e-06,8.30924900296015068e-03,8.30924900296015068e-03,0.00000000000000000e+00,3.96077057090769946e+00,3.96077057090769946e+00,8.02363583549260961e-01,8.02380942544283826e-01,8.99468191099998648e+00,1,1,1,ok,radius labels permuted; distribution exactly preserved
58,5058,256,8.39999999999999969e-01,shape_descent,shape_channel,voro_radical,voro_radical_rebuilt,1,1,1.26018030649756502e-01,1.25997546860857262e-01,-2.04837888992392969e-05,7.14757538280867549e-02,7.14757538280867272e-02,-2.77555756156289135e-17,1.24329727756091926e-01,1.24442114611278506e-01,1.12386855186580314e-04,5.33287989945401275e-01,5.33287989945401275e-01,0.00000000000000000e+00,1.19636387720653460e+02,1.19636387720653460e+02,0.00000000000000000e+00,1.48960036265190304e-01,1.48960036265190304e-01,0.00000000000000000e+00,5.47105767431138035e-01,5.47105767431138035e-01,0.00000000000000000e+00,2.28296284749150745e-03,2.33170842944314905e-03,4.87455819516416020e-05,8.30924900296015068e-03,8.30924900296015068e-03,0.00000000000000000e+00,3.96077057090769946e+00,3.96077057090769946e+00,8.02363583549260961e-01,8.02363583549260961e-01,4.87348337099999185e+00,1,0,0,ok,stochastic coordinate shape descent
59,5059,256,8.39999999999999969e-01,bounded_ricci_du010,sum_channel,voro_radical,voro_radical_fixed_topology,1,1,1.24595010852177127e-01,1.18911962499148705e-01,-5.68304835302842204e-03,7.71491180371262214e-02,5.78904822159981153e-02,-1.92586358211281061e-02,1.20520664644578057e-01,1.18921557161336483e-01,-1.59910748324157415e-03,5.66258942779428343e-01,4.24152975431380086e-01,-1.42105967348048257e-01,1.01810466415763116e+02,7.01474829769485950e+01,-3.16629834388145213e+01,1.54327069174021031e-01,1.21296481332487036e-01,-3.30305878415339954e-02,4.38458207839061587e-01,3.67693293989053316e-01,-7.07649138500082708e-02,3.18489116751762176e-03,1.61103295808993296e-01,1.57918404641475663e-01,1.04661099516940581e-02,9.55335626998807808e-02,8.50674527481867226e-02,3.96077057090769946e+00,4.16557932552930588e+00,7.75680094288966782e-01,8.42820483035376933e-01,1.13644265000004907e-01,1,1,1,ok,relative_bounded_ricci
59,5059,256,8.39999999999999969e-01,box_shear_aspect,shape_channel,voro_radical,voro_radical_rebuilt,1,1,1.24595010852177127e-01,1.24594185941391530e-01,-8.24910785596211227e-07,7.71491180371262214e-02,7.71491180371262353e-02,1.38777878078144568e-17,1.20520664644578057e-01,1.20522941691348945e-01,2.27704677088769181e-06,5.66258942779428343e-01,5.66258942779428343e-01,0.00000000000000000e+00,1.01810466415763116e+02,1.01810466415763116e+02,0.00000000000000000e+00,1.54327069174021031e-01,1.54327069174021031e-01,0.00000000000000000e+00,4.38458207839061587e-01,4.38458207839061587e-01,0.00000000000000000e+00,3.18489116751762176e-03,3.18446277717517306e-03,-4.28390342448702055e-07,1.04661099516940581e-02,1.03476384425085222e-02,-1.18471509185535950e-04,3.96077057090769946e+00,3.96077057090769946e+00,7.75680094288966782e-01,7.75680094288966782e-01,3.62853445100000727e+00,0,0,0,ok,aspect-only box strain; shear omitted for rectangular voro++ container
59,5059,256,8.39999999999999969e-01,compression_step,coupled,voro_radical,voro_radical_rebuilt,1,1,1.24595010852177127e-01,1.24595010852177127e-01,0.00000000000000000e+00,7.71491180371262214e-02,7.71491180371261936e-02,-2.77555756156289135e-17,1.20520664644578057e-01,1.20520664644578043e-01,-1.38777878078144568e-17,5.66258942779428343e-01,5.66258942779428343e-01,0.00000000000000000e+00,1.01810466415763116e+02,1.01810466415763116e+02,0.00000000000000000e+00,1.54327069174021031e-01,1.54327069174021031e-01,0.00000000000000000e+00,4.38458207839061587e-01,4.38458207839061587e-01,0.00000000000000000e+00,3.18489116751762176e-03,0.00000000000000000e+00,-3.18489116751762176e-03,1.04661099516940581e-02,0.00000000000000000e+00,-1.04661099516940581e-02,3.96077057090769946e+00,3.96077057090769946e+00,7.75680094288966782e-01,7.75680094288966782e-01,1.62789891699998179e+00,1,1,1,ok,local phi scan best endpoint
59,5059,256,8.39999999999999969e-01,free_ricci,sum_channel,voro_radical,voro_radical_fixed_topology,1,1,1.24595010852177127e-01,1.13918754771657457e-01,-1.06762560805196693e-02,7.71491180371262214e-02,7.51017018085246500e-12,-7.71491180296160484e-02,1.20520664644578057e-01,1.16647459306553750e-01,-3.87320533802430755e-03,5.66258942779428343e-01,4.98581968407072082e-11,-5.66258942729570114e-01,1.01810466415763116e+02,8.18204459534471294e-09,-1.01810466407581075e+02,1.54327069174021031e-01,2.31766881829138802e-10,-1.54327068942254148e-01,4.38458207839061587e-01,4.48171568407806545e-10,-4.38458207390890031e-01,3.18489116751762176e-03,4.29063508186722053e+00,4.28745019069970290e+00,1.04661099516940581e-02,5.08314293632455616e-01,4.97848183680761558e-01,3.96077057090769946e+00,6.04996260321175505e+00,7.75680094288966782e-01,9.13975603146800819e-01,1.55133982999984710e-01,1,1,1,ok,converged: max_abs_K < tol
59,5059,256,8.39999999999999969e-01,post_voro_surgery,topology,voro_radical,post_surgery_nonradical,1,1,1.24595010852177127e-01,1.41123986939906104e-01,1.65289760877289776e-02,7.71491180371262214e-02,6.32111243557535868e-02,-1.39379936813726346e-02,1.20520664644578057e-01,1.47146617690407044e-01,2.66259530458289873e-02,5.66258942779428343e-01,4.62819401904080663e-01,-1.03439540875347680e-01,1.01810466415763116e+02,6.58686084344632690e+01,-3.59418579812998473e+01,1.54327069174021031e-01,1.29047380954179502e-01,-2.52796882198415285e-02,4.38458207839061587e-01,3.03821543854454645e-01,-1.34636663984606941e-01,3.18489116751762176e-03,3.18489116751762176e-03,0.00000000000000000e+00,1.04661099516940581e-02,1.04661099516940581e-02,0.00000000000000000e+00,3.96077057090769946e+00,3.96077057090769946e+00,7.75680094288966782e-01,8.26497585331885776e-01,6.50763350520000188e+01,1,0,0,ok,light topology surgery; no longer radical
59,5059,256,8.39999999999999969e-01,radius_label_swap,sum_channel,voro_radical,voro_radical_rebuilt,1,1,1.24595010852177127e-01,1.24595010852177127e-01,0.00000000000000000e+00,7.71491180371262214e-02,7.71491180371262214e-02,0.00000000000000000e+00,1.20520664644578057e-01,1.20520664644578057e-01,0.00000000000000000e+00,5.66258942779428343e-01,5.66258942779428343e-01,0.00000000000000000e+00,1.01810466415763116e+02,1.01810466415763116e+02,0.00000000000000000e+00,1.54327069174021031e-01,1.54327069174021031e-01,0.00000000000000000e+00,4.38458207839061587e-01,4.38458207839061587e-01,0.00000000000000000e+00,3.18489116751762176e-03,3.18489116751762176e-03,0.00000000000000000e+00,1.04661099516940581e-02,1.04661099516940581e-02,0.00000000000000000e+00,3.96077057090769946e+00,3.96077057090769946e+00,7.75680094288966782e-01,7.75680094288966782e-01,6.00566707100000485e+00,0,0,0,ok,radius labels permuted; distribution exactly preserved
59,5059,256,8.39999999999999969e-01,shape_descent,shape_channel,voro_radical,voro_radical_rebuilt,1,1,1.24595010852177127e-01,1.24658081644047777e-01,6.30707918706507886e-05,7.71491180371262214e-02,7.71491180371262214e-02,0.00000000000000000e+00,1.20520664644578057e-01,1.20576404404980422e-01,5.57397604023651683e-05,5.66258942779428343e-01,5.66258942779428343e-01,0.00000000000000000e+00,1.01810466415763116e+02,1.01810466415763116e+02,0.00000000000000000e+00,1.54327069174021031e-01,1.54327069174021031e-01,0.00000000000000000e+00,4.38458207839061587e-01,4.38458207839061587e-01,0.00000000000000000e+00,3.18489116751762176e-03,3.29628322725668580e-03,1.11392059739064044e-04,1.04661099516940581e-02,1.04661099516940581e-02,0.00000000000000000e+00,3.96077057090769946e+00,3.96077057090769946e+00,7.75680094288966782e-01,7.75680094288966782e-01,5.46733710600000222e+00,0,0,0,ok,stochastic coordinate shape descent
60,5060,256,8.39999999999999969e-01,bounded_ricci_du010,sum_channel,voro_radical,voro_radical_fixed_topology,1,1,1.12346144718901877e-01,1.07776636360445141e-01,-4.56950835845673642e-03,6.99434150604638094e-02,5.37000808852275135e-02,-1.62433341752362959e-02,1.11309049234142268e-01,1.09833501723454477e-01,-1.47554751068779133e-03,5.02246460655682680e-01,3.86104946171643593e-01,-1.16141514484039088e-01,1.11878518782699985e+02,8.14591451066131924e+01,-3.04193736760867921e+01,1.39787249629670624e-01,1.13357564858450194e-01,-2.64296847712204297e-02,5.38283542894449463e-01,4.60529584535553815e-01,-7.77539583588956473e-02,9.69520183525274192e-09,8.68545383562153439e-02,8.68545286610135081e-02,2.05923419391851326e-05,8.31736942852683292e-02,8.31531019433291441e-02,3.96077057090769946e+00,4.11232194425336672e+00,8.31873126055255097e-01,8.78967649628546677e-01,1.23050367000018923e-01,1,1,1,ok,relative_bounded_ricci
60,5060,256,8.39999999999999969e-01,box_shear_aspect,shape_channel,voro_radical,voro_radical_rebuilt,1,1,1.12346144718901877e-01,1.12346144718901877e-01,0.00000000000000000e+00,6.99434150604638094e-02,6.99434150604638094e-02,0.00000000000000000e+00,1.11309049234142268e-01,1.11309049234142268e-01,0.00000000000000000e+00,5.02246460655682680e-01,5.02246460655682680e-01,0.00000000000000000e+00,1.11878518782699985e+02,1.11878518782699985e+02,0.00000000000000000e+00,1.39787249629670624e-01,1.39787249629670624e-01,0.00000000000000000e+00,5.38283542894449463e-01,5.38283542894449463e-01,0.00000000000000000e+00,9.69520183525274192e-09,9.69520183525274192e-09,0.00000000000000000e+00,2.05923419391851326e-05,2.05923419391851326e-05,0.00000000000000000e+00,3.96077057090769946e+00,3.96077057090769946e+00,8.31873126055255097e-01,8.31873126055255097e-01,3.12171638500001336e+00,0,0,0,ok,aspect-only box strain; shear omitted for rectangular voro++ container
60,5060,256,8.39999999999999969e-01,compression_step,coupled,voro_radical,voro_radical_rebuilt,1,1,1.12346144718901877e-01,1.12346144718901877e-01,0.00000000000000000e+00,6.99434150604638094e-02,6.99434150604637817e-02,-2.77555756156289135e-17,1.11309049234142268e-01,1.11309049234142296e-01,2.77555756156289135e-17,5.02246460655682680e-01,5.02246460655682680e-01,0.00000000000000000e+00,1.11878518782699985e+02,1.11878518782699985e+02,0.00000000000000000e+00,1.39787249629670624e-01,1.39787249629670624e-01,0.00000000000000000e+00,5.38283542894449463e-01,5.38283542894449463e-01,0.00000000000000000e+00,9.69520183525274192e-09,0.00000000000000000e+00,-9.69520183525274192e-09,2.05923419391851326e-05,0.00000000000000000e+00,-2.05923419391851326e-05,3.96077057090769946e+00,3.96077057090769946e+00,8.31873126055255097e-01,8.31873126055255097e-01,1.19168626600003336e+00,1,0,0,ok,local phi scan best endpoint
60,5060,256,8.39999999999999969e-01,free_ricci,sum_channel,voro_radical,voro_radical_fixed_topology,1,1,1.12346144718901877e-01,1.04896766978536823e-01,-7.44937774036505407e-03,6.99434150604638094e-02,6.22038961758148813e-12,-6.99434150542434241e-02,1.11309049234142268e-01,1.07539352575273958e-01,-3.76969665886831007e-03,5.02246460655682680e-01,4.38226684399770439e-11,-5.02246460611859957e-01,1.11878518782699985e+02,7.07814603868810328e-09,-1.11878518775621842e+02,1.39787249629670624e-01,2.01405973262798513e-10,-1.39787249428264648e-01,5.38283542894449463e-01,4.05065794402443704e-10,-5.38283542489383704e-01,9.69520183525274192e-09,3.54147945698723543e+00,3.54147944729203346e+00,2.05923419391851326e-05,5.13943088090181632e-01,5.13922495748242447e-01,3.96077057090769946e+00,5.35511487445144319e+00,8.31873126055255097e-01,9.20237209986348503e-01,1.17822552999996333e-01,1,1,1,ok,converged: max_abs_K < tol
60,5060,256,8.39999999999999969e-01,post_voro_surgery,topology,voro_radical,post_surgery_nonradical,1,1,1.12346144718901877e-01,1.27110073934401019e-01,1.47639292154991414e-02,6.99434150604638094e-02,6.76140186072355653e-02,-2.32939645322824407e-03,1.11309049234142268e-01,1.32428259547963695e-01,2.11192103138214266e-02,5.02246460655682680e-01,4.83631492715185352e-01,-1.86149679404973289e-02,1.11878518782699985e+02,8.19090614029282591e+01,-2.99694573797717254e+01,1.39787249629670624e-01,1.35332044405996887e-01,-4.45520522367373606e-03,5.38283542894449463e-01,3.92200905379387621e-01,-1.46082637515061842e-01,9.69520183525274192e-09,9.69520183525274192e-09,0.00000000000000000e+00,2.05923419391851326e-05,2.05923419391851326e-05,0.00000000000000000e+00,3.96077057090769946e+00,3.96077057090769946e+00,8.31873126055255097e-01,8.40953324256237478e-01,7.05174525920000406e+01,1,0,0,ok,light topology surgery; no longer radical
60,5060,256,8.39999999999999969e-01,radius_label_swap,sum_channel,voro_radical,voro_radical_rebuilt,1,1,1.12346144718901877e-01,1.12346144718901877e-01,0.00000000000000000e+00,6.99434150604638094e-02,6.99434150604638094e-02,0.00000000000000000e+00,1.11309049234142268e-01,1.11309049234142268e-01,0.00000000000000000e+00,5.02246460655682680e-01,5.02246460655682680e-01,0.00000000000000000e+00,1.11878518782699985e+02,1.11878518782699985e+02,0.00000000000000000e+00,1.39787249629670624e-01,1.39787249629670624e-01,0.00000000000000000e+00,5.38283542894449463e-01,5.38283542894449463e-01,0.00000000000000000e+00,9.69520183525274192e-09,9.69520183525274192e-09,0.00000000000000000e+00,2.05923419391851326e-05,2.05923419391851326e-05,0.00000000000000000e+00,3.96077057090769946e+00,3.96077057090769946e+00,8.31873126055255097e-01,8.31873126055255097e-01,8.54759616000001188e+00,0,0,0,ok,radius labels permuted; distribution exactly preserved
60,5060,256,8.39999999999999969e-01,shape_descent,shape_channel,voro_radical,voro_radical_rebuilt,1,1,1.12346144718901877e-01,1.12291710444484091e-01,-5.44342744177861437e-05,6.99434150604638094e-02,6.99434150604638094e-02,0.00000000000000000e+00,1.11309049234142268e-01,1.11276700203290557e-01,-3.23490308517110359e-05,5.02246460655682680e-01,5.02246460655682680e-01,0.00000000000000000e+00,1.11878518782699985e+02,1.11878518782699985e+02,0.00000000000000000e+00,1.39787249629670624e-01,1.39787249629670624e-01,0.00000000000000000e+00,5.38283542894449463e-01,5.38283542894449463e-01,0.00000000000000000e+00,9.69520183525274192e-09,9.69510947436466395e-09,-9.23608880779742066e-14,2.05923419391851326e-05,2.05923419391851326e-05,0.00000000000000000e+00,3.96077057090769946e+00,3.96077057090769946e+00,8.31873126055255097e-01,8.31873126055255097e-01,4.35307577200001106e+00,0,1,0,ok,stochastic coordinate shape descent
61,5061,256,8.39999999999999969e-01,bounded_ricci_du010,sum_channel,voro_radical,voro_radical_fixed_topology,1,1,1.12977517139665029e-01,1.08885685613571218e-01,-4.09183152609381151e-03,7.03983822472917381e-02,5.75887332893290083e-02,-1.28096489579627298e-02,1.11986461609114338e-01,1.10774484725176467e-01,-1.21197688393787084e-03,5.42824193141279943e-01,4.41555709478603620e-01,-1.01268483662676323e-01,1.23159966280549753e+02,9.25196104738654697e+01,-3.06403558066842834e+01,1.44475805145294595e-01,1.21737155627804655e-01,-2.27386495174899395e-02,5.75925079066045287e-01,4.95819274620012795e-01,-8.01058044460324914e-02,4.41219792891095572e-04,7.33355572941447459e-02,7.28943375012536532e-02,4.40735849116036249e-03,8.79142763391267401e-02,8.35069178479663776e-02,3.96077057090769946e+00,3.91607672900790460e+00,7.95038881618290949e-01,8.40237518757638857e-01,1.84465394000028482e-01,1,1,1,ok,relative_bounded_ricci
61,5061,256,8.39999999999999969e-01,box_shear_aspect,shape_channel,voro_radical,voro_radical_rebuilt,1,1,1.12977517139665029e-01,1.12977988876971511e-01,4.71737306481645469e-07,7.03983822472917381e-02,7.03983822472917659e-02,2.77555756156289135e-17,1.11986461609114338e-01,1.11987260316428125e-01,7.98707313787172524e-07,5.42824193141279943e-01,5.42824193141279943e-01,0.00000000000000000e+00,1.23159966280549753e+02,1.23159966280549753e+02,0.00000000000000000e+00,1.44475805145294595e-01,1.44475805145294595e-01,0.00000000000000000e+00,5.75925079066045287e-01,5.75925079066045287e-01,0.00000000000000000e+00,4.41219792891095572e-04,4.40919145625977651e-04,-3.00647265117921347e-07,4.40735849116036249e-03,4.48873630059409834e-03,8.13778094337358482e-05,3.96077057090769946e+00,3.96077057090769946e+00,7.95038881618290949e-01,7.95038881618290949e-01,4.21169052099997998e+00,0,0,0,ok,aspect-only box strain; shear omitted for rectangular voro++ container
61,5061,256,8.39999999999999969e-01,compression_step,coupled,voro_radical,voro_radical_rebuilt,1,1,1.12977517139665029e-01,1.12977517139664821e-01,-2.08166817117216851e-16,7.03983822472917381e-02,7.03983822472917659e-02,2.77555756156289135e-17,1.11986461609114338e-01,1.11986461609114352e-01,1.38777878078144568e-17,5.42824193141279943e-01,5.42824193141279943e-01,0.00000000000000000e+00,1.23159966280549753e+02,1.23159966280549753e+02,0.00000000000000000e+00,1.44475805145294595e-01,1.44475805145294595e-01,0.00000000000000000e+00,5.75925079066045287e-01,5.75925079066045287e-01,0.00000000000000000e+00,4.41219792891095572e-04,0.00000000000000000e+00,-4.41219792891095572e-04,4.40735849116036249e-03,0.00000000000000000e+00,-4.40735849116036249e-03,3.96077057090769946e+00,3.96077057090769946e+00,7.95038881618290949e-01,7.95038881618290949e-01,1.84060339000001250e+00,0,0,0,ok,local phi scan best endpoint
61,5061,256,8.39999999999999969e-01,free_ricci,sum_channel,voro_radical,voro_radical_fixed_topology,1,1,1.12977517139665029e-01,1.05352392793667149e-01,-7.62512434599788014e-03,7.03983822472917381e-02,6.51045216139576238e-12,-7.03983822407812793e-02,1.11986461609114338e-01,1.08215280549289222e-01,-3.77118105982511553e-03,5.42824193141279943e-01,4.51444121529712597e-11,-5.42824193096135499e-01,1.23159966280549753e+02,7.78375255345197536e-09,-1.23159966272765999e+02,1.44475805145294595e-01,2.12067745367047989e-10,-1.44475804933226842e-01,5.75925079066045287e-01,4.38787538586786215e-10,-5.75925078627257725e-01,4.41219792891095572e-04,3.89483190174583127e+00,3.89439068195294036e+00,4.40735849116036249e-03,5.16957308602938204e-01,5.12549950111777841e-01,3.96077057090769946e+00,4.59495260558408702e+00,7.95038881618290949e-01,9.23064169312236449e-01,1.65940637000005609e-01,1,1,1,ok,converged: max_abs_K < tol
61,5061,256,8.39999999999999969e-01,post_voro_surgery,topology,voro_radical,post_surgery_nonradical,1,1,1.12977517139665029e-01,1.30057699267109278e-01,1.70801821274442489e-02,7.03983822472917381e-02,6.57606872384386004e-02,-4.63769500885313768e-03,1.11986461609114338e-01,1.35794685975365786e-01,2.38082243662514487e-02,5.42824193141279943e-01,4.81781475970872453e-01,-6.10427171704074900e-02,1.23159966280549753e+02,7.42804220656826857e+01,-4.88795442148670674e+01,1.44475805145294595e-01,1.31340003726263310e-01,-1.31358014190312844e-02,5.75925079066045287e-01,3.57473821658386537e-01,-2.18451257407658750e-01,4.41219792891095572e-04,4.41219792891095572e-04,0.00000000000000000e+00,4.40735849116036249e-03,4.40735849116036249e-03,0.00000000000000000e+00,3.96077057090769946e+00,3.96077057090769946e+00,7.95038881618290949e-01,8.15020359927220217e-01,6.68949774299999831e+01,1,0,0,ok,light topology surgery; no longer radical
61,5061,256,8.39999999999999969e-01,radius_label_swap,sum_channel,voro_radical,voro_radical_rebuilt,1,1,1.12977517139665029e-01,1.12977517139665029e-01,0.00000000000000000e+00,7.03983822472917381e-02,7.03983822472917381e-02,0.00000000000000000e+00,1.11986461609114338e-01,1.11986461609114338e-01,0.00000000000000000e+00,5.42824193141279943e-01,5.42824193141279943e-01,0.00000000000000000e+00,1.23159966280549753e+02,1.23159966280549753e+02,0.00000000000000000e+00,1.44475805145294595e-01,1.44475805145294595e-01,0.00000000000000000e+00,5.75925079066045287e-01,5.75925079066045287e-01,0.00000000000000000e+00,4.41219792891095572e-04,4.41219792891095572e-04,0.00000000000000000e+00,4.40735849116036249e-03,4.40735849116036249e-03,0.00000000000000000e+00,3.96077057090769946e+00,3.96077057090769946e+00,7.95038881618290949e-01,7.95038881618290949e-01,7.26770868500000233e+00,0,0,0,ok,radius labels permuted; distribution exactly preserved
61,5061,256,8.39999999999999969e-01,shape_descent,shape_channel,voro_radical,voro_radical_rebuilt,1,1,1.12977517139665029e-01,1.12960260909797883e-01,-1.72562298671463665e-05,7.03983822472917381e-02,7.03983822472917381e-02,0.00000000000000000e+00,1.11986461609114338e-01,1.12012645194577543e-01,2.61835854632047615e-05,5.42824193141279943e-01,5.42824193141279943e-01,0.00000000000000000e+00,1.23159966280549753e+02,1.23159966280549753e+02,0.00000000000000000e+00,1.44475805145294595e-01,1.44475805145294595e-01,0.00000000000000000e+00,5.75925079066045287e-01,5.75925079066045287e-01,0.00000000000000000e+00,4.41219792891095572e-04,4.43615716332131647e-04,2.39592344103607430e-06,4.40735849116036249e-03,4.40735849116036249e-03,0.00000000000000000e+00,3.96077057090769946e+00,3.96077057090769946e+00,7.95038881618290949e-01,7.95038881618290949e-01,6.64128578200001130e+00,0,0,0,ok,stochastic coordinate shape descent
62,5062,256,8.39999999999999969e-01,bounded_ricci_du010,sum_channel,voro_radical,voro_radical_fixed_topology,1,1,1.18528569425795663e-01,1.12699157925084059e-01,-5.82941150071160374e-03,8.21574089609715258e-02,6.50022204063922249e-02,-1.71551885545793009e-02,1.15030758502976824e-01,1.13451694479084583e-01,-1.57906402389224043e-03,6.14270977257578843e-01,4.81966383885291449e-01,-1.32304593372287393e-01,1.19246927867661640e+02,8.58178355504638262e+01,-3.34290923171978136e+01,1.58310063518977778e-01,1.29436661764786076e-01,-2.88734017541917021e-02,5.15435634205727244e-01,4.36962385877392667e-01,-7.84732483283345772e-02,6.61236605632195811e-03,1.14332509915043248e-01,1.07720143858721293e-01,1.66378425705575594e-02,1.07211329137004707e-01,9.05734865664471478e-02,3.96077057090769946e+00,3.85935246953495126e+00,7.69137146507955949e-01,8.31685223683303443e-01,1.70863840999970762e-01,1,1,1,ok,relative_bounded_ricci
62,5062,256,8.39999999999999969e-01,box_shear_aspect,shape_channel,voro_radical,voro_radical_rebuilt,1,1,1.18528569425795663e-01,1.18521327580611888e-01,-7.24184518377524178e-06,8.21574089609715258e-02,8.21574089609715258e-02,0.00000000000000000e+00,1.15030758502976824e-01,1.15027176109365692e-01,-3.58239361113177335e-06,6.14270977257578843e-01,6.14270977257578843e-01,0.00000000000000000e+00,1.19246927867661640e+02,1.19246927867661640e+02,0.00000000000000000e+00,1.58310063518977778e-01,1.58310063518977778e-01,0.00000000000000000e+00,5.15435634205727244e-01,5.15435634205727244e-01,0.00000000000000000e+00,6.61236605632195811e-03,6.59332368366405668e-03,-1.90423726579014296e-05,1.66378425705575594e-02,1.63025092248352266e-02,-3.35333345722332865e-04,3.96077057090769946e+00,3.96077057090769946e+00,7.69137146507955949e-01,7.69137146507955949e-01,4.83017092800002956e+00,0,1,0,ok,aspect-only box strain; shear omitted for rectangular voro++ container
62,5062,256,8.39999999999999969e-01,compression_step,coupled,voro_radical,voro_radical_rebuilt,1,1,1.18528569425795663e-01,1.18699664562250715e-01,1.71095136455051700e-04,8.21574089609715258e-02,8.45913441334786020e-02,2.43393517250707625e-03,1.15030758502976824e-01,1.14476556785806663e-01,-5.54201717170160757e-04,6.14270977257578843e-01,6.30907976798620207e-01,1.66369995410413640e-02,1.19246927867661640e+02,1.21845334419274451e+02,2.59840655161281120e+00,1.58310063518977778e-01,1.61869203936455763e-01,3.55914041747798504e-03,5.15435634205727244e-01,5.15728207404779204e-01,2.92573199051959776e-04,6.61236605632195811e-03,0.00000000000000000e+00,-6.61236605632195811e-03,1.66378425705575594e-02,0.00000000000000000e+00,-1.66378425705575594e-02,3.96077057090769946e+00,3.96077057090769946e+00,7.69137146507955949e-01,7.59679649986321204e-01,1.93960932200002389e+00,0,1,0,ok,local phi scan best endpoint
62,5062,256,8.39999999999999969e-01,free_ricci,sum_channel,voro_radical,voro_radical_fixed_topology,1,1,1.18528569425795663e-01,1.08330907949957353e-01,-1.01976614758383100e-02,8.21574089609715258e-02,7.08543820231849832e-12,-8.21574089538860824e-02,1.15030758502976824e-01,1.10583485150130015e-01,-4.44727335284680891e-03,6.14270977257578843e-01,4.93440878703567279e-11,-6.14270977208234759e-01,1.19246927867661640e+02,7.73373878399228275e-09,-1.19246927859927908e+02,1.58310063518977778e-01,2.24537860865059733e-10,-1.58310063294439918e-01,5.15435634205727244e-01,4.47813176707241699e-10,-5.15435633757914013e-01,6.61236605632195811e-03,4.48437843849258844e+00,4.47776607243626668e+00,1.66378425705575594e-02,6.35879115204182943e-01,6.19241272633625384e-01,3.96077057090769946e+00,4.10933320349473075e+00,7.69137146507955949e-01,9.26718244014409165e-01,1.77692333000038616e-01,1,1,1,ok,converged: max_abs_K < tol
62,5062,256,8.39999999999999969e-01,post_voro_surgery,topology,voro_radical,post_surgery_nonradical,1,1,1.18528569425795663e-01,1.44194577887258757e-01,2.56660084614630940e-02,8.21574089609715258e-02,6.25266153359599897e-02,-1.96307936250115361e-02,1.15030758502976824e-01,1.53089925131906529e-01,3.80591666289297054e-02,6.14270977257578843e-01,4.56479670749487865e-01,-1.57791306508090978e-01,1.19246927867661640e+02,6.92829519705170043e+01,-4.99639758971446355e+01,1.58310063518977778e-01,1.32507803485784059e-01,-2.58022600331937191e-02,5.15435634205727244e-01,3.14948609551346903e-01,-2.00487024654380341e-01,6.61236605632195811e-03,6.61236605632195811e-03,0.00000000000000000e+00,1.66378425705575594e-02,1.66378425705575594e-02,0.00000000000000000e+00,3.96077057090769946e+00,3.96077057090769946e+00,7.69137146507955949e-01,8.43672650160113280e-01,5.86986375369999678e+01,1,0,0,ok,light topology surgery; no longer radical
62,5062,256,8.39999999999999969e-01,radius_label_swap,sum_channel,voro_radical,voro_radical_rebuilt,1,1,1.18528569425795663e-01,1.18357684878852107e-01,-1.70884546943556037e-04,8.21574089609715258e-02,8.23094852663893289e-02,1.52076305417803148e-04,1.15030758502976824e-01,1.15070039264398460e-01,3.92807614216367229e-05,6.14270977257578843e-01,6.13253504637132463e-01,-1.01747262044638020e-03,1.19246927867661640e+02,1.19196111771665002e+02,-5.08160959966375003e-02,1.58310063518977778e-01,1.57016900725527847e-01,-1.29316279344993124e-03,5.15435634205727244e-01,5.19598889319756063e-01,4.16325511402881876e-03,6.61236605632195811e-03,6.56469123113645643e-03,-4.76748251855016805e-05,1.66378425705575594e-02,1.66378425705575594e-02,0.00000000000000000e+00,3.96077057090769946e+00,3.96077057090769946e+00,7.69137146507955949e-01,7.71327983048353483e-01,9.38924552399998902e+00,0,0,0,ok,radius labels permuted; distribution exactly preserved
62,5062,256,8.39999999999999969e-01,shape_descent,shape_channel,voro_radical,voro_radical_rebuilt,1,1,1.18528569425795663e-01,1.18570098608727748e-01,4.15291829320846295e-05,8.21574089609715258e-02,8.21574089609715258e-02,0.00000000000000000e+00,1.15030758502976824e-01,1.15080526875940573e-01,4.97683729637488081e-05,6.14270977257578843e-01,6.14270977257578843e-01,0.00000000000000000e+00,1.19246927867661640e+02,1.19246927867661640e+02,0.00000000000000000e+00,1.58310063518977778e-01,1.58310063518977778e-01,0.00000000000000000e+00,5.15435634205727244e-01,5.15435634205727244e-01,0.00000000000000000e+00,6.61236605632195811e-03,7.07005792446504990e-03,4.57691868143091790e-04,1.66378425705575594e-02,1.66378425705575594e-02,0.00000000000000000e+00,3.96077057090769946e+00,3.96077057090769946e+00,7.69137146507955949e-01,7.69137146507955949e-01,6.53077668800000311e+00,0,0,0,ok,stochastic coordinate shape descent
63,5063,256,8.39999999999999969e-01,bounded_ricci_du010,sum_channel,voro_radical,voro_radical_fixed_topology,1,1,1.19014761901075419e-01,1.13181481238957327e-01,-5.83328066211809271e-03,7.22720265727715000e-02,5.44644567486006134e-02,-1.78075698241708866e-02,1.12889507037771772e-01,1.11539162573372166e-01,-1.35034446439960543e-03,5.38876772336892795e-01,4.03632867591705913e-01,-1.35243904745186883e-01,1.22704913637773672e+02,8.28244172014721158e+01,-3.98804964363015557e+01,1.47347096635830260e-01,1.16596019509418294e-01,-3.07510771264119659e-02,5.65808161169992774e-01,4.59378391713501921e-01,-1.06429769456490853e-01,2.64811878996812236e-04,9.76039924825023442e-02,9.73391806035055346e-02,3.68283203376584822e-03,8.71279748301758694e-02,8.34451427964100212e-02,3.96077057090769946e+00,3.84751870855768230e+00,8.14760451211762549e-01,8.71395503074619104e-01,1.66588928999999553e-01,1,1,1,ok,relative_bounded_ricci
63,5063,256,8.39999999999999969e-01,box_shear_aspect,shape_channel,voro_radical,voro_radical_rebuilt,1,1,1.19014761901075419e-01,1.19013396820090378e-01,-1.36508098504128927e-06,7.22720265727715000e-02,7.22720265727714861e-02,-1.38777878078144568e-17,1.12889507037771772e-01,1.12887559379252211e-01,-1.94765851956046898e-06,5.38876772336892795e-01,5.38876772336892795e-01,0.00000000000000000e+00,1.22704913637773672e+02,1.22704913637773672e+02,0.00000000000000000e+00,1.47347096635830260e-01,1.47347096635830260e-01,0.00000000000000000e+00,5.65808161169992774e-01,5.65808161169992774e-01,0.00000000000000000e+00,2.64811878996812236e-04,2.64691548100521950e-04,-1.20330896290286437e-07,3.68283203376584822e-03,3.71241118317300334e-03,2.95791494071551142e-05,3.96077057090769946e+00,3.96077057090769946e+00,8.14760451211762549e-01,8.14760451211762549e-01,4.70290179099998795e+00,1,1,1,ok,aspect-only box strain; shear omitted for rectangular voro++ container
63,5063,256,8.39999999999999969e-01,compression_step,coupled,voro_radical,voro_radical_rebuilt,1,1,1.19014761901075419e-01,1.19014761901075461e-01,4.16333634234433703e-17,7.22720265727715000e-02,7.22720265727714584e-02,-4.16333634234433703e-17,1.12889507037771772e-01,1.12889507037771827e-01,5.55111512312578270e-17,5.38876772336892795e-01,5.38876772336892795e-01,0.00000000000000000e+00,1.22704913637773672e+02,1.22704913637773672e+02,0.00000000000000000e+00,1.47347096635830260e-01,1.47347096635830260e-01,0.00000000000000000e+00,5.65808161169992774e-01,5.65808161169992774e-01,0.00000000000000000e+00,2.64811878996812236e-04,0.00000000000000000e+00,-2.64811878996812236e-04,3.68283203376584822e-03,0.00000000000000000e+00,-3.68283203376584822e-03,3.96077057090769946e+00,3.96077057090769946e+00,8.14760451211762549e-01,8.14760451211762549e-01,1.94663834199997154e+00,1,0,0,ok,local phi scan best endpoint
63,5063,256,8.39999999999999969e-01,free_ricci,sum_channel,voro_radical,voro_radical_fixed_topology,1,1,1.19014761901075419e-01,1.07255015343377780e-01,-1.17597465576976395e-02,7.22720265727715000e-02,7.29033684446344147e-12,-7.22720265654811650e-02,1.12889507037771772e-01,1.09847734686736420e-01,-3.04177235103535171e-03,5.38876772336892795e-01,5.15234783144530634e-11,-5.38876772285369343e-01,1.22704913637773672e+02,9.33432527116812728e-09,-1.22704913628439343e+02,1.47347096635830260e-01,2.45925523593304269e-10,-1.47347096389904730e-01,5.65808161169992774e-01,4.62420204929747111e-10,-5.65808160707572561e-01,2.64811878996812236e-04,3.70676598289772707e+00,3.70650117101873011e+00,3.68283203376584822e-03,5.93072397839433663e-01,5.89389565805667814e-01,3.96077057090769946e+00,4.52589875763490745e+00,8.14760451211762549e-01,9.22473623849084712e-01,2.00945982000007461e-01,1,1,1,ok,converged: max_abs_K < tol
63,5063,256,8.39999999999999969e-01,post_voro_surgery,topology,voro_radical,post_surgery_nonradical,1,1,1.19014761901075419e-01,1.38276486042357288e-01,1.92617241412818690e-02,7.22720265727715000e-02,5.86257634758947585e-02,-1.36462630968767415e-02,1.12889507037771772e-01,1.42026233358359510e-01,2.91367263205877386e-02,5.38876772336892795e-01,4.33429105316296304e-01,-1.05447667020596492e-01,1.22704913637773672e+02,7.41427790945912193e+01,-4.85621345431824523e+01,1.47347096635830260e-01,1.29523798719666322e-01,-1.78232979161639382e-02,5.65808161169992774e-01,3.63093400602971850e-01,-2.02714760567020924e-01,2.64811878996812236e-04,2.64811878996812236e-04,0.00000000000000000e+00,3.68283203376584822e-03,3.68283203376584822e-03,0.00000000000000000e+00,3.96077057090769946e+00,3.96077057090769946e+00,8.14760451211762549e-01,8.48574437641066770e-01,5.15913273470000036e+01,1,0,0,ok,light topology surgery; no longer radical
63,5063,256,8.39999999999999969e-01,radius_label_swap,sum_channel,voro_radical,voro_radical_rebuilt,1,1,1.19014761901075419e-01,1.19011337982724119e-01,-3.42391835130018141e-06,7.22720265727715000e-02,7.22667010399828252e-02,-5.32553278867475832e-06,1.12889507037771772e-01,1.12889662462543339e-01,1.55424771566825548e-07,5.38876772336892795e-01,5.38865579946362749e-01,-1.11923905300459481e-05,1.22704913637773672e+02,1.22704901576745414e+02,-1.20610282579036721e-05,1.47347096635830260e-01,1.47346037003411090e-01,-1.05963241917028661e-06,5.65808161169992774e-01,5.65810948338569375e-01,2.78716857660121775e-06,2.64811878996812236e-04,2.63587287258157984e-04,-1.22459173865425205e-06,3.68283203376584822e-03,3.68283203376584822e-03,0.00000000000000000e+00,3.96077057090769946e+00,3.96077057090769946e+00,8.14760451211762549e-01,8.14778427470113420e-01,7.61976581700002953e+00,1,0,0,ok,radius labels permuted; distribution exactly preserved
63,5063,256,8.39999999999999969e-01,shape_descent,shape_channel,voro_radical,voro_radical_rebuilt,1,1,1.19014761901075419e-01,1.19002555521776576e-01,-1.22063792988430508e-05,7.22720265727715000e-02,7.22720265727714861e-02,-1.38777878078144568e-17,1.12889507037771772e-01,1.12824949465333585e-01,-6.45575724381869387e-05,5.38876772336892795e-01,5.38876772336892795e-01,0.00000000000000000e+00,1.22704913637773672e+02,1.22704913637773672e+02,0.00000000000000000e+00,1.47347096635830260e-01,1.47347096635830260e-01,0.00000000000000000e+00,5.65808161169992774e-01,5.65808161169992774e-01,0.00000000000000000e+00,2.64811878996812236e-04,2.67520019268434870e-04,2.70814027162263405e-06,3.68283203376584822e-03,3.68283203376584822e-03,0.00000000000000000e+00,3.96077057090769946e+00,3.96077057090769946e+00,8.14760451211762549e-01,8.14760451211762549e-01,6.65601270000001932e+00,1,1,1,ok,stochastic coordinate shape descent
64,5064,256,8.39999999999999969e-01,bounded_ricci_du010,sum_channel,voro_radical,voro_radical_fixed_topology,1,1,1.20362364960459559e-01,1.14600458378688499e-01,-5.76190658177105908e-03,7.29667437490740256e-02,5.52799990917182682e-02,-1.76867446573557574e-02,1.18082431435953886e-01,1.17008803181261251e-01,-1.07362825469263512e-03,5.25921116640017949e-01,3.97236700432384182e-01,-1.28684416207633767e-01,1.03963359617412635e+02,7.36093562301521445e+01,-3.03540033872604909e+01,1.43680950916356187e-01,1.15580110964518479e-01,-2.81008399518377083e-02,4.88228680645032775e-01,4.09457366007099810e-01,-7.87713146379329654e-02,6.69815293321372328e-05,9.87041890921190879e-02,9.86372075627869466e-02,1.66668191575425340e-03,8.29677693424388796e-02,8.13010874266846262e-02,3.96077057090769946e+00,4.08700371207066837e+00,8.14276086917721131e-01,8.67918152085783601e-01,9.00716829999623769e-02,1,1,1,ok,relative_bounded_ricci
64,5064,256,8.39999999999999969e-01,box_shear_aspect,shape_channel,voro_radical,voro_radical_rebuilt,1,1,1.20362364960459559e-01,1.20359329388610214e-01,-3.03557184934410973e-06,7.29667437490740256e-02,7.29667437490740672e-02,4.16333634234433703e-17,1.18082431435953886e-01,1.18080716711077296e-01,-1.71472487658919093e-06,5.25921116640017949e-01,5.25921116640017949e-01,0.00000000000000000e+00,1.03963359617412635e+02,1.03963359617412635e+02,0.00000000000000000e+00,1.43680950916356187e-01,1.43680950916356187e-01,0.00000000000000000e+00,4.88228680645032775e-01,4.88228680645032775e-01,0.00000000000000000e+00,6.69815293321372328e-05,6.60020629865799776e-05,-9.79466345557255245e-07,1.66668191575425340e-03,1.63292868254050205e-03,-3.37532332137513436e-05,3.96077057090769946e+00,3.96077057090769946e+00,8.14276086917721131e-01,8.14276086917721131e-01,4.76732610899995279e+00,0,1,0,ok,aspect-only box strain; shear omitted for rectangular voro++ container
64,5064,256,8.39999999999999969e-01,compression_step,coupled,voro_radical,voro_radical_rebuilt,1,1,1.20362364960459559e-01,1.20362364960459531e-01,-2.77555756156289135e-17,7.29667437490740256e-02,7.29667437490740672e-02,4.16333634234433703e-17,1.18082431435953886e-01,1.18082431435953913e-01,2.77555756156289135e-17,5.25921116640017949e-01,5.25921116640017949e-01,0.00000000000000000e+00,1.03963359617412635e+02,1.03963359617412635e+02,0.00000000000000000e+00,1.43680950916356187e-01,1.43680950916356187e-01,0.00000000000000000e+00,4.88228680645032775e-01,4.88228680645032775e-01,0.00000000000000000e+00,6.69815293321372328e-05,0.00000000000000000e+00,-6.69815293321372328e-05,1.66668191575425340e-03,0.00000000000000000e+00,-1.66668191575425340e-03,3.96077057090769946e+00,3.96077057090769946e+00,8.14276086917721131e-01,8.14276086917721131e-01,1.90762592699996958e+00,0,0,0,ok,local phi scan best endpoint
64,5064,256,8.39999999999999969e-01,free_ricci,sum_channel,voro_radical,voro_radical_fixed_topology,1,1,1.20362364960459559e-01,1.11622238218763326e-01,-8.74012674169623305e-03,7.29667437490740256e-02,7.37897821549241382e-12,-7.29667437416950532e-02,1.18082431435953886e-01,1.15260892428120723e-01,-2.82153900783316258e-03,5.25921116640017949e-01,4.94799792174370070e-11,-5.25921116590537974e-01,1.03963359617412635e+02,7.98741891093394483e-09,-1.03963359609425211e+02,1.43680950916356187e-01,2.26196608529576704e-10,-1.43680950690159570e-01,4.88228680645032775e-01,4.41138111230542878e-10,-4.88228680203894649e-01,6.69815293321372328e-05,3.67501370962775864e+00,3.67494672809842671e+00,1.66668191575425340e-03,4.31000681068715474e-01,4.29333999152961221e-01,3.96077057090769946e+00,5.19134221187383460e+00,8.14276086917721131e-01,9.18933283326058614e-01,1.12633598999991591e-01,1,1,1,ok,converged: max_abs_K < tol
64,5064,256,8.39999999999999969e-01,post_voro_surgery,topology,voro_radical,post_surgery_nonradical,1,1,1.20362364960459559e-01,1.56121089483564762e-01,3.57587245231052037e-02,7.29667437490740256e-02,6.64137303117784128e-02,-6.55301343729561281e-03,1.18082431435953886e-01,1.64672495182485640e-01,4.65900637465317541e-02,5.25921116640017949e-01,4.80626054319300333e-01,-4.52950623207176162e-02,1.03963359617412635e+02,7.69909198610116476e+01,-2.69724397564009877e+01,1.43680950916356187e-01,1.33173701657315929e-01,-1.05072492590402577e-02,4.88228680645032775e-01,3.68682191973421225e-01,-1.19546488671611550e-01,6.69815293321372328e-05,6.69815293321372328e-05,0.00000000000000000e+00,1.66668191575425340e-03,1.66668191575425340e-03,0.00000000000000000e+00,3.96077057090769946e+00,3.96077057090769946e+00,8.14276086917721131e-01,8.25089506625109825e-01,6.81736419920000003e+01,1,0,0,ok,light topology surgery; no longer radical
64,5064,256,8.39999999999999969e-01,radius_label_swap,sum_channel,voro_radical,voro_radical_rebuilt,1,1,1.20362364960459559e-01,1.20362364960459559e-01,0.00000000000000000e+00,7.29667437490740256e-02,7.29667437490740256e-02,0.00000000000000000e+00,1.18082431435953886e-01,1.18082431435953886e-01,0.00000000000000000e+00,5.25921116640017949e-01,5.25921116640017949e-01,0.00000000000000000e+00,1.03963359617412635e+02,1.03963359617412635e+02,0.00000000000000000e+00,1.43680950916356187e-01,1.43680950916356187e-01,0.00000000000000000e+00,4.88228680645032775e-01,4.88228680645032775e-01,0.00000000000000000e+00,6.69815293321372328e-05,6.69815293321372328e-05,0.00000000000000000e+00,1.66668191575425340e-03,1.66668191575425340e-03,0.00000000000000000e+00,3.96077057090769946e+00,3.96077057090769946e+00,8.14276086917721131e-01,8.14276086917721131e-01,9.08884070599998495e+00,0,0,0,ok,radius labels permuted; distribution exactly preserved
64,5064,256,8.39999999999999969e-01,shape_descent,shape_channel,voro_radical,voro_radical_rebuilt,1,1,1.20362364960459559e-01,1.20318349491576701e-01,-4.40154688828575669e-05,7.29667437490740256e-02,7.29667437490740534e-02,2.77555756156289135e-17,1.18082431435953886e-01,1.18072160285940642e-01,-1.02711500132440792e-05,5.25921116640017949e-01,5.25921116640017949e-01,0.00000000000000000e+00,1.03963359617412635e+02,1.03963359617412635e+02,0.00000000000000000e+00,1.43680950916356187e-01,1.43680950916356187e-01,0.00000000000000000e+00,4.88228680645032775e-01,4.88228680645032775e-01,0.00000000000000000e+00,6.69815293321372328e-05,6.69896277312535251e-05,8.09839911629231871e-09,1.66668191575425340e-03,1.66668191575425340e-03,0.00000000000000000e+00,3.96077057090769946e+00,3.96077057090769946e+00,8.14276086917721131e-01,8.14276086917721131e-01,4.44617045200004668e+00,0,1,0,ok,stochastic coordinate shape descent
65,5065,256,8.39999999999999969e-01,bounded_ricci_du010,sum_channel,voro_radical,voro_radical_fixed_topology,1,1,1.23895709014653077e-01,1.19288986762002017e-01,-4.60672225265106039e-03,6.80776233661835317e-02,5.30102636527052459e-02,-1.50673597134782858e-02,1.21362085196017863e-01,1.20082661534598498e-01,-1.27942366141936548e-03,5.03840094101045022e-01,3.89796820433394975e-01,-1.14043273667650047e-01,1.19300328625506012e+02,8.67531828675212182e+01,-3.25471457579847936e+01,1.44291470182439735e-01,1.19043375316774724e-01,-2.52480948656650106e-02,5.59597350188533404e-01,4.73707640479461400e-01,-8.58897097090720041e-02,4.05138658512166957e-03,1.31916138014692680e-01,1.27864751429571016e-01,9.68767416848415053e-03,8.75019973753787816e-02,7.78143232068946311e-02,3.96077057090769946e+00,4.06452252789625224e+00,8.31420757290488921e-01,8.78859748969298082e-01,1.54898877999983142e-01,1,1,1,ok,relative_bounded_ricci
65,5065,256,8.39999999999999969e-01,box_shear_aspect,shape_channel,voro_radical,voro_radical_rebuilt,1,1,1.23895709014653077e-01,1.23895709014653077e-01,0.00000000000000000e+00,6.80776233661835317e-02,6.80776233661835317e-02,0.00000000000000000e+00,1.21362085196017863e-01,1.21362085196017863e-01,0.00000000000000000e+00,5.03840094101045022e-01,5.03840094101045022e-01,0.00000000000000000e+00,1.19300328625506012e+02,1.19300328625506012e+02,0.00000000000000000e+00,1.44291470182439735e-01,1.44291470182439735e-01,0.00000000000000000e+00,5.59597350188533404e-01,5.59597350188533404e-01,0.00000000000000000e+00,4.05138658512166957e-03,4.05138658512166957e-03,0.00000000000000000e+00,9.68767416848415053e-03,9.68767416848415053e-03,0.00000000000000000e+00,3.96077057090769946e+00,3.96077057090769946e+00,8.31420757290488921e-01,8.31420757290488921e-01,4.68876519099995903e+00,0,0,0,ok,aspect-only box strain; shear omitted for rectangular voro++ container
65,5065,256,8.39999999999999969e-01,compression_step,coupled,voro_radical,voro_radical_rebuilt,1,1,1.23895709014653077e-01,1.23895709014653035e-01,-4.16333634234433703e-17,6.80776233661835317e-02,6.80776233661835040e-02,-2.77555756156289135e-17,1.21362085196017863e-01,1.21362085196017808e-01,-5.55111512312578270e-17,5.03840094101045022e-01,5.03840094101045022e-01,0.00000000000000000e+00,1.19300328625506012e+02,1.19300328625506012e+02,0.00000000000000000e+00,1.44291470182439735e-01,1.44291470182439735e-01,0.00000000000000000e+00,5.59597350188533404e-01,5.59597350188533404e-01,0.00000000000000000e+00,4.05138658512166957e-03,0.00000000000000000e+00,-4.05138658512166957e-03,9.68767416848415053e-03,0.00000000000000000e+00,-9.68767416848415053e-03,3.96077057090769946e+00,3.96077057090769946e+00,8.31420757290488921e-01,8.31420757290488921e-01,1.60304198599999381e+00,1,1,1,ok,local phi scan best endpoint
65,5065,256,8.39999999999999969e-01,free_ricci,sum_channel,voro_radical,voro_radical_fixed_topology,1,1,1.23895709014653077e-01,1.15369300246783116e-01,-8.52640876786996127e-03,6.80776233661835317e-02,6.35337365417280560e-12,-6.80776233598301556e-02,1.21362085196017863e-01,1.18456343518163795e-01,-2.90574167785406789e-03,5.03840094101045022e-01,4.56457404598867280e-11,-5.03840094055399312e-01,1.19300328625506012e+02,7.87940024131651268e-09,-1.19300328617626619e+02,1.44291470182439735e-01,2.13290769329009478e-10,-1.44291469969148961e-01,5.59597350188533404e-01,4.40546080843257493e-10,-5.59597349747987360e-01,4.05138658512166957e-03,4.95160261016339565e+00,4.94755122357827393e+00,9.68767416848415053e-03,6.88610770161681707e-01,6.78923095993197556e-01,3.96077057090769946e+00,4.85927659219943298e+00,8.31420757290488921e-01,9.33662331574634963e-01,1.69489698000006683e-01,1,1,1,ok,converged: max_abs_K < tol
65,5065,256,8.39999999999999969e-01,post_voro_surgery,topology,voro_radical,post_surgery_nonradical,1,1,1.23895709014653077e-01,1.46623765113814503e-01,2.27280560991614256e-02,6.80776233661835317e-02,6.62208410184081664e-02,-1.85678234777536533e-03,1.21362085196017863e-01,1.52039173985928588e-01,3.06770887899107253e-02,5.03840094101045022e-01,5.01169243968706990e-01,-2.67085013233803181e-03,1.19300328625506012e+02,7.79269243008094463e+01,-4.13734043246965655e+01,1.44291470182439735e-01,1.34490070482934404e-01,-9.80139969950533096e-03,5.59597350188533404e-01,3.68835353552366130e-01,-1.90761996636167275e-01,4.05138658512166957e-03,4.05138658512166957e-03,0.00000000000000000e+00,9.68767416848415053e-03,9.68767416848415053e-03,0.00000000000000000e+00,3.96077057090769946e+00,3.96077057090769946e+00,8.31420757290488921e-01,8.27023095560284860e-01,5.60944884790000060e+01,1,0,0,ok,light topology surgery; no longer radical
65,5065,256,8.39999999999999969e-01,radius_label_swap,sum_channel,voro_radical,voro_radical_rebuilt,1,1,1.23895709014653077e-01,1.23895394865020061e-01,-3.14149633015570195e-07,6.80776233661835317e-02,6.80781787255989035e-02,5.55359415371770027e-07,1.21362085196017863e-01,1.21363230665751914e-01,1.14546973405127428e-06,5.03840094101045022e-01,5.03854711763713659e-01,1.46176626686367328e-05,1.19300328625506012e+02,1.19306617042115761e+02,6.28841660974899241e-03,1.44291470182439735e-01,1.44300518243057396e-01,9.04806061766127989e-06,5.59597350188533404e-01,5.59598320321322951e-01,9.70132789546163110e-07,4.05138658512166957e-03,4.05744710907968934e-03,6.06052395801977284e-06,9.68767416848415053e-03,9.68767416848415053e-03,0.00000000000000000e+00,3.96077057090769946e+00,3.96077057090769946e+00,8.31420757290488921e-01,8.31420757290488921e-01,9.12582529100001238e+00,0,0,0,ok,radius labels permuted; distribution exactly preserved
65,5065,256,8.39999999999999969e-01,shape_descent,shape_channel,voro_radical,voro_radical_rebuilt,1,1,1.23895709014653077e-01,1.23947303042891574e-01,5.15940282384969029e-05,6.80776233661835317e-02,6.80776233661835317e-02,0.00000000000000000e+00,1.21362085196017863e-01,1.21393420014865583e-01,3.13348188477197143e-05,5.03840094101045022e-01,5.03840094101045022e-01,0.00000000000000000e+00,1.19300328625506012e+02,1.19300328625506012e+02,0.00000000000000000e+00,1.44291470182439735e-01,1.44291470182439735e-01,0.00000000000000000e+00,5.59597350188533404e-01,5.59597350188533404e-01,0.00000000000000000e+00,4.05138658512166957e-03,4.23602779614883421e-03,1.84641211027164638e-04,9.68767416848415053e-03,9.68767416848415053e-03,0.00000000000000000e+00,3.96077057090769946e+00,3.96077057090769946e+00,8.31420757290488921e-01,8.31420757290488921e-01,7.29449836700001697e+00,0,0,0,ok,stochastic coordinate shape descent
66,5066,256,8.39999999999999969e-01,bounded_ricci_du010,sum_channel,voro_radical,voro_radical_fixed_topology,1,1,1.13976921497295672e-01,1.08234823291479140e-01,-5.74209820581653152e-03,7.46336950122470921e-02,5.48322484644977182e-02,-1.98014465477493740e-02,1.13097636262007750e-01,1.11751750403647196e-01,-1.34588585836055430e-03,5.29386160776200487e-01,3.87992418816615170e-01,-1.41393741959585317e-01,1.23729493559731395e+02,8.39668993899158664e+01,-3.97625941698155287e+01,1.43142991901031053e-01,1.11940502159845398e-01,-3.12024897411856544e-02,5.82038661839413995e-01,4.78039964160133390e-01,-1.03998697679280605e-01,7.90139517808657746e-04,1.29228784549122150e-01,1.28438645031313498e-01,5.34763792801440374e-03,1.28015405395446979e-01,1.22667767467432576e-01,3.96077057090769946e+00,3.68454780633966106e+00,8.14028379201311658e-01,8.72173364701353315e-01,1.48852021000038803e-01,1,1,1,ok,relative_bounded_ricci
66,5066,256,8.39999999999999969e-01,box_shear_aspect,shape_channel,voro_radical,voro_radical_rebuilt,1,1,1.13976921497295672e-01,1.13976921497295672e-01,0.00000000000000000e+00,7.46336950122470921e-02,7.46336950122470921e-02,0.00000000000000000e+00,1.13097636262007750e-01,1.13097636262007750e-01,0.00000000000000000e+00,5.29386160776200487e-01,5.29386160776200487e-01,0.00000000000000000e+00,1.23729493559731395e+02,1.23729493559731395e+02,0.00000000000000000e+00,1.43142991901031053e-01,1.43142991901031053e-01,0.00000000000000000e+00,5.82038661839413995e-01,5.82038661839413995e-01,0.00000000000000000e+00,7.90139517808657746e-04,7.90139517808657746e-04,0.00000000000000000e+00,5.34763792801440374e-03,5.34763792801440374e-03,0.00000000000000000e+00,3.96077057090769946e+00,3.96077057090769946e+00,8.14028379201311658e-01,8.14028379201311658e-01,4.77838714000000664e+00,0,0,0,ok,aspect-only box strain; shear omitted for rectangular voro++ container
66,5066,256,8.39999999999999969e-01,compression_step,coupled,voro_radical,voro_radical_rebuilt,1,1,1.13976921497295672e-01,1.13976921497295727e-01,5.55111512312578270e-17,7.46336950122470921e-02,7.46336950122471476e-02,5.55111512312578270e-17,1.13097636262007750e-01,1.13097636262007598e-01,-1.52655665885959024e-16,5.29386160776200487e-01,5.29386160776200487e-01,0.00000000000000000e+00,1.23729493559731395e+02,1.23729493559731395e+02,0.00000000000000000e+00,1.43142991901031053e-01,1.43142991901031053e-01,0.00000000000000000e+00,5.82038661839413995e-01,5.82038661839413995e-01,0.00000000000000000e+00,7.90139517808657746e-04,0.00000000000000000e+00,-7.90139517808657746e-04,5.34763792801440374e-03,0.00000000000000000e+00,-5.34763792801440374e-03,3.96077057090769946e+00,3.96077057090769946e+00,8.14028379201311658e-01,8.14028379201311658e-01,1.97679598100000931e+00,0,1,0,ok,local phi scan best endpoint
66,5066,256,8.39999999999999969e-01,free_ricci,sum_channel,voro_radical,voro_radical_fixed_topology,1,1,1.13976921497295672e-01,1.07724442784654942e-01,-6.25247871264072996e-03,7.46336950122470921e-02,8.52514451916952329e-12,-7.46336950037219532e-02,1.13097636262007750e-01,1.10808277499599026e-01,-2.28935876240872471e-03,5.29386160776200487e-01,5.62448240069535425e-11,-5.29386160719955701e-01,1.23729493559731395e+02,9.20077230117395062e-09,-1.23729493550530620e+02,1.43142991901031053e-01,2.62351416396554231e-10,-1.43142991638679634e-01,5.82038661839413995e-01,4.62277296956932288e-10,-5.82038661377136668e-01,7.90139517808657746e-04,4.02655301937390053e+00,4.02576287985609227e+00,5.34763792801440374e-03,5.88811508079259305e-01,5.83463870151244901e-01,3.96077057090769946e+00,4.33996626817001463e+00,8.14028379201311658e-01,9.31815871972120124e-01,1.80863471000009213e-01,1,1,1,ok,converged: max_abs_K < tol
66,5066,256,8.39999999999999969e-01,post_voro_surgery,topology,voro_radical,post_surgery_nonradical,1,1,1.13976921497295672e-01,1.32766040145741421e-01,1.87891186484457490e-02,7.46336950122470921e-02,6.55846606571035551e-02,-9.04903435514353705e-03,1.13097636262007750e-01,1.39951118487384341e-01,2.68534822253765904e-02,5.29386160776200487e-01,4.72918395083377852e-01,-5.64677656928226357e-02,1.23729493559731395e+02,7.51630183861560681e+01,-4.85664751735753271e+01,1.43142991901031053e-01,1.35105944906577208e-01,-8.03704699445384474e-03,5.82038661839413995e-01,3.47049076183704786e-01,-2.34989585655709210e-01,7.90139517808657746e-04,7.90139517808657746e-04,0.00000000000000000e+00,5.34763792801440374e-03,5.34763792801440374e-03,0.00000000000000000e+00,3.96077057090769946e+00,3.96077057090769946e+00,8.14028379201311658e-01,8.29595956715015403e-01,6.85621919199999752e+01,1,0,0,ok,light topology surgery; no longer radical
66,5066,256,8.39999999999999969e-01,radius_label_swap,sum_channel,voro_radical,voro_radical_rebuilt,1,1,1.13976921497295672e-01,1.13976921497295672e-01,0.00000000000000000e+00,7.46336950122470921e-02,7.46336950122470921e-02,0.00000000000000000e+00,1.13097636262007750e-01,1.13097636262007750e-01,0.00000000000000000e+00,5.29386160776200487e-01,5.29386160776200487e-01,0.00000000000000000e+00,1.23729493559731395e+02,1.23729493559731395e+02,0.00000000000000000e+00,1.43142991901031053e-01,1.43142991901031053e-01,0.00000000000000000e+00,5.82038661839413995e-01,5.82038661839413995e-01,0.00000000000000000e+00,7.90139517808657746e-04,7.90139517808657746e-04,0.00000000000000000e+00,5.34763792801440374e-03,5.34763792801440374e-03,0.00000000000000000e+00,3.96077057090769946e+00,3.96077057090769946e+00,8.14028379201311658e-01,8.14028379201311658e-01,8.65801677299998573e+00,0,0,0,ok,radius labels permuted; distribution exactly preserved
66,5066,256,8.39999999999999969e-01,shape_descent,shape_channel,voro_radical,voro_radical_rebuilt,1,1,1.13976921497295672e-01,1.13958998819978327e-01,-1.79226773173446485e-05,7.46336950122470921e-02,7.46336950122471199e-02,2.77555756156289135e-17,1.13097636262007750e-01,1.13076394462199192e-01,-2.12417998085578930e-05,5.29386160776200487e-01,5.29386160776200487e-01,0.00000000000000000e+00,1.23729493559731395e+02,1.23729493559731395e+02,0.00000000000000000e+00,1.43142991901031053e-01,1.43142991901031053e-01,0.00000000000000000e+00,5.82038661839413995e-01,5.82038661839413995e-01,0.00000000000000000e+00,7.90139517808657746e-04,8.08582514910840926e-04,1.84429971021831795e-05,5.34763792801440374e-03,5.43126404849814115e-03,8.36261204837374095e-05,3.96077057090769946e+00,3.96077057090769946e+00,8.14028379201311658e-01,8.14028379201311658e-01,6.84201024499998312e+00,0,1,0,ok,stochastic coordinate shape descent
67,5067,256,8.39999999999999969e-01,bounded_ricci_du010,sum_channel,voro_radical,voro_radical_fixed_topology,1,1,1.23789604009597320e-01,1.17504208546882552e-01,-6.28539546271476846e-03,7.36444602982105623e-02,5.12809648664722187e-02,-2.23634954317383436e-02,1.20160525708232754e-01,1.18340973324191828e-01,-1.81955238404092612e-03,5.33869323805529428e-01,3.70316761386929372e-01,-1.63552562418600056e-01,9.13219415328689337e+01,5.69520001962711149e+01,-3.43699413365978188e+01,1.45028604898165020e-01,1.08262816641176332e-01,-3.67657882569886879e-02,4.13215427653094269e-01,3.20129470936392713e-01,-9.30859567167015567e-02,6.61329476532377465e-04,1.95526564685881199e-01,1.94865235209348814e-01,5.52210072107905958e-03,1.15245893629900120e-01,1.09723792908821061e-01,3.96077057090769946e+00,4.09390491898968101e+00,7.86448077186710282e-01,8.57242488502707789e-01,1.91714346000026126e-01,1,1,1,ok,relative_bounded_ricci
67,5067,256,8.39999999999999969e-01,box_shear_aspect,shape_channel,voro_radical,voro_radical_rebuilt,1,1,1.23789604009597320e-01,1.23789604009597320e-01,0.00000000000000000e+00,7.36444602982105623e-02,7.36444602982105623e-02,0.00000000000000000e+00,1.20160525708232754e-01,1.20160525708232754e-01,0.00000000000000000e+00,5.33869323805529428e-01,5.33869323805529428e-01,0.00000000000000000e+00,9.13219415328689337e+01,9.13219415328689337e+01,0.00000000000000000e+00,1.45028604898165020e-01,1.45028604898165020e-01,0.00000000000000000e+00,4.13215427653094269e-01,4.13215427653094269e-01,0.00000000000000000e+00,6.61329476532377465e-04,6.61329476532377465e-04,0.00000000000000000e+00,5.52210072107905958e-03,5.52210072107905958e-03,0.00000000000000000e+00,3.96077057090769946e+00,3.96077057090769946e+00,7.86448077186710282e-01,7.86448077186710282e-01,4.77575999000004003e+00,0,0,0,ok,aspect-only box strain; shear omitted for rectangular voro++ container
67,5067,256,8.39999999999999969e-01,compression_step,coupled,voro_radical,voro_radical_rebuilt,1,1,1.23789604009597320e-01,1.24035366038094355e-01,2.45762028497034657e-04,7.36444602982105623e-02,7.34961162245374722e-02,-1.48344073673090104e-04,1.20160525708232754e-01,1.20644899750247628e-01,4.84374042014873440e-04,5.33869323805529428e-01,5.34181035610029942e-01,3.11711804500514056e-04,9.13219415328689337e+01,9.15400886706473500e+01,2.18147137778416322e-01,1.45028604898165020e-01,1.44384269452656394e-01,-6.44335445508625870e-04,4.13215427653094269e-01,4.16963332212845039e-01,3.74790455975076986e-03,6.61329476532377465e-04,0.00000000000000000e+00,-6.61329476532377465e-04,5.52210072107905958e-03,0.00000000000000000e+00,-5.52210072107905958e-03,3.96077057090769946e+00,3.96077057090769946e+00,7.86448077186710282e-01,7.84307611061639598e-01,2.01622557800004643e+00,1,0,0,ok,local phi scan best endpoint
67,5067,256,8.39999999999999969e-01,free_ricci,sum_channel,voro_radical,voro_radical_fixed_topology,1,1,1.23789604009597320e-01,1.14455453900391010e-01,-9.33415010920631005e-03,7.36444602982105623e-02,7.39665769660783853e-12,-7.36444602908139095e-02,1.20160525708232754e-01,1.16979226118932800e-01,-3.18129958929995460e-03,5.33869323805529428e-01,5.03554716464941786e-11,-5.33869323755173930e-01,9.13219415328689337e+01,9.06354703285193677e-09,-9.13219415238053926e+01,1.45028604898165020e-01,2.39561451410964410e-10,-1.45028604658603566e-01,4.13215427653094269e-01,4.54813214942794055e-10,-4.13215427198281027e-01,6.61329476532377465e-04,4.60598632407972808e+00,4.60532499460319578e+00,5.52210072107905958e-03,4.89138967949693360e-01,4.83616867228614300e-01,3.96077057090769946e+00,4.65210889854261112e+00,7.86448077186710282e-01,9.15749441816753329e-01,1.74253668999995170e-01,1,1,1,ok,converged: max_abs_K < tol
67,5067,256,8.39999999999999969e-01,post_voro_surgery,topology,voro_radical,post_surgery_nonradical,1,1,1.23789604009597320e-01,1.46755784073585666e-01,2.29661800639883451e-02,7.36444602982105623e-02,6.21204133482871276e-02,-1.15240469499234346e-02,1.20160525708232754e-01,1.53289216607247064e-01,3.31286908990143097e-02,5.33869323805529428e-01,4.59840521292159965e-01,-7.40288025133694627e-02,9.13219415328689337e+01,6.97460798785465101e+01,-2.15758616543224235e+01,1.45028604898165020e-01,1.28058997877860459e-01,-1.69696070203045613e-02,4.13215427653094269e-01,3.37345538722035709e-01,-7.58698889310585600e-02,6.61329476532377465e-04,6.61329476532377465e-04,0.00000000000000000e+00,5.52210072107905958e-03,5.52210072107905958e-03,0.00000000000000000e+00,3.96077057090769946e+00,3.96077057090769946e+00,7.86448077186710282e-01,8.22340713075980334e-01,5.81306713710000054e+01,1,0,0,ok,light topology surgery; no longer radical
67,5067,256,8.39999999999999969e-01,radius_label_swap,sum_channel,voro_radical,voro_radical_rebuilt,1,1,1.23789604009597320e-01,1.23789604009597320e-01,0.00000000000000000e+00,7.36444602982105623e-02,7.36444602982105623e-02,0.00000000000000000e+00,1.20160525708232754e-01,1.20160525708232754e-01,0.00000000000000000e+00,5.33869323805529428e-01,5.33869323805529428e-01,0.00000000000000000e+00,9.13219415328689337e+01,9.13219415328689337e+01,0.00000000000000000e+00,1.45028604898165020e-01,1.45028604898165020e-01,0.00000000000000000e+00,4.13215427653094269e-01,4.13215427653094269e-01,0.00000000000000000e+00,6.61329476532377465e-04,6.61329476532377465e-04,0.00000000000000000e+00,5.52210072107905958e-03,5.52210072107905958e-03,0.00000000000000000e+00,3.96077057090769946e+00,3.96077057090769946e+00,7.86448077186710282e-01,7.86448077186710282e-01,7.91882865299999139e+00,0,0,0,ok,radius labels permuted; distribution exactly preserved
67,5067,256,8.39999999999999969e-01,shape_descent,shape_channel,voro_radical,voro_radical_rebuilt,1,1,1.23789604009597320e-01,1.23730361265889155e-01,-5.92427437081655128e-05,7.36444602982105623e-02,7.36444602982105623e-02,0.00000000000000000e+00,1.20160525708232754e-01,1.20100051372402150e-01,-6.04743358306042422e-05,5.33869323805529428e-01,5.33869323805529428e-01,0.00000000000000000e+00,9.13219415328689337e+01,9.13219415328689337e+01,0.00000000000000000e+00,1.45028604898165020e-01,1.45028604898165020e-01,0.00000000000000000e+00,4.13215427653094269e-01,4.13215427653094269e-01,0.00000000000000000e+00,6.61329476532377465e-04,6.81852942284346514e-04,2.05234657519690489e-05,5.52210072107905958e-03,5.52210072107905958e-03,0.00000000000000000e+00,3.96077057090769946e+00,3.96077057090769946e+00,7.86448077186710282e-01,7.86448077186710282e-01,7.01551590799999758e+00,0,1,0,ok,stochastic coordinate shape descent
68,5068,256,8.39999999999999969e-01,bounded_ricci_du010,sum_channel,voro_radical,voro_radical_fixed_topology,1,1,1.18961645407071950e-01,1.15070322741192041e-01,-3.89132266587990938e-03,6.66621871026764484e-02,5.09136239471868132e-02,-1.57485631554896352e-02,1.18495065060502738e-01,1.17060905231166176e-01,-1.43415982933656205e-03,4.80914323678786726e-01,3.65777394626862706e-01,-1.15136929051924020e-01,1.29761453038986360e+02,9.10173337111808962e+01,-3.87441193278054641e+01,1.32816571356753371e-01,1.06520703804362737e-01,-2.62958675523906338e-02,6.33061601706116694e-01,5.26411947669679026e-01,-1.06649654036437669e-01,2.17751614740179867e-03,1.30140558780944909e-01,1.27963042633543106e-01,9.18257438801894921e-03,1.00451939658434242e-01,9.12693652704152925e-02,3.96077057090769946e+00,4.03958959800155171e+00,8.24085499479184524e-01,8.71437839013627258e-01,1.68679666000002726e-01,1,1,1,ok,relative_bounded_ricci
68,5068,256,8.39999999999999969e-01,box_shear_aspect,shape_channel,voro_radical,voro_radical_rebuilt,1,1,1.18961645407071950e-01,1.18961123713251390e-01,-5.21693820559887556e-07,6.66621871026764484e-02,6.66621871026764484e-02,0.00000000000000000e+00,1.18495065060502738e-01,1.18494579756873136e-01,-4.85303629602085174e-07,4.80914323678786726e-01,4.80914323678786726e-01,0.00000000000000000e+00,1.29761453038986360e+02,1.29761453038986360e+02,0.00000000000000000e+00,1.32816571356753371e-01,1.32816571356753371e-01,0.00000000000000000e+00,6.33061601706116694e-01,6.33061601706116694e-01,0.00000000000000000e+00,2.17751614740179867e-03,2.17678108298803097e-03,-7.35064413767694269e-07,9.18257438801894921e-03,9.18012619562080801e-03,-2.44819239814120237e-06,3.96077057090769946e+00,3.96077057090769946e+00,8.24085499479184524e-01,8.24085499479184524e-01,3.27381494700000530e+00,0,1,0,ok,aspect-only box strain; shear omitted for rectangular voro++ container
68,5068,256,8.39999999999999969e-01,compression_step,coupled,voro_radical,voro_radical_rebuilt,1,1,1.18961645407071950e-01,1.18961645407071992e-01,4.16333634234433703e-17,6.66621871026764484e-02,6.66621871026764345e-02,-1.38777878078144568e-17,1.18495065060502738e-01,1.18495065060502835e-01,9.71445146547011973e-17,4.80914323678786726e-01,4.80914323678786726e-01,0.00000000000000000e+00,1.29761453038986360e+02,1.29761453038986360e+02,0.00000000000000000e+00,1.32816571356753371e-01,1.32816571356753371e-01,0.00000000000000000e+00,6.33061601706116694e-01,6.33061601706116694e-01,0.00000000000000000e+00,2.17751614740179867e-03,0.00000000000000000e+00,-2.17751614740179867e-03,9.18257438801894921e-03,0.00000000000000000e+00,-9.18257438801894921e-03,3.96077057090769946e+00,3.96077057090769946e+00,8.24085499479184524e-01,8.24085499479184524e-01,1.12085470800002440e+00,1,0,0,ok,local phi scan best endpoint
68,5068,256,8.39999999999999969e-01,free_ricci,sum_channel,voro_radical,voro_radical_fixed_topology,1,1,1.18961645407071950e-01,1.11655615703609934e-01,-7.30602970346201641e-03,6.66621871026764484e-02,7.70477359437277365e-12,-6.66621870949716810e-02,1.18495065060502738e-01,1.15099724395684236e-01,-3.39534066481850250e-03,4.80914323678786726e-01,5.06361622729286310e-11,-4.80914323628150564e-01,1.29761453038986360e+02,8.48344919632205541e-09,-1.29761453030502906e+02,1.32816571356753371e-01,2.36241265975150096e-10,-1.32816571120512095e-01,6.33061601706116694e-01,4.52864593925073595e-10,-6.33061601253252060e-01,2.17751614740179867e-03,4.24261823110653769e+00,4.24044071495913588e+00,9.18257438801894921e-03,5.90812596364562737e-01,5.81630021976543787e-01,3.96077057090769946e+00,5.27799484516211059e+00,8.24085499479184524e-01,9.18124831885226644e-01,1.92009069999983240e-01,1,1,1,ok,converged: max_abs_K < tol
68,5068,256,8.39999999999999969e-01,post_voro_surgery,topology,voro_radical,post_surgery_nonradical,1,1,1.18961645407071950e-01,1.30114318783053490e-01,1.11526733759815394e-02,6.66621871026764484e-02,6.27070899995567782e-02,-3.95509710311967022e-03,1.18495065060502738e-01,1.34127713780358787e-01,1.56326487198560488e-02,4.80914323678786726e-01,4.47083662550254168e-01,-3.38306611285325576e-02,1.29761453038986360e+02,6.46258012858465065e+01,-6.51356517531398538e+01,1.32816571356753371e-01,1.27038824017699392e-01,-5.77774733905397908e-03,6.33061601706116694e-01,3.02980413572487339e-01,-3.30081188133629355e-01,2.17751614740179867e-03,2.17751614740179867e-03,0.00000000000000000e+00,9.18257438801894921e-03,9.18257438801894921e-03,0.00000000000000000e+00,3.96077057090769946e+00,3.96077057090769946e+00,8.24085499479184524e-01,8.37012635510523073e-01,6.40914934589999916e+01,1,0,0,ok,light topology surgery; no longer radical
68,5068,256,8.39999999999999969e-01,radius_label_swap,sum_channel,voro_radical,voro_radical_rebuilt,1,1,1.18961645407071950e-01,1.18961132735012090e-01,-5.12672059860275198e-07,6.66621871026764484e-02,6.66664752564988389e-02,4.28815382239045029e-06,1.18495065060502738e-01,1.18494738040085937e-01,-3.27020416801548919e-07,4.80914323678786726e-01,4.80946012889215901e-01,3.16892104291754961e-05,1.29761453038986360e+02,1.29763830286515741e+02,2.37724752938106576e-03,1.32816571356753371e-01,1.32821619661544543e-01,5.04830479117202024e-06,6.33061601706116694e-01,6.33059228088388326e-01,-2.37361772836841567e-06,2.17751614740179867e-03,2.16929894569252825e-03,-8.21720170927041360e-06,9.18257438801894921e-03,9.18257438801894921e-03,0.00000000000000000e+00,3.96077057090769946e+00,3.96077057090769946e+00,8.24085499479184524e-01,8.24085499479184524e-01,8.34862208300000930e+00,0,1,0,ok,radius labels permuted; distribution exactly preserved
68,5068,256,8.39999999999999969e-01,shape_descent,shape_channel,voro_radical,voro_radical_rebuilt,1,1,1.18961645407071950e-01,1.18938766654460751e-01,-2.28787526111995376e-05,6.66621871026764484e-02,6.66621871026764762e-02,2.77555756156289135e-17,1.18495065060502738e-01,1.18518825868758143e-01,2.37608082554047195e-05,4.80914323678786726e-01,4.80914323678786726e-01,0.00000000000000000e+00,1.29761453038986360e+02,1.29761453038986360e+02,0.00000000000000000e+00,1.32816571356753371e-01,1.32816571356753371e-01,0.00000000000000000e+00,6.33061601706116694e-01,6.33061601706116694e-01,0.00000000000000000e+00,2.17751614740179867e-03,2.29110117856897843e-03,1.13585031167179763e-04,9.18257438801894921e-03,9.18257438801894921e-03,0.00000000000000000e+00,3.96077057090769946e+00,3.96077057090769946e+00,8.24085499479184524e-01,8.24085499479184524e-01,7.02860076100000697e+00,0,0,0,ok,stochastic coordinate shape descent
69,5069,256,8.39999999999999969e-01,bounded_ricci_du010,sum_channel,voro_radical,voro_radical_fixed_topology,1,1,1.16677298276148866e-01,1.11861431716480095e-01,-4.81586655966877164e-03,7.05372577613962021e-02,5.73352787463240823e-02,-1.32019790150721197e-02,1.14040690083733173e-01,1.12603064935311470e-01,-1.43762514842170341e-03,5.21526968856221851e-01,4.22383980914440127e-01,-9.91429879417817239e-02,1.18890463822535679e+02,9.04448687892328138e+01,-2.84455950333028653e+01,1.40869614406539057e-01,1.18314476002696747e-01,-2.25551384038423092e-02,5.67245466830298195e-01,4.94553327414019972e-01,-7.26921394162782231e-02,1.70157699943269852e-05,5.22638222709846043e-02,5.22468065009902768e-02,6.67199462688117251e-04,6.71332326710292193e-02,6.64660332083411021e-02,3.96077057090769946e+00,3.93456019858135075e+00,7.94796627614842599e-01,8.38861863495582116e-01,1.95033083999987866e-01,1,1,1,ok,relative_bounded_ricci
69,5069,256,8.39999999999999969e-01,box_shear_aspect,shape_channel,voro_radical,voro_radical_rebuilt,1,1,1.16677298276148866e-01,1.16677298276148866e-01,0.00000000000000000e+00,7.05372577613962021e-02,7.05372577613962021e-02,0.00000000000000000e+00,1.14040690083733173e-01,1.14040690083733173e-01,0.00000000000000000e+00,5.21526968856221851e-01,5.21526968856221851e-01,0.00000000000000000e+00,1.18890463822535679e+02,1.18890463822535679e+02,0.00000000000000000e+00,1.40869614406539057e-01,1.40869614406539057e-01,0.00000000000000000e+00,5.67245466830298195e-01,5.67245466830298195e-01,0.00000000000000000e+00,1.70157699943269852e-05,1.70157699943269852e-05,0.00000000000000000e+00,6.67199462688117251e-04,6.67199462688117251e-04,0.00000000000000000e+00,3.96077057090769946e+00,3.96077057090769946e+00,7.94796627614842599e-01,7.94796627614842599e-01,5.15426003100003527e+00,0,0,0,ok,aspect-only box strain; shear omitted for rectangular voro++ container
69,5069,256,8.39999999999999969e-01,compression_step,coupled,voro_radical,voro_radical_rebuilt,1,1,1.16677298276148866e-01,1.16677298276148811e-01,-5.55111512312578270e-17,7.05372577613962021e-02,7.05372577613961743e-02,-2.77555756156289135e-17,1.14040690083733173e-01,1.14040690083733201e-01,2.77555756156289135e-17,5.21526968856221851e-01,5.21526968856221851e-01,0.00000000000000000e+00,1.18890463822535679e+02,1.18890463822535679e+02,0.00000000000000000e+00,1.40869614406539057e-01,1.40869614406539057e-01,0.00000000000000000e+00,5.67245466830298195e-01,5.67245466830298195e-01,0.00000000000000000e+00,1.70157699943269852e-05,0.00000000000000000e+00,-1.70157699943269852e-05,6.67199462688117251e-04,0.00000000000000000e+00,-6.67199462688117251e-04,3.96077057090769946e+00,3.96077057090769946e+00,7.94796627614842599e-01,7.94796627614842599e-01,1.86324571599999445e+00,1,0,0,ok,local phi scan best endpoint
69,5069,256,8.39999999999999969e-01,free_ricci,sum_channel,voro_radical,voro_radical_fixed_topology,1,1,1.16677298276148866e-01,1.06376476125067787e-01,-1.03008221510810793e-02,7.05372577613962021e-02,4.72115712099993309e-12,-7.05372577566750480e-02,1.14040690083733173e-01,1.08871323356762639e-01,-5.16936672697053401e-03,5.21526968856221851e-01,3.17676408970128140e-11,-5.21526968824454262e-01,1.18890463822535679e+02,5.26907336251849609e-09,-1.18890463817266607e+02,1.40869614406539057e-01,1.47438281557111409e-10,-1.40869614259100773e-01,5.67245466830298195e-01,2.96968338546084084e-10,-5.67245466533329856e-01,1.70157699943269852e-05,3.40513402645311647e+00,3.40511701068312211e+00,6.67199462688117251e-04,4.49124687978376125e-01,4.48457488515688008e-01,3.96077057090769946e+00,4.51296580144559556e+00,7.94796627614842599e-01,9.20142802460362841e-01,1.99014046000002054e-01,1,1,1,ok,converged: max_abs_K < tol
69,5069,256,8.39999999999999969e-01,post_voro_surgery,topology,voro_radical,post_surgery_nonradical,1,1,1.16677298276148866e-01,1.34137987666567204e-01,1.74606893904183380e-02,7.05372577613962021e-02,6.38138174188146307e-02,-6.72344034258157142e-03,1.14040690083733173e-01,1.40854684191069446e-01,2.68139941073362725e-02,5.21526968856221851e-01,4.52383276190657213e-01,-6.91436926655646378e-02,1.18890463822535679e+02,6.83376552547378537e+01,-5.05528085677978254e+01,1.40869614406539057e-01,1.25036045145467095e-01,-1.58335692610719614e-02,5.67245466830298195e-01,3.40610890542905997e-01,-2.26634576287392198e-01,1.70157699943269852e-05,1.70157699943269852e-05,0.00000000000000000e+00,6.67199462688117251e-04,6.67199462688117251e-04,0.00000000000000000e+00,3.96077057090769946e+00,3.96077057090769946e+00,7.94796627614842599e-01,8.28323291226361835e-01,5.77739368899999590e+01,1,0,0,ok,light topology surgery; no longer radical
69,5069,256,8.39999999999999969e-01,radius_label_swap,sum_channel,voro_radical,voro_radical_rebuilt,1,1,1.16677298276148866e-01,1.16677298276148866e-01,0.00000000000000000e+00,7.05372577613962021e-02,7.05372577613962021e-02,0.00000000000000000e+00,1.14040690083733173e-01,1.14040690083733173e-01,0.00000000000000000e+00,5.21526968856221851e-01,5.21526968856221851e-01,0.00000000000000000e+00,1.18890463822535679e+02,1.18890463822535679e+02,0.00000000000000000e+00,1.40869614406539057e-01,1.40869614406539057e-01,0.00000000000000000e+00,5.67245466830298195e-01,5.67245466830298195e-01,0.00000000000000000e+00,1.70157699943269852e-05,1.70157699943269852e-05,0.00000000000000000e+00,6.67199462688117251e-04,6.67199462688117251e-04,0.00000000000000000e+00,3.96077057090769946e+00,3.96077057090769946e+00,7.94796627614842599e-01,7.94796627614842599e-01,6.01897640299995373e+00,0,0,0,ok,radius labels permuted; distribution exactly preserved
69,5069,256,8.39999999999999969e-01,shape_descent,shape_channel,voro_radical,voro_radical_rebuilt,1,1,1.16677298276148866e-01,1.16630920444010147e-01,-4.63778321387192660e-05,7.05372577613962021e-02,7.05372577613962021e-02,0.00000000000000000e+00,1.14040690083733173e-01,1.14072044931131905e-01,3.13548473987318443e-05,5.21526968856221851e-01,5.21526968856221851e-01,0.00000000000000000e+00,1.18890463822535679e+02,1.18890463822535679e+02,0.00000000000000000e+00,1.40869614406539057e-01,1.40869614406539057e-01,0.00000000000000000e+00,5.67245466830298195e-01,5.67245466830298195e-01,0.00000000000000000e+00,1.70157699943269852e-05,1.70157169762274039e-05,-5.30180995812626690e-11,6.67199462688117251e-04,6.67199462688117251e-04,0.00000000000000000e+00,3.96077057090769946e+00,3.96077057090769946e+00,7.94796627614842599e-01,7.94796627614842599e-01,6.37247063999996044e+00,0,0,0,ok,stochastic coordinate shape descent
70,5070,256,8.39999999999999969e-01,bounded_ricci_du010,sum_channel,voro_radical,voro_radical_fixed_topology,1,1,1.20806707550429993e-01,1.14189149230887299e-01,-6.61755831954269347e-03,7.64755167640436134e-02,5.69076992820451433e-02,-1.95678174819984702e-02,1.15996314913339921e-01,1.14277925715882522e-01,-1.71838919745739838e-03,5.53455918571730376e-01,4.11572592927016645e-01,-1.41883325644713731e-01,1.02070373267605390e+02,7.14752356104117013e+01,-3.05951376571936891e+01,1.46219240564078118e-01,1.14805739903910284e-01,-3.14135006601678340e-02,4.69696673202616710e-01,3.98571529478184639e-01,-7.11251437244320717e-02,5.36864570654825872e-04,1.30705806095143623e-01,1.30168941524488796e-01,4.56502895138966025e-03,1.34129043176478113e-01,1.29564014225088453e-01,3.96077057090769946e+00,4.13180780473538078e+00,8.01548506554753848e-01,8.64064652743371631e-01,1.54529617999969560e-01,1,1,1,ok,relative_bounded_ricci
70,5070,256,8.39999999999999969e-01,box_shear_aspect,shape_channel,voro_radical,voro_radical_rebuilt,1,1,1.20806707550429993e-01,1.20806133066494015e-01,-5.74483935977809779e-07,7.64755167640436134e-02,7.64755167640436134e-02,0.00000000000000000e+00,1.15996314913339921e-01,1.15995868740219166e-01,-4.46173120755011254e-07,5.53455918571730376e-01,5.53455918571730376e-01,0.00000000000000000e+00,1.02070373267605390e+02,1.02070373267605390e+02,0.00000000000000000e+00,1.46219240564078118e-01,1.46219240564078118e-01,0.00000000000000000e+00,4.69696673202616710e-01,4.69696673202616710e-01,0.00000000000000000e+00,5.36864570654825872e-04,5.36234142087955567e-04,-6.30428566870304755e-07,4.56502895138966025e-03,4.51172185223214228e-03,-5.33070991575179676e-05,3.96077057090769946e+00,3.96077057090769946e+00,8.01548506554753848e-01,8.01548506554753848e-01,2.92264857200001416e+00,0,1,0,ok,aspect-only box strain; shear omitted for rectangular voro++ container
70,5070,256,8.39999999999999969e-01,compression_step,coupled,voro_radical,voro_radical_rebuilt,1,1,1.20806707550429993e-01,1.20806707550430062e-01,6.93889390390722838e-17,7.64755167640436134e-02,7.64755167640436134e-02,0.00000000000000000e+00,1.15996314913339921e-01,1.15996314913339921e-01,0.00000000000000000e+00,5.53455918571730376e-01,5.53455918571730376e-01,0.00000000000000000e+00,1.02070373267605390e+02,1.02070373267605390e+02,0.00000000000000000e+00,1.46219240564078118e-01,1.46219240564078118e-01,0.00000000000000000e+00,4.69696673202616710e-01,4.69696673202616710e-01,0.00000000000000000e+00,5.36864570654825872e-04,0.00000000000000000e+00,-5.36864570654825872e-04,4.56502895138966025e-03,0.00000000000000000e+00,-4.56502895138966025e-03,3.96077057090769946e+00,3.96077057090769946e+00,8.01548506554753848e-01,8.01548506554753848e-01,1.12631085200001735e+00,0,0,0,ok,local phi scan best endpoint
70,5070,256,8.39999999999999969e-01,free_ricci,sum_channel,voro_radical,voro_radical_fixed_topology,1,1,1.20806707550429993e-01,1.08686323980290656e-01,-1.21203835701393370e-02,7.64755167640436134e-02,7.16936759215643877e-12,-7.64755167568742511e-02,1.15996314913339921e-01,1.11465975161923525e-01,-4.53033975141639567e-03,5.53455918571730376e-01,4.85156914490970581e-11,-5.53455918523214740e-01,1.02070373267605390e+02,8.34613165936644289e-09,-1.02070373259259256e+02,1.46219240564078118e-01,2.28135078609177306e-10,-1.46219240335943051e-01,4.69696673202616710e-01,4.53387926447023941e-10,-4.69696672749228772e-01,5.36864570654825872e-04,3.96954829507480911e+00,3.96901143050415417e+00,4.56502895138966025e-03,5.71960441381728746e-01,5.67395412430339086e-01,3.96077057090769946e+00,4.66355756618670281e+00,8.01548506554753848e-01,9.33584801995300917e-01,1.85549965999996402e-01,1,1,1,ok,converged: max_abs_K < tol
70,5070,256,8.39999999999999969e-01,post_voro_surgery,topology,voro_radical,post_surgery_nonradical,1,1,1.20806707550429993e-01,1.38292777032095887e-01,1.74860694816658946e-02,7.64755167640436134e-02,6.82411522025308387e-02,-8.23436456151277474e-03,1.15996314913339921e-01,1.41011855410191289e-01,2.50155404968513684e-02,5.53455918571730376e-01,4.91466646337587576e-01,-6.19892722341428004e-02,1.02070373267605390e+02,7.46938825240475239e+01,-2.73764907435578664e+01,1.46219240564078118e-01,1.31313385173809583e-01,-1.49058553902685353e-02,4.69696673202616710e-01,3.60031181652924970e-01,-1.09665491549691740e-01,5.36864570654825872e-04,5.36864570654825872e-04,0.00000000000000000e+00,4.56502895138966025e-03,4.56502895138966025e-03,0.00000000000000000e+00,3.96077057090769946e+00,3.96077057090769946e+00,8.01548506554753848e-01,8.28540180337915877e-01,7.77321224990000132e+01,1,0,0,ok,light topology surgery; no longer radical
70,5070,256,8.39999999999999969e-01,radius_label_swap,sum_channel,voro_radical,voro_radical_rebuilt,1,1,1.20806707550429993e-01,1.20806550478310362e-01,-1.57072119630341511e-07,7.64755167640436134e-02,7.64755923807899501e-02,7.56167463367152237e-08,1.15996314913339921e-01,1.15995946878709719e-01,-3.68034630202074275e-07,5.53455918571730376e-01,5.53454944792095671e-01,-9.73779634705351782e-07,1.02070373267605390e+02,1.02069763091682603e+02,-6.10175922787448144e-04,1.46219240564078118e-01,1.46218142451139871e-01,-1.09811293824702005e-06,4.69696673202616710e-01,4.69697302088146029e-01,6.28885529319056502e-07,5.36864570654825872e-04,5.35834016025111800e-04,-1.03055462971407205e-06,4.56502895138966025e-03,4.56502895138966025e-03,0.00000000000000000e+00,3.96077057090769946e+00,3.96077057090769946e+00,8.01548506554753848e-01,8.01548506554753848e-01,9.76393548100003272e+00,0,1,0,ok,radius labels permuted; distribution exactly preserved
70,5070,256,8.39999999999999969e-01,shape_descent,shape_channel,voro_radical,voro_radical_rebuilt,1,1,1.20806707550429993e-01,1.20815993757326809e-01,9.28620689681636247e-06,7.64755167640436134e-02,7.64755167640436134e-02,0.00000000000000000e+00,1.15996314913339921e-01,1.16008769822975769e-01,1.24549096358478328e-05,5.53455918571730376e-01,5.53455918571730376e-01,0.00000000000000000e+00,1.02070373267605390e+02,1.02070373267605390e+02,0.00000000000000000e+00,1.46219240564078118e-01,1.46219240564078118e-01,0.00000000000000000e+00,4.69696673202616710e-01,4.69696673202616710e-01,0.00000000000000000e+00,5.36864570654825872e-04,5.52560231891702680e-04,1.56956612368768086e-05,4.56502895138966025e-03,4.56502895138966025e-03,0.00000000000000000e+00,3.96077057090769946e+00,3.96077057090769946e+00,8.01548506554753848e-01,8.01548506554753848e-01,5.06722049199998992e+00,0,0,0,ok,stochastic coordinate shape descent
71,5071,256,8.39999999999999969e-01,bounded_ricci_du010,sum_channel,voro_radical,voro_radical_fixed_topology,1,1,1.20174409105826607e-01,1.14920742787883889e-01,-5.25366631794271788e-03,7.77707316996590486e-02,5.97996309075043628e-02,-1.79711007921546859e-02,1.18262737699532702e-01,1.16881359998522893e-01,-1.38137770100980883e-03,5.58686347358656743e-01,4.29054559144501746e-01,-1.29631788214154997e-01,1.43755018366932404e+02,1.00961173010281868e+02,-4.27938453566505359e+01,1.54324830975292815e-01,1.25253811610097993e-01,-2.90710193651948223e-02,6.34018595325110068e-01,5.27661008640896489e-01,-1.06357586684213579e-01,1.91166936926708670e-03,1.69385701208157102e-01,1.67474031838890008e-01,9.42377330308863392e-03,1.41663965284597904e-01,1.32240191981509270e-01,3.96077057090769946e+00,3.89462359386821744e+00,8.11794692449052668e-01,8.68087273803502701e-01,9.13340969999580921e-02,1,1,1,ok,relative_bounded_ricci
71,5071,256,8.39999999999999969e-01,box_shear_aspect,shape_channel,voro_radical,voro_radical_rebuilt,1,1,1.20174409105826607e-01,1.20173387107721352e-01,-1.02199810525505086e-06,7.77707316996590486e-02,7.77707316996590903e-02,4.16333634234433703e-17,1.18262737699532702e-01,1.18261620471656545e-01,-1.11722787615731178e-06,5.58686347358656743e-01,5.58686347358656743e-01,0.00000000000000000e+00,1.43755018366932404e+02,1.43755018366932404e+02,0.00000000000000000e+00,1.54324830975292815e-01,1.54324830975292815e-01,0.00000000000000000e+00,6.34018595325110068e-01,6.34018595325110068e-01,0.00000000000000000e+00,1.91166936926708670e-03,1.90835943716712877e-03,-3.30993209995793236e-06,9.42377330308863392e-03,9.32131301373173571e-03,-1.02460289356898215e-04,3.96077057090769946e+00,3.96077057090769946e+00,8.11794692449052668e-01,8.11794692449052668e-01,2.99669532500001878e+00,0,1,0,ok,aspect-only box strain; shear omitted for rectangular voro++ container
71,5071,256,8.39999999999999969e-01,compression_step,coupled,voro_radical,voro_radical_rebuilt,1,1,1.20174409105826607e-01,1.20174409105826607e-01,0.00000000000000000e+00,7.77707316996590486e-02,7.77707316996590486e-02,0.00000000000000000e+00,1.18262737699532702e-01,1.18262737699532619e-01,-8.32667268468867405e-17,5.58686347358656743e-01,5.58686347358656743e-01,0.00000000000000000e+00,1.43755018366932404e+02,1.43755018366932404e+02,0.00000000000000000e+00,1.54324830975292815e-01,1.54324830975292815e-01,0.00000000000000000e+00,6.34018595325110068e-01,6.34018595325110068e-01,0.00000000000000000e+00,1.91166936926708670e-03,0.00000000000000000e+00,-1.91166936926708670e-03,9.42377330308863392e-03,0.00000000000000000e+00,-9.42377330308863392e-03,3.96077057090769946e+00,3.96077057090769946e+00,8.11794692449052668e-01,8.11794692449052668e-01,1.13942881700000953e+00,0,1,0,ok,local phi scan best endpoint
71,5071,256,8.39999999999999969e-01,free_ricci,sum_channel,voro_radical,voro_radical_fixed_topology,1,1,1.20174409105826607e-01,1.11962654943765713e-01,-8.21175416206089415e-03,7.77707316996590486e-02,8.10919557914059482e-12,-7.77707316915498548e-02,1.18262737699532702e-01,1.15365532699934922e-01,-2.89720499959778000e-03,5.58686347358656743e-01,5.38198406378304524e-11,-5.58686347304836906e-01,1.43755018366932404e+02,8.99096211932439700e-09,-1.43755018357941452e+02,1.54324830975292815e-01,2.51801298746335352e-10,-1.54324830723491513e-01,6.34018595325110068e-01,4.60529583645429422e-10,-6.34018594864580454e-01,1.91166936926708670e-03,5.49684758487609670e+00,5.49493591550682936e+00,9.42377330308863392e-03,6.34093344542122850e-01,6.24669571239034216e-01,3.96077057090769946e+00,4.69407102840842949e+00,8.11794692449052668e-01,9.26555727202791557e-01,1.16588400000011916e-01,1,1,1,ok,converged: max_abs_K < tol
71,5071,256,8.39999999999999969e-01,post_voro_surgery,topology,voro_radical,post_surgery_nonradical,1,1,1.20174409105826607e-01,1.42044872558764246e-01,2.18704634529376385e-02,7.77707316996590486e-02,6.09879509638470360e-02,-1.67827807358120126e-02,1.18262737699532702e-01,1.52324584439880367e-01,3.40618467403476649e-02,5.58686347358656743e-01,4.39299378871299884e-01,-1.19386968487356859e-01,1.43755018366932404e+02,6.71265703903046074e+01,-7.66284479766277968e+01,1.54324830975292815e-01,1.31402505889791604e-01,-2.29223250855012106e-02,6.34018595325110068e-01,3.02572663182230250e-01,-3.31445932142879818e-01,1.91166936926708670e-03,1.91166936926708670e-03,0.00000000000000000e+00,9.42377330308863392e-03,9.42377330308863392e-03,0.00000000000000000e+00,3.96077057090769946e+00,3.96077057090769946e+00,8.11794692449052668e-01,8.62045640072658714e-01,7.75021997020000413e+01,1,0,0,ok,light topology surgery; no longer radical
71,5071,256,8.39999999999999969e-01,radius_label_swap,sum_channel,voro_radical,voro_radical_rebuilt,1,1,1.20174409105826607e-01,1.20173950304881774e-01,-4.58800944833082092e-07,7.77707316996590486e-02,7.77708969321783544e-02,1.65232519305780201e-07,1.18262737699532702e-01,1.18261531194939776e-01,-1.20650459292659384e-06,5.58686347358656743e-01,5.58674782513564616e-01,-1.15648450921268520e-05,1.43755018366932404e+02,1.43757191827913061e+02,2.17346098065718252e-03,1.54324830975292815e-01,1.54322339107388962e-01,-2.49186790385325097e-06,6.34018595325110068e-01,6.34033376827452200e-01,1.47815023421316027e-05,1.91166936926708670e-03,1.90522540220181848e-03,-6.44396706526821628e-06,9.42377330308863392e-03,9.42377330308863392e-03,0.00000000000000000e+00,3.96077057090769946e+00,3.96077057090769946e+00,8.11794692449052668e-01,8.11794692449052668e-01,7.02916706799999247e+00,0,1,0,ok,radius labels permuted; distribution exactly preserved
71,5071,256,8.39999999999999969e-01,shape_descent,shape_channel,voro_radical,voro_radical_rebuilt,1,1,1.20174409105826607e-01,1.20176950575986888e-01,2.54147016028050121e-06,7.77707316996590486e-02,7.77707316996590486e-02,0.00000000000000000e+00,1.18262737699532702e-01,1.18266014830890928e-01,3.27713135822582657e-06,5.58686347358656743e-01,5.58686347358656743e-01,0.00000000000000000e+00,1.43755018366932404e+02,1.43755018366932404e+02,0.00000000000000000e+00,1.54324830975292815e-01,1.54324830975292815e-01,0.00000000000000000e+00,6.34018595325110068e-01,6.34018595325110068e-01,0.00000000000000000e+00,1.91166936926708670e-03,1.94992927665933865e-03,3.82599073922519541e-05,9.42377330308863392e-03,9.42377330308863392e-03,0.00000000000000000e+00,3.96077057090769946e+00,3.96077057090769946e+00,8.11794692449052668e-01,8.11794692449052668e-01,4.21058103200005007e+00,0,0,0,ok,stochastic coordinate shape descent
72,5072,256,8.39999999999999969e-01,bounded_ricci_du010,sum_channel,voro_radical,voro_radical_fixed_topology,1,1,1.33237626797271191e-01,1.28151886078905486e-01,-5.08574071836570551e-03,7.80749930119211122e-02,5.72497960772519812e-02,-2.08251969346691310e-02,1.33007773478242441e-01,1.31430107769331228e-01,-1.57766570891121338e-03,5.61801072196462581e-01,4.12761141236709539e-01,-1.49039930959753042e-01,1.07771956970910438e+02,6.87218802025973190e+01,-3.90500767683131187e+01,1.49929274738953927e-01,1.16860529962822035e-01,-3.30687447761318920e-02,4.86521685158685990e-01,3.73605456344095366e-01,-1.12916228814590625e-01,7.17202165354713763e-04,1.50094581092387880e-01,1.49377378927033178e-01,5.18006053304365111e-03,9.61567998767107746e-02,9.09767393436671234e-02,3.96077057090769946e+00,3.60358271799458141e+00,7.81533785295872807e-01,8.48963148710155546e-01,1.22444701999995686e-01,1,1,1,ok,relative_bounded_ricci
72,5072,256,8.39999999999999969e-01,box_shear_aspect,shape_channel,voro_radical,voro_radical_rebuilt,1,1,1.33237626797271191e-01,1.33237626797271191e-01,0.00000000000000000e+00,7.80749930119211122e-02,7.80749930119211122e-02,0.00000000000000000e+00,1.33007773478242441e-01,1.33007773478242441e-01,0.00000000000000000e+00,5.61801072196462581e-01,5.61801072196462581e-01,0.00000000000000000e+00,1.07771956970910438e+02,1.07771956970910438e+02,0.00000000000000000e+00,1.49929274738953927e-01,1.49929274738953927e-01,0.00000000000000000e+00,4.86521685158685990e-01,4.86521685158685990e-01,0.00000000000000000e+00,7.17202165354713763e-04,7.17202165354713763e-04,0.00000000000000000e+00,5.18006053304365111e-03,5.18006053304365111e-03,0.00000000000000000e+00,3.96077057090769946e+00,3.96077057090769946e+00,7.81533785295872807e-01,7.81533785295872807e-01,4.30104699000003166e+00,0,0,0,ok,aspect-only box strain; shear omitted for rectangular voro++ container
72,5072,256,8.39999999999999969e-01,compression_step,coupled,voro_radical,voro_radical_rebuilt,1,1,1.33237626797271191e-01,1.33435614291150112e-01,1.97987493878920562e-04,7.80749930119211122e-02,7.94314771958108956e-02,1.35648418388978342e-03,1.33007773478242441e-01,1.32760897743776723e-01,-2.46875734465717978e-04,5.61801072196462581e-01,5.70686186213292923e-01,8.88511401683034219e-03,1.07771956970910438e+02,1.10240112608208420e+02,2.46815563729798271e+00,1.49929274738953927e-01,1.53582166748083976e-01,3.65289200913004874e-03,4.86521685158685990e-01,4.86525197128243103e-01,3.51196955711285952e-06,7.17202165354713763e-04,0.00000000000000000e+00,-7.17202165354713763e-04,5.18006053304365111e-03,0.00000000000000000e+00,-5.18006053304365111e-03,3.96077057090769946e+00,3.96077057090769946e+00,7.81533785295872807e-01,7.74560593798128472e-01,1.88790967699998191e+00,0,1,0,ok,local phi scan best endpoint
72,5072,256,8.39999999999999969e-01,free_ricci,sum_channel,voro_radical,voro_radical_fixed_topology,1,1,1.33237626797271191e-01,1.25719860464731464e-01,-7.51776633253972704e-03,7.80749930119211122e-02,5.97971303067626513e-12,-7.80749930059413955e-02,1.33007773478242441e-01,1.28936905192186840e-01,-4.07086828605560114e-03,5.61801072196462581e-01,4.06280076320720086e-11,-5.61801072155834524e-01,1.07771956970910438e+02,6.47639681209439665e-09,-1.07771956964434040e+02,1.49929274738953927e-01,1.87018275641349406e-10,-1.49929274551935665e-01,4.86521685158685990e-01,3.43567565191500059e-10,-4.86521684815118427e-01,7.17202165354713763e-04,4.42149139551242509e+00,4.42077419334707056e+00,5.18006053304365111e-03,4.49019781278658714e-01,4.43839720745615063e-01,3.96077057090769946e+00,4.19269052962170630e+00,7.81533785295872807e-01,9.31292962305255934e-01,1.89839239000036741e-01,1,1,1,ok,converged: max_abs_K < tol
72,5072,256,8.39999999999999969e-01,post_voro_surgery,topology,voro_radical,post_surgery_nonradical,1,1,1.33237626797271191e-01,1.60010795344367046e-01,2.67731685470958547e-02,7.80749930119211122e-02,6.80077892556315428e-02,-1.00672037562895694e-02,1.33007773478242441e-01,1.70104312847704914e-01,3.70965393694624723e-02,5.61801072196462581e-01,4.97362143041032156e-01,-6.44389291554304244e-02,1.07771956970910438e+02,7.21731700004350500e+01,-3.55987869704753876e+01,1.49929274738953927e-01,1.33407619865657967e-01,-1.65216548732959601e-02,4.86521685158685990e-01,3.32862950570714355e-01,-1.53658734587971635e-01,7.17202165354713763e-04,7.17202165354713763e-04,0.00000000000000000e+00,5.18006053304365111e-03,5.18006053304365111e-03,0.00000000000000000e+00,3.96077057090769946e+00,3.96077057090769946e+00,7.81533785295872807e-01,8.15451952461513918e-01,5.81663866279999979e+01,1,0,0,ok,light topology surgery; no longer radical
72,5072,256,8.39999999999999969e-01,radius_label_swap,sum_channel,voro_radical,voro_radical_rebuilt,1,1,1.33237626797271191e-01,1.33214220213310336e-01,-2.34065839608554871e-05,7.80749930119211122e-02,7.80803390425746230e-02,5.34603065351080264e-06,1.33007773478242441e-01,1.32995878926002342e-01,-1.18945522400992765e-05,5.61801072196462581e-01,5.61387974614215080e-01,-4.13097582247501371e-04,1.07771956970910438e+02,1.07681746736904955e+02,-9.02102340054824481e-02,1.49929274738953927e-01,1.49810441976955450e-01,-1.18832761998477476e-04,4.86521685158685990e-01,4.86464801256719814e-01,-5.68839019661759870e-05,7.17202165354713763e-04,7.12261299916336832e-04,-4.94086543837693112e-06,5.18006053304365111e-03,5.18006053304365111e-03,0.00000000000000000e+00,3.96077057090769946e+00,3.96077057090769946e+00,7.81533785295872807e-01,7.81798099701029758e-01,8.42062252599998828e+00,0,1,0,ok,radius labels permuted; distribution exactly preserved
72,5072,256,8.39999999999999969e-01,shape_descent,shape_channel,voro_radical,voro_radical_rebuilt,1,1,1.33237626797271191e-01,1.33246351238030220e-01,8.72444075902811811e-06,7.80749930119211122e-02,7.80749930119211122e-02,0.00000000000000000e+00,1.33007773478242441e-01,1.33005069063917708e-01,-2.70441432473345067e-06,5.61801072196462581e-01,5.61801072196462581e-01,0.00000000000000000e+00,1.07771956970910438e+02,1.07771956970910438e+02,0.00000000000000000e+00,1.49929274738953927e-01,1.49929274738953927e-01,0.00000000000000000e+00,4.86521685158685990e-01,4.86521685158685990e-01,0.00000000000000000e+00,7.17202165354713763e-04,7.29048694160791826e-04,1.18465288060780631e-05,5.18006053304365111e-03,5.18006053304365111e-03,0.00000000000000000e+00,3.96077057090769946e+00,3.96077057090769946e+00,7.81533785295872807e-01,7.81533785295872807e-01,6.56624034399999346e+00,0,1,0,ok,stochastic coordinate shape descent
73,5073,256,8.39999999999999969e-01,bounded_ricci_du010,sum_channel,voro_radical,voro_radical_fixed_topology,1,1,1.27106216441657649e-01,1.20769744017955705e-01,-6.33647242370194430e-03,7.59893238382917113e-02,5.67638289985812616e-02,-1.92254948397104497e-02,1.23639624900606579e-01,1.21809079310318605e-01,-1.83054559028797414e-03,5.47966644875606312e-01,4.05660389340268934e-01,-1.42306255535337378e-01,1.28184642521530890e+02,8.71542515143008529e+01,-4.10303910072300368e+01,1.50849684154984454e-01,1.19208794757466666e-01,-3.16408893975177880e-02,5.79331595646889963e-01,4.74872371968909524e-01,-1.04459223677980440e-01,9.56591157995320619e-04,1.22557365529420981e-01,1.21600774371425663e-01,6.26648392401829568e-03,8.55092892775808355e-02,7.92428053535625398e-02,3.96077057090769946e+00,4.35215082201929349e+00,7.95225407802196527e-01,8.58812614453313250e-01,1.78807667000000947e-01,1,1,1,ok,relative_bounded_ricci
73,5073,256,8.39999999999999969e-01,box_shear_aspect,shape_channel,voro_radical,voro_radical_rebuilt,1,1,1.27106216441657649e-01,1.27106216441657649e-01,0.00000000000000000e+00,7.59893238382917113e-02,7.59893238382917113e-02,0.00000000000000000e+00,1.23639624900606579e-01,1.23639624900606579e-01,0.00000000000000000e+00,5.47966644875606312e-01,5.47966644875606312e-01,0.00000000000000000e+00,1.28184642521530890e+02,1.28184642521530890e+02,0.00000000000000000e+00,1.50849684154984454e-01,1.50849684154984454e-01,0.00000000000000000e+00,5.79331595646889963e-01,5.79331595646889963e-01,0.00000000000000000e+00,9.56591157995320619e-04,9.56591157995320619e-04,0.00000000000000000e+00,6.26648392401829568e-03,6.26648392401829568e-03,0.00000000000000000e+00,3.96077057090769946e+00,3.96077057090769946e+00,7.95225407802196527e-01,7.95225407802196527e-01,4.52780216600001495e+00,0,0,0,ok,aspect-only box strain; shear omitted for rectangular voro++ container
73,5073,256,8.39999999999999969e-01,compression_step,coupled,voro_radical,voro_radical_rebuilt,1,1,1.27106216441657649e-01,1.27106216441657704e-01,5.55111512312578270e-17,7.59893238382917113e-02,7.59893238382916558e-02,-5.55111512312578270e-17,1.23639624900606579e-01,1.23639624900606551e-01,-2.77555756156289135e-17,5.47966644875606312e-01,5.47966644875606312e-01,0.00000000000000000e+00,1.28184642521530890e+02,1.28184642521530890e+02,0.00000000000000000e+00,1.50849684154984454e-01,1.50849684154984454e-01,0.00000000000000000e+00,5.79331595646889963e-01,5.79331595646889963e-01,0.00000000000000000e+00,9.56591157995320619e-04,0.00000000000000000e+00,-9.56591157995320619e-04,6.26648392401829568e-03,0.00000000000000000e+00,-6.26648392401829568e-03,3.96077057090769946e+00,3.96077057090769946e+00,7.95225407802196527e-01,7.95225407802196527e-01,2.04540926900000386e+00,1,1,1,ok,local phi scan best endpoint
73,5073,256,8.39999999999999969e-01,free_ricci,sum_channel,voro_radical,voro_radical_fixed_topology,1,1,1.27106216441657649e-01,1.16317213887170215e-01,-1.07890025544874341e-02,7.59893238382917113e-02,7.39940173864948615e-12,-7.59893238308923108e-02,1.23639624900606579e-01,1.19136433462072075e-01,-4.50319143853450399e-03,5.47966644875606312e-01,4.97723286817166814e-11,-5.47966644825834015e-01,1.28184642521530890e+02,8.28672050606308361e-09,-1.28184642513244171e+02,1.50849684154984454e-01,2.31912734388008937e-10,-1.50849683923071715e-01,5.79331595646889963e-01,4.37438197594029110e-10,-5.79331595209451766e-01,9.56591157995320619e-04,3.96254497319548227e+00,3.96158838203748687e+00,6.26648392401829568e-03,4.35370508438209569e-01,4.29104024514191273e-01,3.96077057090769946e+00,6.79732142113190196e+00,7.95225407802196527e-01,9.09784353349562869e-01,2.11949647999972512e-01,1,1,1,ok,converged: max_abs_K < tol
73,5073,256,8.39999999999999969e-01,post_voro_surgery,topology,voro_radical,post_surgery_nonradical,1,1,1.27106216441657649e-01,1.38605314178167432e-01,1.14990977365097835e-02,7.59893238382917113e-02,6.50004272817582274e-02,-1.09888965565334840e-02,1.23639624900606579e-01,1.42375339372137755e-01,1.87357144715311758e-02,5.47966644875606312e-01,4.68926233769285994e-01,-7.90404111063203185e-02,1.28184642521530890e+02,7.20304300455501902e+01,-5.61542124759806995e+01,1.50849684154984454e-01,1.27824406952482317e-01,-2.30252772025021368e-02,5.79331595646889963e-01,3.54962738354859364e-01,-2.24368857292030599e-01,9.56591157995320619e-04,9.56591157995320619e-04,0.00000000000000000e+00,6.26648392401829568e-03,6.26648392401829568e-03,0.00000000000000000e+00,3.96077057090769946e+00,3.96077057090769946e+00,7.95225407802196527e-01,8.35175711249665609e-01,7.76128874930000165e+01,1,0,0,ok,light topology surgery; no longer radical
73,5073,256,8.39999999999999969e-01,radius_label_swap,sum_channel,voro_radical,voro_radical_rebuilt,1,1,1.27106216441657649e-01,1.27106284011292203e-01,6.75696345542320387e-08,7.59893238382917113e-02,7.59899297755837339e-02,6.05937292022518115e-07,1.23639624900606579e-01,1.23639719139048060e-01,9.42384414809316340e-08,5.47966644875606312e-01,5.47968396964541582e-01,1.75208893526956899e-06,1.28184642521530890e+02,1.28185013863582412e+02,3.71342051522560723e-04,1.50849684154984454e-01,1.50850110174258256e-01,4.26019273802591414e-07,5.79331595646889963e-01,5.79331977351425609e-01,3.81704535645788212e-07,9.56591157995320619e-04,9.55674663603124923e-04,-9.16494392195696395e-07,6.26648392401829568e-03,6.26648392401829568e-03,0.00000000000000000e+00,3.96077057090769946e+00,3.96077057090769946e+00,7.95225407802196527e-01,7.95222999365887029e-01,9.34443479099996921e+00,0,0,0,ok,radius labels permuted; distribution exactly preserved
73,5073,256,8.39999999999999969e-01,shape_descent,shape_channel,voro_radical,voro_radical_rebuilt,1,1,1.27106216441657649e-01,1.27091089320320316e-01,-1.51271213373327384e-05,7.59893238382917113e-02,7.59893238382916836e-02,-2.77555756156289135e-17,1.23639624900606579e-01,1.23659602661218226e-01,1.99777606116474660e-05,5.47966644875606312e-01,5.47966644875606312e-01,0.00000000000000000e+00,1.28184642521530890e+02,1.28184642521530890e+02,0.00000000000000000e+00,1.50849684154984454e-01,1.50849684154984454e-01,0.00000000000000000e+00,5.79331595646889963e-01,5.79331595646889963e-01,0.00000000000000000e+00,9.56591157995320619e-04,9.71382947456028256e-04,1.47917894607076366e-05,6.26648392401829568e-03,6.26648392401829568e-03,0.00000000000000000e+00,3.96077057090769946e+00,3.96077057090769946e+00,7.95225407802196527e-01,7.95225407802196527e-01,6.43227983100001666e+00,1,0,0,ok,stochastic coordinate shape descent
74,5074,256,8.39999999999999969e-01,bounded_ricci_du010,sum_channel,voro_radical,voro_radical_fixed_topology,1,1,1.13417386651481267e-01,1.08166472368612376e-01,-5.25091428286889039e-03,6.76831146486963769e-02,5.20721908400128344e-02,-1.56109238086835425e-02,1.10216159460557156e-01,1.08782272006242894e-01,-1.43388745431426157e-03,5.04777462849352765e-01,3.88895630276707260e-01,-1.15881832572645505e-01,1.12555042939449038e+02,7.63763951336875095e+01,-3.61786478057615284e+01,1.36897631483519494e-01,1.10887828944834677e-01,-2.60098025386848175e-02,5.50015671838289366e-01,4.39681348039088760e-01,-1.10334323799200607e-01,7.06143435736111965e-05,7.09521956878543525e-02,7.08815813442807419e-02,1.45567980606231551e-03,9.91719754719941893e-02,9.77162956659318738e-02,3.96077057090769946e+00,3.84509311531233156e+00,8.17767039598830014e-01,8.66170422347310898e-01,8.39732100000105675e-02,1,1,1,ok,relative_bounded_ricci
74,5074,256,8.39999999999999969e-01,box_shear_aspect,shape_channel,voro_radical,voro_radical_rebuilt,1,1,1.13417386651481267e-01,1.13417597446288876e-01,2.10794807609104851e-07,6.76831146486963769e-02,6.76831146486963492e-02,-2.77555756156289135e-17,1.10216159460557156e-01,1.10216345512295741e-01,1.86051738584880333e-07,5.04777462849352765e-01,5.04777462849352765e-01,0.00000000000000000e+00,1.12555042939449038e+02,1.12555042939449038e+02,0.00000000000000000e+00,1.36897631483519494e-01,1.36897631483519494e-01,0.00000000000000000e+00,5.50015671838289366e-01,5.50015671838289366e-01,0.00000000000000000e+00,7.06143435736111965e-05,7.05837304474744230e-05,-3.06131261367735249e-08,1.45567980606231551e-03,1.46167204667868589e-03,5.99224061637038119e-06,3.96077057090769946e+00,3.96077057090769946e+00,8.17767039598830014e-01,8.17767039598830014e-01,3.13510627699997713e+00,1,0,0,ok,aspect-only box strain; shear omitted for rectangular voro++ container
74,5074,256,8.39999999999999969e-01,compression_step,coupled,voro_radical,voro_radical_rebuilt,1,1,1.13417386651481267e-01,1.13417386651481419e-01,1.52655665885959024e-16,6.76831146486963769e-02,6.76831146486963769e-02,0.00000000000000000e+00,1.10216159460557156e-01,1.10216159460557170e-01,1.38777878078144568e-17,5.04777462849352765e-01,5.04777462849352765e-01,0.00000000000000000e+00,1.12555042939449038e+02,1.12555042939449038e+02,0.00000000000000000e+00,1.36897631483519494e-01,1.36897631483519494e-01,0.00000000000000000e+00,5.50015671838289366e-01,5.50015671838289366e-01,0.00000000000000000e+00,7.06143435736111965e-05,0.00000000000000000e+00,-7.06143435736111965e-05,1.45567980606231551e-03,0.00000000000000000e+00,-1.45567980606231551e-03,3.96077057090769946e+00,3.96077057090769946e+00,8.17767039598830014e-01,8.17767039598830014e-01,1.35735345500000903e+00,0,0,0,ok,local phi scan best endpoint
74,5074,256,8.39999999999999969e-01,free_ricci,sum_channel,voro_radical,voro_radical_fixed_topology,1,1,1.13417386651481267e-01,1.04334537933347404e-01,-9.08284871813386241e-03,6.76831146486963769e-02,6.63951961504507979e-12,-6.76831146420568547e-02,1.10216159460557156e-01,1.06992092306966644e-01,-3.22406715359051244e-03,5.04777462849352765e-01,4.70770779598372668e-11,-5.04777462802275645e-01,1.12555042939449038e+02,7.61482552867339007e-09,-1.12555042931834208e+02,1.36897631483519494e-01,2.16048918925861219e-10,-1.36897631267470565e-01,5.50015671838289366e-01,4.27716956996146287e-10,-5.50015671410572393e-01,7.06143435736111965e-05,3.17184094465366639e+00,3.17177033031009259e+00,1.45567980606231551e-03,5.34075342351296500e-01,5.32619662545234185e-01,3.96077057090769946e+00,4.80543990330655202e+00,8.17767039598830014e-01,9.19184717679018437e-01,1.13768088000028911e-01,1,1,1,ok,converged: max_abs_K < tol
74,5074,256,8.39999999999999969e-01,post_voro_surgery,topology,voro_radical,post_surgery_nonradical,1,1,1.13417386651481267e-01,1.31176791325673198e-01,1.77594046741919309e-02,6.76831146486963769e-02,6.14409119117998656e-02,-6.24220273689651134e-03,1.10216159460557156e-01,1.35804583885603597e-01,2.55884244250464410e-02,5.04777462849352765e-01,4.40270789390916184e-01,-6.45066734584365808e-02,1.12555042939449038e+02,6.49035337383489548e+01,-4.76515092011000831e+01,1.36897631483519494e-01,1.28464043410014245e-01,-8.43358807350524931e-03,5.50015671838289366e-01,2.97928989320270565e-01,-2.52086682518018801e-01,7.06143435736111965e-05,7.06143435736111965e-05,0.00000000000000000e+00,1.45567980606231551e-03,1.45567980606231551e-03,0.00000000000000000e+00,3.96077057090769946e+00,3.96077057090769946e+00,8.17767039598830014e-01,8.46530341868840575e-01,6.61280076360000066e+01,1,0,0,ok,light topology surgery; no longer radical
74,5074,256,8.39999999999999969e-01,radius_label_swap,sum_channel,voro_radical,voro_radical_rebuilt,1,1,1.13417386651481267e-01,1.13417386651481267e-01,0.00000000000000000e+00,6.76831146486963769e-02,6.76831146486963769e-02,0.00000000000000000e+00,1.10216159460557156e-01,1.10216159460557156e-01,0.00000000000000000e+00,5.04777462849352765e-01,5.04777462849352765e-01,0.00000000000000000e+00,1.12555042939449038e+02,1.12555042939449038e+02,0.00000000000000000e+00,1.36897631483519494e-01,1.36897631483519494e-01,0.00000000000000000e+00,5.50015671838289366e-01,5.50015671838289366e-01,0.00000000000000000e+00,7.06143435736111965e-05,7.06143435736111965e-05,0.00000000000000000e+00,1.45567980606231551e-03,1.45567980606231551e-03,0.00000000000000000e+00,3.96077057090769946e+00,3.96077057090769946e+00,8.17767039598830014e-01,8.17767039598830014e-01,9.21070043899999291e+00,0,0,0,ok,radius labels permuted; distribution exactly preserved
74,5074,256,8.39999999999999969e-01,shape_descent,shape_channel,voro_radical,voro_radical_rebuilt,1,1,1.13417386651481267e-01,1.13374411233328351e-01,-4.29754181529157231e-05,6.76831146486963769e-02,6.76831146486963631e-02,-1.38777878078144568e-17,1.10216159460557156e-01,1.10070340304841918e-01,-1.45819155715237736e-04,5.04777462849352765e-01,5.04777462849352765e-01,0.00000000000000000e+00,1.12555042939449038e+02,1.12555042939449038e+02,0.00000000000000000e+00,1.36897631483519494e-01,1.36897631483519494e-01,0.00000000000000000e+00,5.50015671838289366e-01,5.50015671838289366e-01,0.00000000000000000e+00,7.06143435736111965e-05,7.06143186240261824e-05,-2.49495850140803860e-11,1.45567980606231551e-03,1.45567980606231551e-03,0.00000000000000000e+00,3.96077057090769946e+00,3.96077057090769946e+00,8.17767039598830014e-01,8.17767039598830014e-01,4.42054464099999223e+00,1,1,1,ok,stochastic coordinate shape descent
75,5075,256,8.39999999999999969e-01,bounded_ricci_du010,sum_channel,voro_radical,voro_radical_fixed_topology,1,1,1.23487424465163295e-01,1.16387086261795947e-01,-7.10033820336734844e-03,7.84147492165974958e-02,5.44058385176939135e-02,-2.40089106989035822e-02,1.19546037175170594e-01,1.17530220632989929e-01,-2.01581654218066508e-03,5.63039976568113887e-01,3.89746022890874622e-01,-1.73293953677239265e-01,1.11459503157844850e+02,7.09243090633070494e+01,-4.05351940945378004e+01,1.50907134469397464e-01,1.12348029864060867e-01,-3.85591046053365971e-02,5.02229493220718859e-01,4.03063565962432147e-01,-9.91659272582867124e-02,1.39490295632559353e-03,1.94070520583988076e-01,1.92675617627662471e-01,7.22284720433830074e-03,1.80585783351105089e-01,1.73362936146766788e-01,3.96077057090769946e+00,3.84119055925796005e+00,7.98953553697237306e-01,8.73277918617597848e-01,2.30604357999993681e-01,1,1,1,ok,relative_bounded_ricci
75,5075,256,8.39999999999999969e-01,box_shear_aspect,shape_channel,voro_radical,voro_radical_rebuilt,1,1,1.23487424465163295e-01,1.23487424465163295e-01,0.00000000000000000e+00,7.84147492165974958e-02,7.84147492165974958e-02,0.00000000000000000e+00,1.19546037175170594e-01,1.19546037175170594e-01,0.00000000000000000e+00,5.63039976568113887e-01,5.63039976568113887e-01,0.00000000000000000e+00,1.11459503157844850e+02,1.11459503157844850e+02,0.00000000000000000e+00,1.50907134469397464e-01,1.50907134469397464e-01,0.00000000000000000e+00,5.02229493220718859e-01,5.02229493220718859e-01,0.00000000000000000e+00,1.39490295632559353e-03,1.39490295632559353e-03,0.00000000000000000e+00,7.22284720433830074e-03,7.22284720433830074e-03,0.00000000000000000e+00,3.96077057090769946e+00,3.96077057090769946e+00,7.98953553697237306e-01,7.98953553697237306e-01,4.25692421400003695e+00,0,0,0,ok,aspect-only box strain; shear omitted for rectangular voro++ container
75,5075,256,8.39999999999999969e-01,compression_step,coupled,voro_radical,voro_radical_rebuilt,1,1,1.23487424465163295e-01,1.23487424465163267e-01,-2.77555756156289135e-17,7.84147492165974958e-02,7.84147492165975235e-02,2.77555756156289135e-17,1.19546037175170594e-01,1.19546037175170553e-01,-4.16333634234433703e-17,5.63039976568113887e-01,5.63039976568113887e-01,0.00000000000000000e+00,1.11459503157844850e+02,1.11459503157844850e+02,0.00000000000000000e+00,1.50907134469397464e-01,1.50907134469397464e-01,0.00000000000000000e+00,5.02229493220718859e-01,5.02229493220718859e-01,0.00000000000000000e+00,1.39490295632559353e-03,0.00000000000000000e+00,-1.39490295632559353e-03,7.22284720433830074e-03,0.00000000000000000e+00,-7.22284720433830074e-03,3.96077057090769946e+00,3.96077057090769946e+00,7.98953553697237306e-01,7.98953553697237306e-01,1.78340693199999123e+00,0,1,0,ok,local phi scan best endpoint
75,5075,256,8.39999999999999969e-01,free_ricci,sum_channel,voro_radical,voro_radical_fixed_topology,1,1,1.23487424465163295e-01,1.12623893006275136e-01,-1.08635314588881593e-02,7.84147492165974958e-02,5.46956146186995011e-12,-7.84147492111279404e-02,1.19546037175170594e-01,1.15956412685474963e-01,-3.58962448969563086e-03,5.63039976568113887e-01,3.81990491082176306e-11,-5.63039976529914887e-01,1.11459503157844850e+02,6.44699108707514269e-09,-1.11459503151397854e+02,1.50907134469397464e-01,1.78221742972145970e-10,-1.50907134291175721e-01,5.02229493220718859e-01,3.49722225421183508e-10,-5.02229492870996608e-01,1.39490295632559353e-03,4.05179980167014619e+00,4.05040489871382103e+00,7.22284720433830074e-03,7.10538495581499063e-01,7.03315648377160763e-01,3.96077057090769946e+00,4.45828097475736040e+00,7.98953553697237306e-01,9.30115844882749343e-01,2.52999339999973927e-01,1,1,1,ok,converged: max_abs_K < tol
75,5075,256,8.39999999999999969e-01,post_voro_surgery,topology,voro_radical,post_surgery_nonradical,1,1,1.23487424465163295e-01,1.47759837612300909e-01,2.42724131471376142e-02,7.84147492165974958e-02,6.40858807177461798e-02,-1.43288684988513160e-02,1.19546037175170594e-01,1.55146527768013687e-01,3.56004905928430926e-02,5.63039976568113887e-01,4.71299086145110790e-01,-9.17408904230030964e-02,1.11459503157844850e+02,7.86445829301890171e+01,-3.28149202276558327e+01,1.50907134469397464e-01,1.32618874835215367e-01,-1.82882596341820969e-02,5.02229493220718859e-01,3.81822057538378223e-01,-1.20407435682340636e-01,1.39490295632559353e-03,1.39490295632559353e-03,0.00000000000000000e+00,7.22284720433830074e-03,7.22284720433830074e-03,0.00000000000000000e+00,3.96077057090769946e+00,3.96077057090769946e+00,7.98953553697237306e-01,8.32382880900101707e-01,6.82768465539999738e+01,1,0,0,ok,light topology surgery; no longer radical
75,5075,256,8.39999999999999969e-01,radius_label_swap,sum_channel,voro_radical,voro_radical_rebuilt,1,1,1.23487424465163295e-01,1.23487562692206912e-01,1.38227043616767631e-07,7.84147492165974958e-02,7.84149875072381597e-02,2.38290640663940678e-07,1.19546037175170594e-01,1.19545982859953048e-01,-5.43152175458416764e-08,5.63039976568113887e-01,5.63038877161869400e-01,-1.09940624448690016e-06,1.11459503157844850e+02,1.11459303421854429e+02,-1.99735990420890630e-04,1.50907134469397464e-01,1.50906868802845429e-01,-2.65666552035082049e-07,5.02229493220718859e-01,5.02229351262657553e-01,-1.41958061306013406e-07,1.39490295632559353e-03,1.39515430133669584e-03,2.51345011102310084e-07,7.22284720433830074e-03,7.22284720433830074e-03,0.00000000000000000e+00,3.96077057090769946e+00,3.96077057090769946e+00,7.98953553697237306e-01,7.98957273197938411e-01,8.82856658800000105e+00,0,1,0,ok,radius labels permuted; distribution exactly preserved
75,5075,256,8.39999999999999969e-01,shape_descent,shape_channel,voro_radical,voro_radical_rebuilt,1,1,1.23487424465163295e-01,1.23489803964610997e-01,2.37949944770221578e-06,7.84147492165974958e-02,7.84147492165974958e-02,0.00000000000000000e+00,1.19546037175170594e-01,1.19592219680134809e-01,4.61825049642150542e-05,5.63039976568113887e-01,5.63039976568113887e-01,0.00000000000000000e+00,1.11459503157844850e+02,1.11459503157844850e+02,0.00000000000000000e+00,1.50907134469397464e-01,1.50907134469397464e-01,0.00000000000000000e+00,5.02229493220718859e-01,5.02229493220718859e-01,0.00000000000000000e+00,1.39490295632559353e-03,1.43244081058910440e-03,3.75378542635108718e-05,7.22284720433830074e-03,7.22284720433830074e-03,0.00000000000000000e+00,3.96077057090769946e+00,3.96077057090769946e+00,7.98953553697237306e-01,7.98953553697237306e-01,6.40470139400002836e+00,0,0,0,ok,stochastic coordinate shape descent
76,5076,256,8.39999999999999969e-01,bounded_ricci_du010,sum_channel,voro_radical,voro_radical_fixed_topology,1,1,1.18113875853631159e-01,1.10936020827981360e-01,-7.17785502564979860e-03,7.49871499094369731e-02,5.38307649827888882e-02,-2.11563849266480850e-02,1.13077441190932354e-01,1.11493253396837494e-01,-1.58418779409486010e-03,5.31701447498813984e-01,3.79558329107839876e-01,-1.52143118390974108e-01,9.56340693189534363e+01,6.06471786717693107e+01,-3.49868906471841257e+01,1.41961509302756583e-01,1.07754753857973520e-01,-3.42067554447830630e-02,4.49430715233715694e-01,3.49352131596146143e-01,-1.00078583637569551e-01,6.61666572311751664e-05,1.36247345662550923e-01,1.36181179005319758e-01,1.49677824956251371e-03,1.17418005970229444e-01,1.15921227720666931e-01,3.96077057090769946e+00,4.03717292624729041e+00,8.08106507314452327e-01,8.72796791903104552e-01,1.16606847000014113e-01,1,1,1,ok,relative_bounded_ricci
76,5076,256,8.39999999999999969e-01,box_shear_aspect,shape_channel,voro_radical,voro_radical_rebuilt,1,1,1.18113875853631159e-01,1.18113875853631159e-01,0.00000000000000000e+00,7.49871499094369731e-02,7.49871499094369731e-02,0.00000000000000000e+00,1.13077441190932354e-01,1.13077441190932354e-01,0.00000000000000000e+00,5.31701447498813984e-01,5.31701447498813984e-01,0.00000000000000000e+00,9.56340693189534363e+01,9.56340693189534363e+01,0.00000000000000000e+00,1.41961509302756583e-01,1.41961509302756583e-01,0.00000000000000000e+00,4.49430715233715694e-01,4.49430715233715694e-01,0.00000000000000000e+00,6.61666572311751664e-05,6.61666572311751664e-05,0.00000000000000000e+00,1.49677824956251371e-03,1.49677824956251371e-03,0.00000000000000000e+00,3.96077057090769946e+00,3.96077057090769946e+00,8.08106507314452327e-01,8.08106507314452327e-01,3.74571417999999312e+00,0,0,0,ok,aspect-only box strain; shear omitted for rectangular voro++ container
76,5076,256,8.39999999999999969e-01,compression_step,coupled,voro_radical,voro_radical_rebuilt,1,1,1.18113875853631159e-01,1.18113875853631298e-01,1.38777878078144568e-16,7.49871499094369731e-02,7.49871499094369454e-02,-2.77555756156289135e-17,1.13077441190932354e-01,1.13077441190932382e-01,2.77555756156289135e-17,5.31701447498813984e-01,5.31701447498813984e-01,0.00000000000000000e+00,9.56340693189534363e+01,9.56340693189534363e+01,0.00000000000000000e+00,1.41961509302756583e-01,1.41961509302756583e-01,0.00000000000000000e+00,4.49430715233715694e-01,4.49430715233715694e-01,0.00000000000000000e+00,6.61666572311751664e-05,0.00000000000000000e+00,-6.61666572311751664e-05,1.49677824956251371e-03,0.00000000000000000e+00,-1.49677824956251371e-03,3.96077057090769946e+00,3.96077057090769946e+00,8.08106507314452327e-01,8.08106507314452327e-01,1.18039419699999826e+00,1,0,0,ok,local phi scan best endpoint
76,5076,256,8.39999999999999969e-01,free_ricci,sum_channel,voro_radical,voro_radical_fixed_topology,1,1,1.18113875853631159e-01,1.07216160992313694e-01,-1.08977148613174646e-02,7.49871499094369731e-02,6.51596743382763826e-12,-7.49871499029210048e-02,1.13077441190932354e-01,1.09993508319375974e-01,-3.08393287155638018e-03,5.31701447498813984e-01,4.62586118510329115e-11,-5.31701447452555320e-01,9.56340693189534363e+01,7.75741503990728516e-09,-9.56340693111960150e+01,1.41961509302756583e-01,2.15468280425178198e-10,-1.41961509087288301e-01,4.49430715233715694e-01,4.49082888472802145e-10,-4.49430714784632812e-01,6.61666572311751664e-05,3.54930126759844145e+00,3.54923510094121042e+00,1.49677824956251371e-03,4.81057011623917230e-01,4.79560233374354716e-01,3.96077057090769946e+00,5.11041826087750639e+00,8.08106507314452327e-01,9.27731181605109589e-01,1.13118812000038815e-01,1,1,1,ok,converged: max_abs_K < tol
76,5076,256,8.39999999999999969e-01,post_voro_surgery,topology,voro_radical,post_surgery_nonradical,1,1,1.18113875853631159e-01,1.36334715876019141e-01,1.82208400223879824e-02,7.49871499094369731e-02,6.51788027212716475e-02,-9.80834718816532558e-03,1.13077441190932354e-01,1.40131871535091934e-01,2.70544303441595801e-02,5.31701447498813984e-01,4.73360449927295590e-01,-5.83409975715183937e-02,9.56340693189534363e+01,6.87878413119285312e+01,-2.68462280070249051e+01,1.41961509302756583e-01,1.31472537676548235e-01,-1.04889716262083488e-02,4.49430715233715694e-01,3.15674758803024980e-01,-1.33755956430690714e-01,6.61666572311751664e-05,6.61666572311751664e-05,0.00000000000000000e+00,1.49677824956251371e-03,1.49677824956251371e-03,0.00000000000000000e+00,3.96077057090769946e+00,3.96077057090769946e+00,8.08106507314452327e-01,8.39528913230113694e-01,6.23411666050000122e+01,1,0,0,ok,light topology surgery; no longer radical
76,5076,256,8.39999999999999969e-01,radius_label_swap,sum_channel,voro_radical,voro_radical_rebuilt,1,1,1.18113875853631159e-01,1.18106691187454940e-01,-7.18466617621871251e-06,7.49871499094369731e-02,7.49839893605875468e-02,-3.16054884942629233e-06,1.13077441190932354e-01,1.13075829277162004e-01,-1.61191377034963779e-06,5.31701447498813984e-01,5.31678681376332118e-01,-2.27661224818653807e-05,9.56340693189534363e+01,9.56356100074850417e+01,1.54068853160538310e-03,1.41961509302756583e-01,1.41963840623881954e-01,2.33132112537060010e-06,4.49430715233715694e-01,4.49431294720361418e-01,5.79486645724269778e-07,6.61666572311751664e-05,6.58849744810349091e-05,-2.81682750140257315e-07,1.49677824956251371e-03,1.49677824956251371e-03,0.00000000000000000e+00,3.96077057090769946e+00,3.96077057090769946e+00,8.08106507314452327e-01,8.08106507314452327e-01,8.96310611999996354e+00,1,1,1,ok,radius labels permuted; distribution exactly preserved
76,5076,256,8.39999999999999969e-01,shape_descent,shape_channel,voro_radical,voro_radical_rebuilt,1,1,1.18113875853631159e-01,1.18118206012909066e-01,4.33015927790714183e-06,7.49871499094369731e-02,7.49871499094369731e-02,0.00000000000000000e+00,1.13077441190932354e-01,1.12982383062738681e-01,-9.50581281936729861e-05,5.31701447498813984e-01,5.31701447498813984e-01,0.00000000000000000e+00,9.56340693189534363e+01,9.56340693189534363e+01,0.00000000000000000e+00,1.41961509302756583e-01,1.41961509302756583e-01,0.00000000000000000e+00,4.49430715233715694e-01,4.49430715233715694e-01,0.00000000000000000e+00,6.61666572311751664e-05,6.61665505674582043e-05,-1.06663716962075543e-10,1.49677824956251371e-03,1.49677824956251371e-03,0.00000000000000000e+00,3.96077057090769946e+00,3.96077057090769946e+00,8.08106507314452327e-01,8.08106507314452327e-01,5.69052521100002195e+00,0,1,0,ok,stochastic coordinate shape descent
77,5077,256,8.39999999999999969e-01,bounded_ricci_du010,sum_channel,voro_radical,voro_radical_fixed_topology,1,1,1.28710047483077572e-01,1.22544125977458104e-01,-6.16592150561946772e-03,7.83280262737456462e-02,5.73654529087627985e-02,-2.09625733649828477e-02,1.25283201987082260e-01,1.23681766993690503e-01,-1.60143499339175654e-03,5.65300415280097224e-01,4.13545756168314127e-01,-1.51754659111783097e-01,1.22415674676709614e+02,8.54995014485396183e+01,-3.69161732281699955e+01,1.51334117305159416e-01,1.17393576000459743e-01,-3.39405413046996729e-02,5.52408990097888353e-01,4.71176919200689104e-01,-8.12320708971992489e-02,1.04544109719881761e-03,1.40104016147203692e-01,1.39058575050004879e-01,6.30095014300646739e-03,1.23266887573258099e-01,1.16965937430251632e-01,3.96077057090769946e+00,3.66444813800561286e+00,7.91213944556914628e-01,8.58244627371544166e-01,1.95654674999957479e-01,1,1,1,ok,relative_bounded_ricci
77,5077,256,8.39999999999999969e-01,box_shear_aspect,shape_channel,voro_radical,voro_radical_rebuilt,1,1,1.28710047483077572e-01,1.28710047483077572e-01,0.00000000000000000e+00,7.83280262737456462e-02,7.83280262737456462e-02,0.00000000000000000e+00,1.25283201987082260e-01,1.25283201987082260e-01,0.00000000000000000e+00,5.65300415280097224e-01,5.65300415280097224e-01,0.00000000000000000e+00,1.22415674676709614e+02,1.22415674676709614e+02,0.00000000000000000e+00,1.51334117305159416e-01,1.51334117305159416e-01,0.00000000000000000e+00,5.52408990097888353e-01,5.52408990097888353e-01,0.00000000000000000e+00,1.04544109719881761e-03,1.04544109719881761e-03,0.00000000000000000e+00,6.30095014300646739e-03,6.30095014300646739e-03,0.00000000000000000e+00,3.96077057090769946e+00,3.96077057090769946e+00,7.91213944556914628e-01,7.91213944556914628e-01,3.40791848399999253e+00,0,0,0,ok,aspect-only box strain; shear omitted for rectangular voro++ container
77,5077,256,8.39999999999999969e-01,compression_step,coupled,voro_radical,voro_radical_rebuilt,1,1,1.28710047483077572e-01,1.28710047483077655e-01,8.32667268468867405e-17,7.83280262737456462e-02,7.83280262737456739e-02,2.77555756156289135e-17,1.25283201987082260e-01,1.25283201987082288e-01,2.77555756156289135e-17,5.65300415280097224e-01,5.65300415280097224e-01,0.00000000000000000e+00,1.22415674676709614e+02,1.22415674676709614e+02,0.00000000000000000e+00,1.51334117305159416e-01,1.51334117305159416e-01,0.00000000000000000e+00,5.52408990097888353e-01,5.52408990097888353e-01,0.00000000000000000e+00,1.04544109719881761e-03,0.00000000000000000e+00,-1.04544109719881761e-03,6.30095014300646739e-03,0.00000000000000000e+00,-6.30095014300646739e-03,3.96077057090769946e+00,3.96077057090769946e+00,7.91213944556914628e-01,7.91213944556914628e-01,1.11918968499998073e+00,0,0,0,ok,local phi scan best endpoint
77,5077,256,8.39999999999999969e-01,free_ricci,sum_channel,voro_radical,voro_radical_fixed_topology,1,1,1.28710047483077572e-01,1.18948522454169203e-01,-9.76152502890836882e-03,7.83280262737456462e-02,5.73323247342658051e-12,-7.83280262680124129e-02,1.25283201987082260e-01,1.22223184348143735e-01,-3.06001763893852530e-03,5.65300415280097224e-01,4.11007886218220280e-11,-5.65300415238996434e-01,1.22415674676709614e+02,6.93698825751717247e-09,-1.22415674669772628e+02,1.51334117305159416e-01,1.90719731590207527e-10,-1.51334117114439698e-01,5.52408990097888353e-01,3.95956667989813178e-10,-5.52408989701931641e-01,1.04544109719881761e-03,3.74931566888328183e+00,3.74827022778608310e+00,6.30095014300646739e-03,4.79838881798525074e-01,4.73537931655518607e-01,3.96077057090769946e+00,4.17838581787523022e+00,7.91213944556914628e-01,9.27904921984611608e-01,2.58623263999993469e-01,1,1,1,ok,converged: max_abs_K < tol
77,5077,256,8.39999999999999969e-01,post_voro_surgery,topology,voro_radical,post_surgery_nonradical,1,1,1.28710047483077572e-01,1.41643512723886839e-01,1.29334652408092665e-02,7.83280262737456462e-02,6.65778420508540969e-02,-1.17501842228915493e-02,1.25283201987082260e-01,1.44792224278407045e-01,1.95090222913247846e-02,5.65300415280097224e-01,4.91611302961901864e-01,-7.36891123181953600e-02,1.22415674676709614e+02,7.91299096923867040e+01,-4.32857649843229098e+01,1.51334117305159416e-01,1.36031405667038779e-01,-1.53027116381206363e-02,5.52408990097888353e-01,3.70694407452132391e-01,-1.81714582645755962e-01,1.04544109719881761e-03,1.04544109719881761e-03,0.00000000000000000e+00,6.30095014300646739e-03,6.30095014300646739e-03,0.00000000000000000e+00,3.96077057090769946e+00,3.96077057090769946e+00,7.91213944556914628e-01,8.19231219808918776e-01,6.60803547090000052e+01,1,0,0,ok,light topology surgery; no longer radical
77,5077,256,8.39999999999999969e-01,radius_label_swap,sum_channel,voro_radical,voro_radical_rebuilt,1,1,1.28710047483077572e-01,1.28710047483077572e-01,0.00000000000000000e+00,7.83280262737456462e-02,7.83280262737456462e-02,0.00000000000000000e+00,1.25283201987082260e-01,1.25283201987082260e-01,0.00000000000000000e+00,5.65300415280097224e-01,5.65300415280097224e-01,0.00000000000000000e+00,1.22415674676709614e+02,1.22415674676709614e+02,0.00000000000000000e+00,1.51334117305159416e-01,1.51334117305159416e-01,0.00000000000000000e+00,5.52408990097888353e-01,5.52408990097888353e-01,0.00000000000000000e+00,1.04544109719881761e-03,1.04544109719881761e-03,0.00000000000000000e+00,6.30095014300646739e-03,6.30095014300646739e-03,0.00000000000000000e+00,3.96077057090769946e+00,3.96077057090769946e+00,7.91213944556914628e-01,7.91213944556914628e-01,6.44546428000001015e+00,0,0,0,ok,radius labels permuted; distribution exactly preserved
77,5077,256,8.39999999999999969e-01,shape_descent,shape_channel,voro_radical,voro_radical_rebuilt,1,1,1.28710047483077572e-01,1.28715004711803083e-01,4.95722872551063176e-06,7.83280262737456462e-02,7.83280262737456462e-02,0.00000000000000000e+00,1.25283201987082260e-01,1.25314506188265257e-01,3.13042011829967048e-05,5.65300415280097224e-01,5.65300415280097224e-01,0.00000000000000000e+00,1.22415674676709614e+02,1.22415674676709614e+02,0.00000000000000000e+00,1.51334117305159416e-01,1.51334117305159416e-01,0.00000000000000000e+00,5.52408990097888353e-01,5.52408990097888353e-01,0.00000000000000000e+00,1.04544109719881761e-03,1.06203896556500053e-03,1.65978683661829191e-05,6.30095014300646739e-03,6.30095014300646739e-03,0.00000000000000000e+00,3.96077057090769946e+00,3.96077057090769946e+00,7.91213944556914628e-01,7.91213944556914628e-01,6.36334633699999586e+00,0,0,0,ok,stochastic coordinate shape descent
78,5078,256,8.39999999999999969e-01,bounded_ricci_du010,sum_channel,voro_radical,voro_radical_fixed_topology,1,1,1.12230817428724747e-01,1.05451109878089963e-01,-6.77970755063478370e-03,7.24071986228738140e-02,5.07513783978569694e-02,-2.16558202250168447e-02,1.07984083282983062e-01,1.06385003068077869e-01,-1.59908021490519359e-03,5.15704531948674605e-01,3.59366311216602230e-01,-1.56338220732072375e-01,8.86021732967066953e+01,5.78770507162274868e+01,-3.07251225804792085e+01,1.32831716222543444e-01,9.91742610605407110e-02,-3.36574551620027335e-02,4.41106598010718720e-01,3.57473405399076627e-01,-8.36331926116420932e-02,7.56223596158246697e-06,1.39700705062096364e-01,1.39693142826134792e-01,6.81697373706491305e-04,1.31562893535102976e-01,1.30881196161396485e-01,3.96077057090769946e+00,3.95828316759477916e+00,8.20252032271927223e-01,8.79794844333739445e-01,1.52634728999998970e-01,1,1,1,ok,relative_bounded_ricci
78,5078,256,8.39999999999999969e-01,box_shear_aspect,shape_channel,voro_radical,voro_radical_rebuilt,1,1,1.12230817428724747e-01,1.12230817428724747e-01,0.00000000000000000e+00,7.24071986228738140e-02,7.24071986228738140e-02,0.00000000000000000e+00,1.07984083282983062e-01,1.07984083282983062e-01,0.00000000000000000e+00,5.15704531948674605e-01,5.15704531948674605e-01,0.00000000000000000e+00,8.86021732967066953e+01,8.86021732967066953e+01,0.00000000000000000e+00,1.32831716222543444e-01,1.32831716222543444e-01,0.00000000000000000e+00,4.41106598010718720e-01,4.41106598010718720e-01,0.00000000000000000e+00,7.56223596158246697e-06,7.56223596158246697e-06,0.00000000000000000e+00,6.81697373706491305e-04,6.81697373706491305e-04,0.00000000000000000e+00,3.96077057090769946e+00,3.96077057090769946e+00,8.20252032271927223e-01,8.20252032271927223e-01,4.03415846799998690e+00,0,0,0,ok,aspect-only box strain; shear omitted for rectangular voro++ container
78,5078,256,8.39999999999999969e-01,compression_step,coupled,voro_radical,voro_radical_rebuilt,1,1,1.12230817428724747e-01,1.12230817428724705e-01,-4.16333634234433703e-17,7.24071986228738140e-02,7.24071986228738695e-02,5.55111512312578270e-17,1.07984083282983062e-01,1.07984083282983076e-01,1.38777878078144568e-17,5.15704531948674605e-01,5.15704531948674605e-01,0.00000000000000000e+00,8.86021732967066953e+01,8.86021732967066953e+01,0.00000000000000000e+00,1.32831716222543444e-01,1.32831716222543444e-01,0.00000000000000000e+00,4.41106598010718720e-01,4.41106598010718720e-01,0.00000000000000000e+00,7.56223596158246697e-06,0.00000000000000000e+00,-7.56223596158246697e-06,6.81697373706491305e-04,0.00000000000000000e+00,-6.81697373706491305e-04,3.96077057090769946e+00,3.96077057090769946e+00,8.20252032271927223e-01,8.20252032271927223e-01,1.25803010500004575e+00,0,0,0,ok,local phi scan best endpoint
78,5078,256,8.39999999999999969e-01,free_ricci,sum_channel,voro_radical,voro_radical_fixed_topology,1,1,1.12230817428724747e-01,1.02051616674924003e-01,-1.01792007538007434e-02,7.24071986228738140e-02,7.21000680070021249e-12,-7.24071986156638037e-02,1.07984083282983062e-01,1.04435152470472595e-01,-3.54893081251046738e-03,5.15704531948674605e-01,4.93522033990310629e-11,-5.15704531899322416e-01,8.86021732967066953e+01,8.13696585239263170e-09,-8.86021732885697304e+01,1.32831716222543444e-01,2.29562440586190504e-10,-1.32831715992980992e-01,4.41106598010718720e-01,4.47047773301046746e-10,-4.41106597563670932e-01,7.56223596158246697e-06,3.22035393282452631e+00,3.22034637058856488e+00,6.81697373706491305e-04,4.87036054350368453e-01,4.86354356976661961e-01,3.96077057090769946e+00,4.75567439656968016e+00,8.20252032271927223e-01,9.21345736581596797e-01,1.46555726000030973e-01,1,1,1,ok,converged: max_abs_K < tol
78,5078,256,8.39999999999999969e-01,post_voro_surgery,topology,voro_radical,post_surgery_nonradical,1,1,1.12230817428724747e-01,1.37557889711328124e-01,2.53270722826033773e-02,7.24071986228738140e-02,6.35975995174156289e-02,-8.80959910545818514e-03,1.07984083282983062e-01,1.44050416175143414e-01,3.60663328921603521e-02,5.15704531948674605e-01,4.55471932063607921e-01,-6.02325998850666844e-02,8.86021732967066953e+01,6.81751620384785184e+01,-2.04270112582281769e+01,1.32831716222543444e-01,1.28013537011603812e-01,-4.81817921093963264e-03,4.41106598010718720e-01,3.25769111891565544e-01,-1.15337486119153176e-01,7.56223596158246697e-06,7.56223596158246697e-06,0.00000000000000000e+00,6.81697373706491305e-04,6.81697373706491305e-04,0.00000000000000000e+00,3.96077057090769946e+00,3.96077057090769946e+00,8.20252032271927223e-01,8.46501181913760892e-01,5.03138101600000027e+01,1,0,0,ok,light topology surgery; no longer radical
78,5078,256,8.39999999999999969e-01,radius_label_swap,sum_channel,voro_radical,voro_radical_rebuilt,1,1,1.12230817428724747e-01,1.12230817428724747e-01,0.00000000000000000e+00,7.24071986228738140e-02,7.24071986228738140e-02,0.00000000000000000e+00,1.07984083282983062e-01,1.07984083282983062e-01,0.00000000000000000e+00,5.15704531948674605e-01,5.15704531948674605e-01,0.00000000000000000e+00,8.86021732967066953e+01,8.86021732967066953e+01,0.00000000000000000e+00,1.32831716222543444e-01,1.32831716222543444e-01,0.00000000000000000e+00,4.41106598010718720e-01,4.41106598010718720e-01,0.00000000000000000e+00,7.56223596158246697e-06,7.56223596158246697e-06,0.00000000000000000e+00,6.81697373706491305e-04,6.81697373706491305e-04,0.00000000000000000e+00,3.96077057090769946e+00,3.96077057090769946e+00,8.20252032271927223e-01,8.20252032271927223e-01,8.48139914400002226e+00,0,0,0,ok,radius labels permuted; distribution exactly preserved
78,5078,256,8.39999999999999969e-01,shape_descent,shape_channel,voro_radical,voro_radical_rebuilt,1,1,1.12230817428724747e-01,1.12227266170403017e-01,-3.55125832172953348e-06,7.24071986228738140e-02,7.24071986228738140e-02,0.00000000000000000e+00,1.07984083282983062e-01,1.07927516809474794e-01,-5.65664735082682668e-05,5.15704531948674605e-01,5.15704531948674605e-01,0.00000000000000000e+00,8.86021732967066953e+01,8.86021732967066953e+01,0.00000000000000000e+00,1.32831716222543444e-01,1.32831716222543444e-01,0.00000000000000000e+00,4.41106598010718720e-01,4.41106598010718720e-01,0.00000000000000000e+00,7.56223596158246697e-06,7.57351717370956536e-06,1.12812121270983873e-08,6.81697373706491305e-04,6.81697373706491305e-04,0.00000000000000000e+00,3.96077057090769946e+00,3.96077057090769946e+00,8.20252032271927223e-01,8.20252032271927223e-01,6.06738195500003030e+00,0,1,0,ok,stochastic coordinate shape descent
79,5079,256,8.39999999999999969e-01,bounded_ricci_du010,sum_channel,voro_radical,voro_radical_fixed_topology,1,1,1.19857030696088260e-01,1.13349054488350184e-01,-6.50797620773807539e-03,7.83159319077782745e-02,5.67977907820279015e-02,-2.15181411257503730e-02,1.17251655764132934e-01,1.15169718130183965e-01,-2.08193763394896869e-03,5.72411263405254944e-01,4.14225953106704126e-01,-1.58185310298550819e-01,1.10334295596530907e+02,7.17801837408262742e+01,-3.85541118557046332e+01,1.51562432344542503e-01,1.15337436218018383e-01,-3.62249961265241199e-02,4.94384791480972585e-01,3.99017143392734863e-01,-9.53676480882377220e-02,1.19890364246827831e-03,1.63653390492335127e-01,1.62454486849866853e-01,6.35563326020172070e-03,1.28422278225987840e-01,1.22066644965786120e-01,3.96077057090769946e+00,3.66624008225143427e+00,7.85385597388432277e-01,8.57785703813615075e-01,1.10572707000017090e-01,1,1,1,ok,relative_bounded_ricci
79,5079,256,8.39999999999999969e-01,box_shear_aspect,shape_channel,voro_radical,voro_radical_rebuilt,1,1,1.19857030696088260e-01,1.19857030696088260e-01,0.00000000000000000e+00,7.83159319077782745e-02,7.83159319077782745e-02,0.00000000000000000e+00,1.17251655764132934e-01,1.17251655764132934e-01,0.00000000000000000e+00,5.72411263405254944e-01,5.72411263405254944e-01,0.00000000000000000e+00,1.10334295596530907e+02,1.10334295596530907e+02,0.00000000000000000e+00,1.51562432344542503e-01,1.51562432344542503e-01,0.00000000000000000e+00,4.94384791480972585e-01,4.94384791480972585e-01,0.00000000000000000e+00,1.19890364246827831e-03,1.19890364246827831e-03,0.00000000000000000e+00,6.35563326020172070e-03,6.35563326020172070e-03,0.00000000000000000e+00,3.96077057090769946e+00,3.96077057090769946e+00,7.85385597388432277e-01,7.85385597388432277e-01,2.89489316800001006e+00,0,0,0,ok,aspect-only box strain; shear omitted for rectangular voro++ container
79,5079,256,8.39999999999999969e-01,compression_step,coupled,voro_radical,voro_radical_rebuilt,1,1,1.19857030696088260e-01,1.19857030696088218e-01,-4.16333634234433703e-17,7.83159319077782745e-02,7.83159319077783023e-02,2.77555756156289135e-17,1.17251655764132934e-01,1.17251655764132934e-01,0.00000000000000000e+00,5.72411263405254944e-01,5.72411263405254944e-01,0.00000000000000000e+00,1.10334295596530907e+02,1.10334295596530907e+02,0.00000000000000000e+00,1.51562432344542503e-01,1.51562432344542503e-01,0.00000000000000000e+00,4.94384791480972585e-01,4.94384791480972585e-01,0.00000000000000000e+00,1.19890364246827831e-03,0.00000000000000000e+00,-1.19890364246827831e-03,6.35563326020172070e-03,0.00000000000000000e+00,-6.35563326020172070e-03,3.96077057090769946e+00,3.96077057090769946e+00,7.85385597388432277e-01,7.85385597388432277e-01,1.21802864400001454e+00,0,0,0,ok,local phi scan best endpoint
79,5079,256,8.39999999999999969e-01,free_ricci,sum_channel,voro_radical,voro_radical_fixed_topology,1,1,1.19857030696088260e-01,1.09269688503454587e-01,-1.05873421926336725e-02,7.83159319077782745e-02,7.16262889360224982e-12,-7.83159319006156429e-02,1.17251655764132934e-01,1.12428590264635531e-01,-4.82306549949740315e-03,5.72411263405254944e-01,4.98549897764655929e-11,-5.72411263355399935e-01,1.10334295596530907e+02,7.71159088263553519e-09,-1.10334295588819316e+02,1.51562432344542503e-01,2.26593763666108563e-10,-1.51562432117948731e-01,4.94384791480972585e-01,4.38670788813830187e-10,-4.94384791042301819e-01,1.19890364246827831e-03,4.37236726492974359e+00,4.37116836128727559e+00,6.35563326020172070e-03,6.15932705920561263e-01,6.09577072660359542e-01,3.96077057090769946e+00,4.82417574663999282e+00,7.85385597388432277e-01,9.29112855213110822e-01,9.75068970000165791e-02,1,1,1,ok,converged: max_abs_K < tol
79,5079,256,8.39999999999999969e-01,post_voro_surgery,topology,voro_radical,post_surgery_nonradical,1,1,1.19857030696088260e-01,1.35883367466606314e-01,1.60263367705180543e-02,7.83159319077782745e-02,6.64951937197950788e-02,-1.18207381879831958e-02,1.17251655764132934e-01,1.42823709073827437e-01,2.55720533096945035e-02,5.72411263405254944e-01,4.80618592040337411e-01,-9.17926713649175330e-02,1.10334295596530907e+02,7.44276784558305167e+01,-3.59066171407003907e+01,1.51562432344542503e-01,1.30367641352197361e-01,-2.11947909923451416e-02,4.94384791480972585e-01,3.62309470749503704e-01,-1.32075320731468882e-01,1.19890364246827831e-03,1.19890364246827831e-03,0.00000000000000000e+00,6.35563326020172070e-03,6.35563326020172070e-03,0.00000000000000000e+00,3.96077057090769946e+00,3.96077057090769946e+00,7.85385597388432277e-01,8.39799802611788548e-01,5.52209072699999979e+01,1,0,0,ok,light topology surgery; no longer radical
79,5079,256,8.39999999999999969e-01,radius_label_swap,sum_channel,voro_radical,voro_radical_rebuilt,1,1,1.19857030696088260e-01,1.19857030696088260e-01,0.00000000000000000e+00,7.83159319077782745e-02,7.83159319077782745e-02,0.00000000000000000e+00,1.17251655764132934e-01,1.17251655764132934e-01,0.00000000000000000e+00,5.72411263405254944e-01,5.72411263405254944e-01,0.00000000000000000e+00,1.10334295596530907e+02,1.10334295596530907e+02,0.00000000000000000e+00,1.51562432344542503e-01,1.51562432344542503e-01,0.00000000000000000e+00,4.94384791480972585e-01,4.94384791480972585e-01,0.00000000000000000e+00,1.19890364246827831e-03,1.19890364246827831e-03,0.00000000000000000e+00,6.35563326020172070e-03,6.35563326020172070e-03,0.00000000000000000e+00,3.96077057090769946e+00,3.96077057090769946e+00,7.85385597388432277e-01,7.85385597388432277e-01,6.60111539199999697e+00,0,0,0,ok,radius labels permuted; distribution exactly preserved
79,5079,256,8.39999999999999969e-01,shape_descent,shape_channel,voro_radical,voro_radical_rebuilt,1,1,1.19857030696088260e-01,1.19857426401776782e-01,3.95705688521763577e-07,7.83159319077782745e-02,7.83159319077782745e-02,0.00000000000000000e+00,1.17251655764132934e-01,1.17313039176714901e-01,6.13834125819667786e-05,5.72411263405254944e-01,5.72411263405254944e-01,0.00000000000000000e+00,1.10334295596530907e+02,1.10334295596530907e+02,0.00000000000000000e+00,1.51562432344542503e-01,1.51562432344542503e-01,0.00000000000000000e+00,4.94384791480972585e-01,4.94384791480972585e-01,0.00000000000000000e+00,1.19890364246827831e-03,1.24172261394735889e-03,4.28189714790805798e-05,6.35563326020172070e-03,6.35563326020172070e-03,0.00000000000000000e+00,3.96077057090769946e+00,3.96077057090769946e+00,7.85385597388432277e-01,7.85385597388432277e-01,4.29483981800001402e+00,0,0,0,ok,stochastic coordinate shape descent
80,5080,256,8.39999999999999969e-01,bounded_ricci_du010,sum_channel,voro_radical,voro_radical_fixed_topology,1,1,1.19173313722118646e-01,1.12736612686243451e-01,-6.43670103587519471e-03,7.56784849505218599e-02,5.29241454170359671e-02,-2.27543395334858928e-02,1.18179631892483053e-01,1.16448997525369399e-01,-1.73063436711365370e-03,5.38356921354234408e-01,3.75562218333358067e-01,-1.62794703020876341e-01,9.47375652658291045e+01,6.10180531130803274e+01,-3.37195121527487771e+01,1.44846300211023266e-01,1.08189632266083996e-01,-3.66566679449392696e-02,4.34337591791586208e-01,3.51081492089866665e-01,-8.32560997017195437e-02,1.60909220218777185e-03,1.55377715285289597e-01,1.53768623083101824e-01,7.14790730676684305e-03,1.44211017574833456e-01,1.37063110268066612e-01,3.96077057090769946e+00,4.04961210067584432e+00,7.82153331787162953e-01,8.52764073781457910e-01,1.78489576999993460e-01,1,1,1,ok,relative_bounded_ricci
80,5080,256,8.39999999999999969e-01,box_shear_aspect,shape_channel,voro_radical,voro_radical_rebuilt,1,1,1.19173313722118646e-01,1.19173279300301249e-01,-3.44218173964350171e-08,7.56784849505218599e-02,7.56784849505218182e-02,-4.16333634234433703e-17,1.18179631892483053e-01,1.18179641888710552e-01,9.99622749853212866e-09,5.38356921354234408e-01,5.38356921354234408e-01,0.00000000000000000e+00,9.47375652658291045e+01,9.47375652658291045e+01,0.00000000000000000e+00,1.44846300211023266e-01,1.44846300211023266e-01,0.00000000000000000e+00,4.34337591791586208e-01,4.34337591791586208e-01,0.00000000000000000e+00,1.60909220218777185e-03,1.60902595695602943e-03,-6.62452317424198911e-08,7.14790730676684305e-03,7.14436259835027343e-03,-3.54470841656961966e-06,3.96077057090769946e+00,3.96077057090769946e+00,7.82153331787162953e-01,7.82153331787162953e-01,3.34115521500001478e+00,1,0,0,ok,aspect-only box strain; shear omitted for rectangular voro++ container
80,5080,256,8.39999999999999969e-01,compression_step,coupled,voro_radical,voro_radical_rebuilt,1,1,1.19173313722118646e-01,1.19173313722118743e-01,9.71445146547011973e-17,7.56784849505218599e-02,7.56784849505218321e-02,-2.77555756156289135e-17,1.18179631892483053e-01,1.18179631892483039e-01,-1.38777878078144568e-17,5.38356921354234408e-01,5.38356921354234408e-01,0.00000000000000000e+00,9.47375652658291045e+01,9.47375652658291045e+01,0.00000000000000000e+00,1.44846300211023266e-01,1.44846300211023266e-01,0.00000000000000000e+00,4.34337591791586208e-01,4.34337591791586208e-01,0.00000000000000000e+00,1.60909220218777185e-03,0.00000000000000000e+00,-1.60909220218777185e-03,7.14790730676684305e-03,0.00000000000000000e+00,-7.14790730676684305e-03,3.96077057090769946e+00,3.96077057090769946e+00,7.82153331787162953e-01,7.82153331787162953e-01,1.30965485400002990e+00,1,1,1,ok,local phi scan best endpoint
80,5080,256,8.39999999999999969e-01,free_ricci,sum_channel,voro_radical,voro_radical_fixed_topology,1,1,1.19173313722118646e-01,1.12413279549670175e-01,-6.76003417244847027e-03,7.56784849505218599e-02,7.52810486181943532e-12,-7.56784849429937567e-02,1.18179631892483053e-01,1.15367867997036799e-01,-2.81176389544625371e-03,5.38356921354234408e-01,5.12499441433852685e-11,-5.38356921302984515e-01,9.47375652658291045e+01,8.38906362232394736e-09,-9.47375652574400391e+01,1.44846300211023266e-01,2.38599720169977062e-10,-1.44846299972423542e-01,4.34337591791586208e-01,4.44874591786151890e-10,-4.34337591346711627e-01,1.60909220218777185e-03,3.69558544360293517e+00,3.69397635140074732e+00,7.14790730676684305e-03,5.41326297277686219e-01,5.34178389970919376e-01,3.96077057090769946e+00,5.06426740184942759e+00,7.82153331787162953e-01,9.15082546107810924e-01,2.36289981999959764e-01,1,1,1,ok,converged: max_abs_K < tol
80,5080,256,8.39999999999999969e-01,post_voro_surgery,topology,voro_radical,post_surgery_nonradical,1,1,1.19173313722118646e-01,1.43078335928045114e-01,2.39050222059264683e-02,7.56784849505218599e-02,6.64836652286745627e-02,-9.19481972184729712e-03,1.18179631892483053e-01,1.50879994629505632e-01,3.27003627370225786e-02,5.38356921354234408e-01,4.77251015821420044e-01,-6.11059055328143641e-02,9.47375652658291045e+01,7.88037616425492189e+01,-1.59338036232798856e+01,1.44846300211023266e-01,1.34509532728985998e-01,-1.03367674820372679e-02,4.34337591791586208e-01,3.75096417431813378e-01,-5.92411743597728302e-02,1.60909220218777185e-03,1.60909220218777185e-03,0.00000000000000000e+00,7.14790730676684305e-03,7.14790730676684305e-03,0.00000000000000000e+00,3.96077057090769946e+00,3.96077057090769946e+00,7.82153331787162953e-01,8.12434048619998239e-01,6.78952023790000112e+01,1,0,0,ok,light topology surgery; no longer radical
80,5080,256,8.39999999999999969e-01,radius_label_swap,sum_channel,voro_radical,voro_radical_rebuilt,1,1,1.19173313722118646e-01,1.19120231891490735e-01,-5.30818306279101648e-05,7.56784849505218599e-02,7.56186124057936920e-02,-5.98725447281678314e-05,1.18179631892483053e-01,1.18158735397762324e-01,-2.08964947207290752e-05,5.38356921354234408e-01,5.37898172168078559e-01,-4.58749186155849031e-04,9.47375652658291045e+01,9.46171604061288178e+01,-1.20404859700286693e-01,1.44846300211023266e-01,1.44662348037903649e-01,-1.83952173119616980e-04,4.34337591791586208e-01,4.34328423329699453e-01,-9.16846188675490836e-06,1.60909220218777185e-03,1.61921424960937213e-03,1.01220474216002793e-05,7.14790730676684305e-03,7.14790730676684305e-03,0.00000000000000000e+00,3.96077057090769946e+00,3.96077057090769946e+00,7.82153331787162953e-01,7.82342067354908410e-01,8.65969187600001078e+00,1,1,1,ok,radius labels permuted; distribution exactly preserved
80,5080,256,8.39999999999999969e-01,shape_descent,shape_channel,voro_radical,voro_radical_rebuilt,1,1,1.19173313722118646e-01,1.19123032685655508e-01,-5.02810364631373075e-05,7.56784849505218599e-02,7.56784849505218321e-02,-2.77555756156289135e-17,1.18179631892483053e-01,1.18015325737458224e-01,-1.64306155024829259e-04,5.38356921354234408e-01,5.38356921354234408e-01,0.00000000000000000e+00,9.47375652658291045e+01,9.47375652658291045e+01,0.00000000000000000e+00,1.44846300211023266e-01,1.44846300211023266e-01,0.00000000000000000e+00,4.34337591791586208e-01,4.34337591791586208e-01,0.00000000000000000e+00,1.60909220218777185e-03,1.65808108763547510e-03,4.89888854477032488e-05,7.14790730676684305e-03,7.14790730676684305e-03,0.00000000000000000e+00,3.96077057090769946e+00,3.96077057090769946e+00,7.82153331787162953e-01,7.82153331787162953e-01,5.89758079300003146e+00,1,1,1,ok,stochastic coordinate shape descent
81,5081,256,8.39999999999999969e-01,bounded_ricci_du010,sum_channel,voro_radical,voro_radical_fixed_topology,1,1,1.20262301200370444e-01,1.15872103696620599e-01,-4.39019750374984585e-03,6.94327039664318496e-02,5.21958772775272806e-02,-1.72368266889045690e-02,1.19711425679906128e-01,1.18550969275559567e-01,-1.16045640434656039e-03,5.05692291897131163e-01,3.76627439403714404e-01,-1.29064852493416760e-01,9.58185542156642782e+01,6.81897972993389487e+01,-2.76287569163253295e+01,1.38493663499147657e-01,1.10607349454883944e-01,-2.78863140442637131e-02,4.61873296206234851e-01,3.90405166126501557e-01,-7.14681300797332941e-02,5.10243935535503490e-06,1.14390477173994143e-01,1.14385374734638792e-01,5.14876444214440454e-04,1.01234975172171282e-01,1.00720098727956842e-01,3.96077057090769946e+00,4.02145693319742215e+00,8.24260047408048035e-01,8.75023750166462500e-01,9.27398700000026111e-02,1,1,1,ok,relative_bounded_ricci
81,5081,256,8.39999999999999969e-01,box_shear_aspect,shape_channel,voro_radical,voro_radical_rebuilt,1,1,1.20262301200370444e-01,1.20262301200370444e-01,0.00000000000000000e+00,6.94327039664318496e-02,6.94327039664318496e-02,0.00000000000000000e+00,1.19711425679906128e-01,1.19711425679906128e-01,0.00000000000000000e+00,5.05692291897131163e-01,5.05692291897131163e-01,0.00000000000000000e+00,9.58185542156642782e+01,9.58185542156642782e+01,0.00000000000000000e+00,1.38493663499147657e-01,1.38493663499147657e-01,0.00000000000000000e+00,4.61873296206234851e-01,4.61873296206234851e-01,0.00000000000000000e+00,5.10243935535503490e-06,5.10243935535503490e-06,0.00000000000000000e+00,5.14876444214440454e-04,5.14876444214440454e-04,0.00000000000000000e+00,3.96077057090769946e+00,3.96077057090769946e+00,8.24260047408048035e-01,8.24260047408048035e-01,4.19756842499998584e+00,0,0,0,ok,aspect-only box strain; shear omitted for rectangular voro++ container
81,5081,256,8.39999999999999969e-01,compression_step,coupled,voro_radical,voro_radical_rebuilt,1,1,1.20262301200370444e-01,1.20261694741783012e-01,-6.06458587432134877e-07,6.94327039664318496e-02,6.94327039664318219e-02,-2.77555756156289135e-17,1.19711425679906128e-01,1.19710724173200486e-01,-7.01506705641508077e-07,5.05692291897131163e-01,5.05692291897131163e-01,0.00000000000000000e+00,9.58185542156642782e+01,9.58185542156642782e+01,0.00000000000000000e+00,1.38493663499147657e-01,1.38493663499147657e-01,0.00000000000000000e+00,4.61873296206234851e-01,4.61873296206234851e-01,0.00000000000000000e+00,5.10243935535503490e-06,5.07532894916056040e-06,-2.71104061944745027e-08,5.14876444214440454e-04,5.13643211043302017e-04,-1.23323317113843700e-06,3.96077057090769946e+00,3.96077057090769946e+00,8.24260047408048035e-01,8.24260047408048035e-01,1.10736988399997927e+00,1,1,1,ok,local phi scan best endpoint
81,5081,256,8.39999999999999969e-01,free_ricci,sum_channel,voro_radical,voro_radical_fixed_topology,1,1,1.20262301200370444e-01,1.13362496085326225e-01,-6.89980511504421912e-03,6.94327039664318496e-02,6.92687929171849517e-12,-6.94327039595049739e-02,1.19711425679906128e-01,1.16585746684541774e-01,-3.12567899536435323e-03,5.05692291897131163e-01,4.90755961835825110e-11,-5.05692291848055531e-01,9.58185542156642782e+01,8.74515869789748806e-09,-9.58185542069191172e+01,1.38493663499147657e-01,2.32783734679271691e-10,-1.38493663266363920e-01,4.61873296206234851e-01,4.65054594781126416e-10,-4.61873295741180245e-01,5.10243935535503490e-06,3.41623781486428602e+00,3.41623271242493054e+00,5.14876444214440454e-04,4.66818353503207772e-01,4.66303477058993332e-01,3.96077057090769946e+00,4.93926549669668713e+00,8.24260047408048035e-01,9.13207884177027474e-01,1.18014146000007258e-01,1,1,1,ok,converged: max_abs_K < tol
81,5081,256,8.39999999999999969e-01,post_voro_surgery,topology,voro_radical,post_surgery_nonradical,1,1,1.20262301200370444e-01,1.41598496409898494e-01,2.13361952095280499e-02,6.94327039664318496e-02,6.75778350850591986e-02,-1.85486888137265105e-03,1.19711425679906128e-01,1.49624387556448690e-01,2.99129618765425626e-02,5.05692291897131163e-01,4.84776194459956511e-01,-2.09160974371746522e-02,9.58185542156642782e+01,7.27752136635728561e+01,-2.30433405520914221e+01,1.38493663499147657e-01,1.31808168705924489e-01,-6.68549479322316786e-03,4.61873296206234851e-01,3.44316578095882564e-01,-1.17556718110352287e-01,5.10243935535503490e-06,5.10243935535503490e-06,0.00000000000000000e+00,5.14876444214440454e-04,5.14876444214440454e-04,0.00000000000000000e+00,3.96077057090769946e+00,3.96077057090769946e+00,8.24260047408048035e-01,8.37281754146592783e-01,6.87994018459999666e+01,1,0,0,ok,light topology surgery; no longer radical
81,5081,256,8.39999999999999969e-01,radius_label_swap,sum_channel,voro_radical,voro_radical_rebuilt,1,1,1.20262301200370444e-01,1.20246187725226550e-01,-1.61134751438946067e-05,6.94327039664318496e-02,6.94152202809891344e-02,-1.74836854427151689e-05,1.19711425679906128e-01,1.19709437747643643e-01,-1.98793226248439314e-06,5.05692291897131163e-01,5.05468958353214370e-01,-2.23333543916792721e-04,9.58185542156642782e+01,9.58055307356112849e+01,-1.30234800529933636e-02,1.38493663499147657e-01,1.38471458250824131e-01,-2.22052483235257725e-05,4.61873296206234851e-01,4.61874547791314760e-01,1.25158507990885681e-06,5.10243935535503490e-06,5.02220912940991264e-06,-8.02302259451222676e-08,5.14876444214440454e-04,5.14876444214440454e-04,0.00000000000000000e+00,3.96077057090769946e+00,3.96077057090769946e+00,8.24260047408048035e-01,8.24362901660440017e-01,6.21588457799998650e+00,1,1,1,ok,radius labels permuted; distribution exactly preserved
81,5081,256,8.39999999999999969e-01,shape_descent,shape_channel,voro_radical,voro_radical_rebuilt,1,1,1.20262301200370444e-01,1.20277395343325322e-01,1.50941429548773209e-05,6.94327039664318496e-02,6.94327039664318496e-02,0.00000000000000000e+00,1.19711425679906128e-01,1.19668882959021200e-01,-4.25427208849277205e-05,5.05692291897131163e-01,5.05692291897131163e-01,0.00000000000000000e+00,9.58185542156642782e+01,9.58185542156642782e+01,0.00000000000000000e+00,1.38493663499147657e-01,1.38493663499147657e-01,0.00000000000000000e+00,4.61873296206234851e-01,4.61873296206234851e-01,0.00000000000000000e+00,5.10243935535503490e-06,5.10243935535503490e-06,0.00000000000000000e+00,5.14876444214440454e-04,5.14876444214440454e-04,0.00000000000000000e+00,3.96077057090769946e+00,3.96077057090769946e+00,8.24260047408048035e-01,8.24260047408048035e-01,7.45412714100001494e+00,0,1,0,ok,stochastic coordinate shape descent
82,5082,256,8.39999999999999969e-01,bounded_ricci_du010,sum_channel,voro_radical,voro_radical_fixed_topology,1,1,1.19977640378253689e-01,1.13738717741482545e-01,-6.23892263677114367e-03,7.37820859685613950e-02,5.56755682868025348e-02,-1.81065176817588602e-02,1.17717331785895676e-01,1.15985356768577158e-01,-1.73197501731851833e-03,5.31339160221176665e-01,3.98135812366394337e-01,-1.33203347854782328e-01,1.00896069213041443e+02,6.68468642249552119e+01,-3.40492049880862311e+01,1.49876673348605743e-01,1.19899889137374427e-01,-2.99767842112313165e-02,4.49875668117274197e-01,3.49392382496479692e-01,-1.00483285620794505e-01,2.61259475240179092e-04,1.50389153506580775e-01,1.50127894031340609e-01,2.95058339345422027e-03,1.11497521225477403e-01,1.08546937832023183e-01,3.96077057090769946e+00,4.20031118663676484e+00,8.23822333719000044e-01,8.78114059630078270e-01,1.20853183000008357e-01,1,1,1,ok,relative_bounded_ricci
82,5082,256,8.39999999999999969e-01,box_shear_aspect,shape_channel,voro_radical,voro_radical_rebuilt,1,1,1.19977640378253689e-01,1.19975463724795617e-01,-2.17665345807194210e-06,7.37820859685613950e-02,7.37820859685613811e-02,-1.38777878078144568e-17,1.17717331785895676e-01,1.17713277889341827e-01,-4.05389655384891245e-06,5.31339160221176665e-01,5.31339160221176665e-01,0.00000000000000000e+00,1.00896069213041443e+02,1.00896069213041443e+02,0.00000000000000000e+00,1.49876673348605743e-01,1.49876673348605743e-01,0.00000000000000000e+00,4.49875668117274197e-01,4.49875668117274197e-01,0.00000000000000000e+00,2.61259475240179092e-04,2.59859109159632647e-04,-1.40036608054644462e-06,2.95058339345422027e-03,2.96842073078318336e-03,1.78373373289630877e-05,3.96077057090769946e+00,3.96077057090769946e+00,8.23822333719000044e-01,8.23822333719000044e-01,3.36888173099998767e+00,1,1,1,ok,aspect-only box strain; shear omitted for rectangular voro++ container
82,5082,256,8.39999999999999969e-01,compression_step,coupled,voro_radical,voro_radical_rebuilt,1,1,1.19977640378253689e-01,1.19977640378253717e-01,2.77555756156289135e-17,7.37820859685613950e-02,7.37820859685613811e-02,-1.38777878078144568e-17,1.17717331785895676e-01,1.17717331785895690e-01,1.38777878078144568e-17,5.31339160221176665e-01,5.31339160221176665e-01,0.00000000000000000e+00,1.00896069213041443e+02,1.00896069213041443e+02,0.00000000000000000e+00,1.49876673348605743e-01,1.49876673348605743e-01,0.00000000000000000e+00,4.49875668117274197e-01,4.49875668117274197e-01,0.00000000000000000e+00,2.61259475240179092e-04,0.00000000000000000e+00,-2.61259475240179092e-04,2.95058339345422027e-03,0.00000000000000000e+00,-2.95058339345422027e-03,3.96077057090769946e+00,3.96077057090769946e+00,8.23822333719000044e-01,8.23822333719000044e-01,2.01760653099995579e+00,1,0,0,ok,local phi scan best endpoint
82,5082,256,8.39999999999999969e-01,free_ricci,sum_channel,voro_radical,voro_radical_fixed_topology,1,1,1.19977640378253689e-01,1.10812806339765271e-01,-9.16483403848841749e-03,7.37820859685613950e-02,6.06931056751755525e-12,-7.37820859624920833e-02,1.17717331785895676e-01,1.13645466276652063e-01,-4.07186550924361346e-03,5.31339160221176665e-01,4.31004739521134617e-11,-5.31339160178076142e-01,1.00896069213041443e+02,7.29395654131390216e-09,-1.00896069205747480e+02,1.49876673348605743e-01,2.01601708403343979e-10,-1.49876673147004036e-01,4.49875668117274197e-01,3.88319650710083582e-10,-4.49875667728954542e-01,2.61259475240179092e-04,4.64988536466147284e+00,4.64962410518623237e+00,2.95058339345422027e-03,5.38947272842988934e-01,5.35996689449534713e-01,3.96077057090769946e+00,6.05268608007397368e+00,8.23822333719000044e-01,9.21640555960254293e-01,1.23248636000028000e-01,1,1,1,ok,converged: max_abs_K < tol
82,5082,256,8.39999999999999969e-01,post_voro_surgery,topology,voro_radical,post_surgery_nonradical,1,1,1.19977640378253689e-01,1.30722402258825504e-01,1.07447618805718154e-02,7.37820859685613950e-02,6.40825069290700822e-02,-9.69957903949131284e-03,1.17717331785895676e-01,1.34814749885082519e-01,1.70974180991868424e-02,5.31339160221176665e-01,4.60082587462370018e-01,-7.12565727588066467e-02,1.00896069213041443e+02,7.40397921735428497e+01,-2.68562770394985932e+01,1.49876673348605743e-01,1.36027395578784877e-01,-1.38492777698208669e-02,4.49875668117274197e-01,3.34839106627651928e-01,-1.15036561489622269e-01,2.61259475240179092e-04,2.61259475240179092e-04,0.00000000000000000e+00,2.95058339345422027e-03,2.95058339345422027e-03,0.00000000000000000e+00,3.96077057090769946e+00,3.96077057090769946e+00,8.23822333719000044e-01,8.45929368108251145e-01,5.80109380999999757e+01,1,0,0,ok,light topology surgery; no longer radical
82,5082,256,8.39999999999999969e-01,radius_label_swap,sum_channel,voro_radical,voro_radical_rebuilt,1,1,1.19977640378253689e-01,1.19977640378253689e-01,0.00000000000000000e+00,7.37820859685613950e-02,7.37820859685613950e-02,0.00000000000000000e+00,1.17717331785895676e-01,1.17717331785895676e-01,0.00000000000000000e+00,5.31339160221176665e-01,5.31339160221176665e-01,0.00000000000000000e+00,1.00896069213041443e+02,1.00896069213041443e+02,0.00000000000000000e+00,1.49876673348605743e-01,1.49876673348605743e-01,0.00000000000000000e+00,4.49875668117274197e-01,4.49875668117274197e-01,0.00000000000000000e+00,2.61259475240179092e-04,2.61259475240179092e-04,0.00000000000000000e+00,2.95058339345422027e-03,2.95058339345422027e-03,0.00000000000000000e+00,3.96077057090769946e+00,3.96077057090769946e+00,8.23822333719000044e-01,8.23822333719000044e-01,6.58421613699999853e+00,0,0,0,ok,radius labels permuted; distribution exactly preserved
82,5082,256,8.39999999999999969e-01,shape_descent,shape_channel,voro_radical,voro_radical_rebuilt,1,1,1.19977640378253689e-01,1.19992424361837213e-01,1.47839835835245070e-05,7.37820859685613950e-02,7.37820859685613673e-02,-2.77555756156289135e-17,1.17717331785895676e-01,1.17715466498695936e-01,-1.86528719973988455e-06,5.31339160221176665e-01,5.31339160221176665e-01,0.00000000000000000e+00,1.00896069213041443e+02,1.00896069213041443e+02,0.00000000000000000e+00,1.49876673348605743e-01,1.49876673348605743e-01,0.00000000000000000e+00,4.49875668117274197e-01,4.49875668117274197e-01,0.00000000000000000e+00,2.61259475240179092e-04,2.61942926078234694e-04,6.83450838055601854e-07,2.95058339345422027e-03,2.95058339345422027e-03,0.00000000000000000e+00,3.96077057090769946e+00,3.96077057090769946e+00,8.23822333719000044e-01,8.23822333719000044e-01,5.20589863300000388e+00,1,1,1,ok,stochastic coordinate shape descent
83,5083,256,8.39999999999999969e-01,bounded_ricci_du010,sum_channel,voro_radical,voro_radical_fixed_topology,1,1,1.24384816961067290e-01,1.17335416482279853e-01,-7.04940047878743759e-03,7.67642200446367468e-02,5.54695960007987113e-02,-2.12946240438380355e-02,1.20515294009900756e-01,1.18832869001148325e-01,-1.68242500875243062e-03,5.47941829308720596e-01,3.95396717830092836e-01,-1.52545111478627760e-01,1.15366076867552835e+02,8.02632740390443189e+01,-3.51028028285085156e+01,1.50150068172076906e-01,1.15687840598093006e-01,-3.44622275739839001e-02,5.23187532967569924e-01,4.47351089581036865e-01,-7.58364433865330589e-02,7.88928479447344909e-05,1.33194215053119763e-01,1.33115322205175024e-01,1.94175931363238519e-03,1.08913916452421766e-01,1.06972157138789381e-01,3.96077057090769946e+00,3.73000252410801680e+00,7.90901692872699957e-01,8.59272472952738009e-01,1.64342865000037364e-01,1,1,1,ok,relative_bounded_ricci
83,5083,256,8.39999999999999969e-01,box_shear_aspect,shape_channel,voro_radical,voro_radical_rebuilt,1,1,1.24384816961067290e-01,1.24384816961067290e-01,0.00000000000000000e+00,7.67642200446367468e-02,7.67642200446367468e-02,0.00000000000000000e+00,1.20515294009900756e-01,1.20515294009900756e-01,0.00000000000000000e+00,5.47941829308720596e-01,5.47941829308720596e-01,0.00000000000000000e+00,1.15366076867552835e+02,1.15366076867552835e+02,0.00000000000000000e+00,1.50150068172076906e-01,1.50150068172076906e-01,0.00000000000000000e+00,5.23187532967569924e-01,5.23187532967569924e-01,0.00000000000000000e+00,7.88928479447344909e-05,7.88928479447344909e-05,0.00000000000000000e+00,1.94175931363238519e-03,1.94175931363238519e-03,0.00000000000000000e+00,3.96077057090769946e+00,3.96077057090769946e+00,7.90901692872699957e-01,7.90901692872699957e-01,4.50054606100002275e+00,0,0,0,ok,aspect-only box strain; shear omitted for rectangular voro++ container
83,5083,256,8.39999999999999969e-01,compression_step,coupled,voro_radical,voro_radical_rebuilt,1,1,1.24384816961067290e-01,1.24384816961067166e-01,-1.24900090270330111e-16,7.67642200446367468e-02,7.67642200446367329e-02,-1.38777878078144568e-17,1.20515294009900756e-01,1.20515294009900867e-01,1.11022302462515654e-16,5.47941829308720596e-01,5.47941829308720596e-01,0.00000000000000000e+00,1.15366076867552835e+02,1.15366076867552835e+02,0.00000000000000000e+00,1.50150068172076906e-01,1.50150068172076906e-01,0.00000000000000000e+00,5.23187532967569924e-01,5.23187532967569924e-01,0.00000000000000000e+00,7.88928479447344909e-05,0.00000000000000000e+00,-7.88928479447344909e-05,1.94175931363238519e-03,0.00000000000000000e+00,-1.94175931363238519e-03,3.96077057090769946e+00,3.96077057090769946e+00,7.90901692872699957e-01,7.90901692872699957e-01,2.01036735999997518e+00,1,0,0,ok,local phi scan best endpoint
83,5083,256,8.39999999999999969e-01,free_ricci,sum_channel,voro_radical,voro_radical_fixed_topology,1,1,1.24384816961067290e-01,1.14038431411803920e-01,-1.03463855492633705e-02,7.67642200446367468e-02,6.97172735519791240e-12,-7.67642200376650180e-02,1.20515294009900756e-01,1.17509000331215974e-01,-3.00629367868478214e-03,5.47941829308720596e-01,4.93551811375441883e-11,-5.47941829259365409e-01,1.15366076867552835e+02,8.82007884058104993e-09,-1.15366076858732754e+02,1.50150068172076906e-01,2.34339846911612298e-10,-1.50150067937737053e-01,5.23187532967569924e-01,4.57936860070895680e-10,-5.23187532509633013e-01,7.88928479447344909e-05,4.17969717087373649e+00,4.17961827802579133e+00,1.94175931363238519e-03,5.01549761050208653e-01,4.99608001736576268e-01,3.96077057090769946e+00,5.02668819411808077e+00,7.90901692872699957e-01,9.17468313760217757e-01,1.69996771000000990e-01,1,1,1,ok,converged: max_abs_K < tol
83,5083,256,8.39999999999999969e-01,post_voro_surgery,topology,voro_radical,post_surgery_nonradical,1,1,1.24384816961067290e-01,1.62805420805100270e-01,3.84206038440329800e-02,7.67642200446367468e-02,7.16970741784545146e-02,-5.06714586618223217e-03,1.20515294009900756e-01,1.70883658133531596e-01,5.03683641236308405e-02,5.47941829308720596e-01,5.23646656217962803e-01,-2.42951730907577934e-02,1.15366076867552835e+02,8.16339887686212364e+01,-3.37320880989315981e+01,1.50150068172076906e-01,1.41192477459696514e-01,-8.95759071238039217e-03,5.23187532967569924e-01,3.66512838019703746e-01,-1.56674694947866178e-01,7.88928479447344909e-05,7.88928479447344909e-05,0.00000000000000000e+00,1.94175931363238519e-03,1.94175931363238519e-03,0.00000000000000000e+00,3.96077057090769946e+00,3.96077057090769946e+00,7.90901692872699957e-01,8.05053990287031618e-01,7.87888188349999723e+01,1,0,0,ok,light topology surgery; no longer radical
83,5083,256,8.39999999999999969e-01,radius_label_swap,sum_channel,voro_radical,voro_radical_rebuilt,1,1,1.24384816961067290e-01,1.24386636767660305e-01,1.81980659301472780e-06,7.67642200446367468e-02,7.67663671842091083e-02,2.14713957236156716e-06,1.20515294009900756e-01,1.20515248335222855e-01,-4.56746779009531423e-08,5.47941829308720596e-01,5.47961269573811305e-01,1.94402650907088415e-05,1.15366076867552835e+02,1.15367553144047719e+02,1.47627649488413226e-03,1.50150068172076906e-01,1.50152820462387593e-01,2.75229031068691121e-06,5.23187532967569924e-01,5.23185717396936645e-01,-1.81557063327897339e-06,7.88928479447344909e-05,7.91194665320682391e-05,2.26618587333748196e-07,1.94175931363238519e-03,1.94175931363238519e-03,0.00000000000000000e+00,3.96077057090769946e+00,3.96077057090769946e+00,7.90901692872699957e-01,7.90891077528914410e-01,9.51980034100006378e+00,0,1,0,ok,radius labels permuted; distribution exactly preserved
83,5083,256,8.39999999999999969e-01,shape_descent,shape_channel,voro_radical,voro_radical_rebuilt,1,1,1.24384816961067290e-01,1.24407469036325879e-01,2.26520752585890328e-05,7.67642200446367468e-02,7.67642200446367468e-02,0.00000000000000000e+00,1.20515294009900756e-01,1.20583415652082360e-01,6.81216421816038809e-05,5.47941829308720596e-01,5.47941829308720596e-01,0.00000000000000000e+00,1.15366076867552835e+02,1.15366076867552835e+02,0.00000000000000000e+00,1.50150068172076906e-01,1.50150068172076906e-01,0.00000000000000000e+00,5.23187532967569924e-01,5.23187532967569924e-01,0.00000000000000000e+00,7.88928479447344909e-05,7.90732404465052966e-05,1.80392501770805709e-07,1.94175931363238519e-03,1.94175931363238519e-03,0.00000000000000000e+00,3.96077057090769946e+00,3.96077057090769946e+00,7.90901692872699957e-01,7.90901692872699957e-01,6.48355152400000634e+00,0,0,0,ok,stochastic coordinate shape descent
84,5084,256,8.39999999999999969e-01,bounded_ricci_du010,sum_channel,voro_radical,voro_radical_fixed_topology,1,1,1.21140690681114341e-01,1.15336331639112263e-01,-5.80435904200207742e-03,7.91077730962467668e-02,5.92539313452569369e-02,-1.98538417509898299e-02,1.17985834280332463e-01,1.16360709764028375e-01,-1.62512451630408838e-03,5.67917592006467409e-01,4.22998660949179262e-01,-1.44918931057288147e-01,1.30126506293690937e+02,9.17012475380981158e+01,-3.84252587555928216e+01,1.53522659026177094e-01,1.21300084527264998e-01,-3.22225744989120960e-02,5.80103248004223859e-01,4.92865050164234653e-01,-8.72381978399892066e-02,4.10966463214993121e-03,1.62609356790895887e-01,1.58499692158745958e-01,1.16371227660536647e-02,1.54371019025436151e-01,1.42733896259382487e-01,3.96077057090769946e+00,3.90305332997887966e+00,7.84729493781610610e-01,8.50310196247458405e-01,1.02870343999995839e-01,1,1,1,ok,relative_bounded_ricci
84,5084,256,8.39999999999999969e-01,box_shear_aspect,shape_channel,voro_radical,voro_radical_rebuilt,1,1,1.21140690681114341e-01,1.21140690681114341e-01,0.00000000000000000e+00,7.91077730962467668e-02,7.91077730962467668e-02,0.00000000000000000e+00,1.17985834280332463e-01,1.17985834280332463e-01,0.00000000000000000e+00,5.67917592006467409e-01,5.67917592006467409e-01,0.00000000000000000e+00,1.30126506293690937e+02,1.30126506293690937e+02,0.00000000000000000e+00,1.53522659026177094e-01,1.53522659026177094e-01,0.00000000000000000e+00,5.80103248004223859e-01,5.80103248004223859e-01,0.00000000000000000e+00,4.10966463214993121e-03,4.10966463214993121e-03,0.00000000000000000e+00,1.16371227660536647e-02,1.16371227660536647e-02,0.00000000000000000e+00,3.96077057090769946e+00,3.96077057090769946e+00,7.84729493781610610e-01,7.84729493781610610e-01,4.26630782600000202e+00,0,0,0,ok,aspect-only box strain; shear omitted for rectangular voro++ container
84,5084,256,8.39999999999999969e-01,compression_step,coupled,voro_radical,voro_radical_rebuilt,1,1,1.21140690681114341e-01,1.21140690681114285e-01,-5.55111512312578270e-17,7.91077730962467668e-02,7.91077730962467529e-02,-1.38777878078144568e-17,1.17985834280332463e-01,1.17985834280332491e-01,2.77555756156289135e-17,5.67917592006467409e-01,5.67917592006467409e-01,0.00000000000000000e+00,1.30126506293690937e+02,1.30126506293690937e+02,0.00000000000000000e+00,1.53522659026177094e-01,1.53522659026177094e-01,0.00000000000000000e+00,5.80103248004223859e-01,5.80103248004223859e-01,0.00000000000000000e+00,4.10966463214993121e-03,0.00000000000000000e+00,-4.10966463214993121e-03,1.16371227660536647e-02,0.00000000000000000e+00,-1.16371227660536647e-02,3.96077057090769946e+00,3.96077057090769946e+00,7.84729493781610610e-01,7.84729493781610610e-01,1.77780610600001410e+00,1,0,0,ok,local phi scan best endpoint
84,5084,256,8.39999999999999969e-01,free_ricci,sum_channel,voro_radical,voro_radical_fixed_topology,1,1,1.21140690681114341e-01,1.11634165848944825e-01,-9.50652483216951616e-03,7.91077730962467668e-02,5.40597287503779735e-12,-7.91077730908407994e-02,1.17985834280332463e-01,1.13895347644171363e-01,-4.09048663616110031e-03,5.67917592006467409e-01,3.85935545508074683e-11,-5.67917591967873836e-01,1.30126506293690937e+02,6.43281431942755012e-09,-1.30126506287258110e+02,1.53522659026177094e-01,1.79309650510557217e-10,-1.53522658846867444e-01,5.80103248004223859e-01,3.63598941434002997e-10,-5.80103247640624931e-01,4.10966463214993121e-03,4.04610902224567681e+00,4.04199935761352691e+00,1.16371227660536647e-02,5.27941075854980735e-01,5.16303953088927070e-01,3.96077057090769946e+00,5.36362972085484113e+00,7.84729493781610610e-01,9.12192753049087979e-01,1.13954446999969150e-01,1,1,1,ok,converged: max_abs_K < tol
84,5084,256,8.39999999999999969e-01,post_voro_surgery,topology,voro_radical,post_surgery_nonradical,1,1,1.21140690681114341e-01,1.34017392274217967e-01,1.28767015931036261e-02,7.91077730962467668e-02,6.67471504311250019e-02,-1.23606226651217649e-02,1.17985834280332463e-01,1.40160331100421115e-01,2.21744968200886516e-02,5.67917592006467409e-01,4.79626891769310448e-01,-8.82907002371569605e-02,1.30126506293690937e+02,7.20364943385812921e+01,-5.80900119551096452e+01,1.53522659026177094e-01,1.33661177361619532e-01,-1.98614816645575620e-02,5.80103248004223859e-01,3.30891930818254132e-01,-2.49211317185969727e-01,4.10966463214993121e-03,4.10966463214993121e-03,0.00000000000000000e+00,1.16371227660536647e-02,1.16371227660536647e-02,0.00000000000000000e+00,3.96077057090769946e+00,3.96077057090769946e+00,7.84729493781610610e-01,8.32511591876550217e-01,8.29397298850000766e+01,1,0,0,ok,light topology surgery; no longer radical
84,5084,256,8.39999999999999969e-01,radius_label_swap,sum_channel,voro_radical,voro_radical_rebuilt,1,1,1.21140690681114341e-01,1.21138826869089486e-01,-1.86381202485486064e-06,7.91077730962467668e-02,7.91077049787313191e-02,-6.81175154476632017e-08,1.17985834280332463e-01,1.17986153771105037e-01,3.19490772573982618e-07,5.67917592006467409e-01,5.67915620572002733e-01,-1.97143446467595851e-06,1.30126506293690937e+02,1.30118707908439347e+02,-7.79838525158993434e-03,1.53522659026177094e-01,1.53525592577353431e-01,2.93355117633731233e-06,5.80103248004223859e-01,5.80060539054328750e-01,-4.27089498951094271e-05,4.10966463214993121e-03,4.11571380600771718e-03,6.04917385778596522e-06,1.16371227660536647e-02,1.16371227660536647e-02,0.00000000000000000e+00,3.96077057090769946e+00,3.96077057090769946e+00,7.84729493781610610e-01,7.84726359833758491e-01,7.45121760400002131e+00,1,0,0,ok,radius labels permuted; distribution exactly preserved
84,5084,256,8.39999999999999969e-01,shape_descent,shape_channel,voro_radical,voro_radical_rebuilt,1,1,1.21140690681114341e-01,1.21054360669178837e-01,-8.63300119355037143e-05,7.91077730962467668e-02,7.91077730962467668e-02,0.00000000000000000e+00,1.17985834280332463e-01,1.17852725273106529e-01,-1.33109007225934439e-04,5.67917592006467409e-01,5.67917592006467409e-01,0.00000000000000000e+00,1.30126506293690937e+02,1.30126506293690937e+02,0.00000000000000000e+00,1.53522659026177094e-01,1.53522659026177094e-01,0.00000000000000000e+00,5.80103248004223859e-01,5.80103248004223859e-01,0.00000000000000000e+00,4.10966463214993121e-03,4.38433745020698918e-03,2.74672818057057969e-04,1.16371227660536647e-02,1.16371227660536647e-02,0.00000000000000000e+00,3.96077057090769946e+00,3.96077057090769946e+00,7.84729493781610610e-01,7.84729493781610610e-01,4.83385093699996560e+00,0,1,0,ok,stochastic coordinate shape descent
85,5085,256,8.39999999999999969e-01,bounded_ricci_du010,sum_channel,voro_radical,voro_radical_fixed_topology,1,1,1.27331499939123849e-01,1.22033208510453864e-01,-5.29829142866998504e-03,7.83083539393213540e-02,5.70977921285372170e-02,-2.12105618107841370e-02,1.27808941862127656e-01,1.25891828432673575e-01,-1.91711342945408147e-03,5.64873238434668079e-01,4.07901358319128660e-01,-1.56971880115539419e-01,1.00230128549688459e+02,6.81972857484844468e+01,-3.20328428012040121e+01,1.50896799985403229e-01,1.15614534158054602e-01,-3.52822658273486273e-02,4.42509092912988899e-01,3.74457763274608835e-01,-6.80513296383800648e-02,3.07323005614579302e-03,2.05163050845011047e-01,2.02089820788865254e-01,1.16610106544290382e-02,1.83110002971555996e-01,1.71448992317126958e-01,3.96077057090769946e+00,4.18880197057963688e+00,7.93167146620292529e-01,8.61554134263797566e-01,1.64370023999993009e-01,1,1,1,ok,relative_bounded_ricci
85,5085,256,8.39999999999999969e-01,box_shear_aspect,shape_channel,voro_radical,voro_radical_rebuilt,1,1,1.27331499939123849e-01,1.27324758986504971e-01,-6.74095261887774910e-06,7.83083539393213540e-02,7.83083539393213818e-02,2.77555756156289135e-17,1.27808941862127656e-01,1.27807490677107116e-01,-1.45118502054009113e-06,5.64873238434668079e-01,5.64873238434668079e-01,0.00000000000000000e+00,1.00230128549688459e+02,1.00230128549688459e+02,0.00000000000000000e+00,1.50896799985403229e-01,1.50896799985403229e-01,0.00000000000000000e+00,4.42509092912988899e-01,4.42509092912988899e-01,0.00000000000000000e+00,3.07323005614579302e-03,3.06688584245153962e-03,-6.34421369425340609e-06,1.16610106544290382e-02,1.19549161218417410e-02,2.93905467412702848e-04,3.96077057090769946e+00,3.96077057090769946e+00,7.93167146620292529e-01,7.93167146620292529e-01,5.01245580399995561e+00,0,1,0,ok,aspect-only box strain; shear omitted for rectangular voro++ container
85,5085,256,8.39999999999999969e-01,compression_step,coupled,voro_radical,voro_radical_rebuilt,1,1,1.27331499939123849e-01,1.27331499939123738e-01,-1.11022302462515654e-16,7.83083539393213540e-02,7.83083539393213818e-02,2.77555756156289135e-17,1.27808941862127656e-01,1.27808941862127656e-01,0.00000000000000000e+00,5.64873238434668079e-01,5.64873238434668079e-01,0.00000000000000000e+00,1.00230128549688459e+02,1.00230128549688459e+02,0.00000000000000000e+00,1.50896799985403229e-01,1.50896799985403229e-01,0.00000000000000000e+00,4.42509092912988899e-01,4.42509092912988899e-01,0.00000000000000000e+00,3.07323005614579302e-03,0.00000000000000000e+00,-3.07323005614579302e-03,1.16610106544290382e-02,0.00000000000000000e+00,-1.16610106544290382e-02,3.96077057090769946e+00,3.96077057090769946e+00,7.93167146620292529e-01,7.93167146620292529e-01,1.74183857199994918e+00,0,0,0,ok,local phi scan best endpoint
85,5085,256,8.39999999999999969e-01,free_ricci,sum_channel,voro_radical,voro_radical_fixed_topology,1,1,1.27331499939123849e-01,1.19992761424350947e-01,-7.33873851477290229e-03,7.83083539393213540e-02,6.51552676450121360e-12,-7.83083539328058298e-02,1.27808941862127656e-01,1.23364411950272049e-01,-4.44452991185560753e-03,5.64873238434668079e-01,4.60826286397173706e-11,-5.64873238388585497e-01,1.00230128549688459e+02,7.82756841272593094e-09,-1.00230128541860893e+02,1.50896799985403229e-01,2.14887947734693501e-10,-1.50896799770515289e-01,4.42509092912988899e-01,4.36428495329862906e-10,-4.42509092476560395e-01,3.07323005614579302e-03,4.98836547983527456e+00,4.98529224977912833e+00,1.16610106544290382e-02,6.74119766857242286e-01,6.62458756202813248e-01,3.96077057090769946e+00,5.45458683022920265e+00,7.93167146620292529e-01,9.16413309634918738e-01,2.18857581000008850e-01,1,1,1,ok,converged: max_abs_K < tol
85,5085,256,8.39999999999999969e-01,post_voro_surgery,topology,voro_radical,post_surgery_nonradical,1,1,1.27331499939123849e-01,1.55175501295856610e-01,2.78440013567327616e-02,7.83083539393213540e-02,6.35352886496125119e-02,-1.47730652897088421e-02,1.27808941862127656e-01,1.66164661224888377e-01,3.83557193627607207e-02,5.64873238434668079e-01,4.54185736721052669e-01,-1.10687501713615410e-01,1.00230128549688459e+02,6.82947775102691423e+01,-3.19353510394193165e+01,1.50896799985403229e-01,1.29526275071607411e-01,-2.13705249137958186e-02,4.42509092912988899e-01,3.21118150600439300e-01,-1.21390942312549599e-01,3.07323005614579302e-03,3.07323005614579302e-03,0.00000000000000000e+00,1.16610106544290382e-02,1.16610106544290382e-02,0.00000000000000000e+00,3.96077057090769946e+00,3.96077057090769946e+00,7.93167146620292529e-01,8.44858307684566934e-01,7.48226602990000060e+01,1,0,0,ok,light topology surgery; no longer radical
85,5085,256,8.39999999999999969e-01,radius_label_swap,sum_channel,voro_radical,voro_radical_rebuilt,1,1,1.27331499939123849e-01,1.27331499939123849e-01,0.00000000000000000e+00,7.83083539393213540e-02,7.83083539393213540e-02,0.00000000000000000e+00,1.27808941862127656e-01,1.27808941862127656e-01,0.00000000000000000e+00,5.64873238434668079e-01,5.64873238434668079e-01,0.00000000000000000e+00,1.00230128549688459e+02,1.00230128549688459e+02,0.00000000000000000e+00,1.50896799985403229e-01,1.50896799985403229e-01,0.00000000000000000e+00,4.42509092912988899e-01,4.42509092912988899e-01,0.00000000000000000e+00,3.07323005614579302e-03,3.07323005614579302e-03,0.00000000000000000e+00,1.16610106544290382e-02,1.16610106544290382e-02,0.00000000000000000e+00,3.96077057090769946e+00,3.96077057090769946e+00,7.93167146620292529e-01,7.93167146620292529e-01,6.30309133399998700e+00,0,0,0,ok,radius labels permuted; distribution exactly preserved
85,5085,256,8.39999999999999969e-01,shape_descent,shape_channel,voro_radical,voro_radical_rebuilt,1,1,1.27331499939123849e-01,1.27306292716874825e-01,-2.52072222490240527e-05,7.83083539393213540e-02,7.83083539393213540e-02,0.00000000000000000e+00,1.27808941862127656e-01,1.27712090363704650e-01,-9.68514984230062215e-05,5.64873238434668079e-01,5.64873238434668079e-01,0.00000000000000000e+00,1.00230128549688459e+02,1.00230128549688459e+02,0.00000000000000000e+00,1.50896799985403229e-01,1.50896799985403229e-01,0.00000000000000000e+00,4.42509092912988899e-01,4.42509092912988899e-01,0.00000000000000000e+00,3.07323005614579302e-03,3.17088051055717125e-03,9.76504544113782243e-05,1.16610106544290382e-02,1.06778075827174135e-02,-9.83203071711624688e-04,3.96077057090769946e+00,3.96077057090769946e+00,7.93167146620292529e-01,7.93167146620292529e-01,7.07098275000004151e+00,0,1,0,ok,stochastic coordinate shape descent
86,5086,256,8.39999999999999969e-01,bounded_ricci_du010,sum_channel,voro_radical,voro_radical_fixed_topology,1,1,1.20555191381416169e-01,1.15559809966024107e-01,-4.99538141539206115e-03,6.59169612192147536e-02,5.08994423743975993e-02,-1.50175188448171543e-02,1.17465394226565462e-01,1.15993512470637050e-01,-1.47188175592841142e-03,4.93958508190827872e-01,3.78791723614672837e-01,-1.15166784576155035e-01,1.34709445636912733e+02,9.43030187782767086e+01,-4.04064268586360242e+01,1.44002345100680773e-01,1.16821093768699313e-01,-2.71812513319814597e-02,6.25317923911506868e-01,5.17592559664287966e-01,-1.07725364247218902e-01,5.64198598106602028e-04,9.99239819672214369e-02,9.93597833691148291e-02,4.57593199147088292e-03,1.14155352328203286e-01,1.09579420336732403e-01,3.96077057090769946e+00,3.60890010428791363e+00,8.07099814848136310e-01,8.58951976716551990e-01,1.73386352000022725e-01,1,1,1,ok,relative_bounded_ricci
86,5086,256,8.39999999999999969e-01,box_shear_aspect,shape_channel,voro_radical,voro_radical_rebuilt,1,1,1.20555191381416169e-01,1.20552413993300842e-01,-2.77738811532701746e-06,6.59169612192147536e-02,6.59169612192147258e-02,-2.77555756156289135e-17,1.17465394226565462e-01,1.17462920904681772e-01,-2.47332188368920569e-06,4.93958508190827872e-01,4.93958508190827872e-01,0.00000000000000000e+00,1.34709445636912733e+02,1.34709445636912733e+02,0.00000000000000000e+00,1.44002345100680773e-01,1.44002345100680773e-01,0.00000000000000000e+00,6.25317923911506868e-01,6.25317923911506868e-01,0.00000000000000000e+00,5.64198598106602028e-04,5.63060027664465871e-04,-1.13857044213615602e-06,4.57593199147088292e-03,4.55216242754241662e-03,-2.37695639284662974e-05,3.96077057090769946e+00,3.96077057090769946e+00,8.07099814848136310e-01,8.07099814848136310e-01,4.49665102000000161e+00,1,1,1,ok,aspect-only box strain; shear omitted for rectangular voro++ container
86,5086,256,8.39999999999999969e-01,compression_step,coupled,voro_radical,voro_radical_rebuilt,1,1,1.20555191381416169e-01,1.20824522521955149e-01,2.69331140538980884e-04,6.59169612192147536e-02,6.57585475926633356e-02,-1.58413626551417996e-04,1.17465394226565462e-01,1.17731439720076589e-01,2.66045493511127273e-04,4.93958508190827872e-01,4.93471471467673783e-01,-4.87036723154088413e-04,1.34709445636912733e+02,1.34694445577925677e+02,-1.50000589870558088e-02,1.44002345100680773e-01,1.44073949493755266e-01,7.16043930744925117e-05,6.25317923911506868e-01,6.25101409397151864e-01,-2.16514514355004017e-04,5.64198598106602028e-04,0.00000000000000000e+00,-5.64198598106602028e-04,4.57593199147088292e-03,0.00000000000000000e+00,-4.57593199147088292e-03,3.96077057090769946e+00,3.96077057090769946e+00,8.07099814848136310e-01,8.08454797069428022e-01,2.52259673300000031e+00,1,0,0,ok,local phi scan best endpoint
86,5086,256,8.39999999999999969e-01,free_ricci,sum_channel,voro_radical,voro_radical_fixed_topology,1,1,1.20555191381416169e-01,1.12149212692724279e-01,-8.40597868869188969e-03,6.59169612192147536e-02,6.23928285304745503e-12,-6.59169612129754667e-02,1.17465394226565462e-01,1.14933850984765024e-01,-2.53154324180043799e-03,4.93958508190827872e-01,4.39792879532118039e-11,-4.93958508146848607e-01,1.34709445636912733e+02,7.39008629963290771e-09,-1.34709445629522634e+02,1.44002345100680773e-01,2.05449738074427297e-10,-1.44002344895231033e-01,6.25317923911506868e-01,3.95507780802771544e-10,-6.25317923515999130e-01,5.64198598106602028e-04,3.85093709161985620e+00,3.85037289302174957e+00,4.57593199147088292e-03,5.30586603799166223e-01,5.26010671807695340e-01,3.96077057090769946e+00,4.50101954161366269e+00,8.07099814848136310e-01,9.17305776997269451e-01,1.99134614999991300e-01,1,1,1,ok,converged: max_abs_K < tol
86,5086,256,8.39999999999999969e-01,post_voro_surgery,topology,voro_radical,post_surgery_nonradical,1,1,1.20555191381416169e-01,1.48912421575627535e-01,2.83572301942113664e-02,6.59169612192147536e-02,6.27645049222801676e-02,-3.15245629693458596e-03,1.17465394226565462e-01,1.57284410368916633e-01,3.98190161423511713e-02,4.93958508190827872e-01,4.69943239682627967e-01,-2.40152685081999051e-02,1.34709445636912733e+02,8.51970595738821856e+01,-4.95123860630305472e+01,1.44002345100680773e-01,1.36518594441787322e-01,-7.48375065889345104e-03,6.25317923911506868e-01,4.08112784109431803e-01,-2.17205139802075065e-01,5.64198598106602028e-04,5.64198598106602028e-04,0.00000000000000000e+00,4.57593199147088292e-03,4.57593199147088292e-03,0.00000000000000000e+00,3.96077057090769946e+00,3.96077057090769946e+00,8.07099814848136310e-01,8.30132625889738796e-01,6.97529838989999575e+01,1,0,0,ok,light topology surgery; no longer radical
86,5086,256,8.39999999999999969e-01,radius_label_swap,sum_channel,voro_radical,voro_radical_rebuilt,1,1,1.20555191381416169e-01,1.20555191381416169e-01,0.00000000000000000e+00,6.59169612192147536e-02,6.59169612192147536e-02,0.00000000000000000e+00,1.17465394226565462e-01,1.17465394226565462e-01,0.00000000000000000e+00,4.93958508190827872e-01,4.93958508190827872e-01,0.00000000000000000e+00,1.34709445636912733e+02,1.34709445636912733e+02,0.00000000000000000e+00,1.44002345100680773e-01,1.44002345100680773e-01,0.00000000000000000e+00,6.25317923911506868e-01,6.25317923911506868e-01,0.00000000000000000e+00,5.64198598106602028e-04,5.64198598106602028e-04,0.00000000000000000e+00,4.57593199147088292e-03,4.57593199147088292e-03,0.00000000000000000e+00,3.96077057090769946e+00,3.96077057090769946e+00,8.07099814848136310e-01,8.07099814848136310e-01,9.68494095000005473e+00,0,0,0,ok,radius labels permuted; distribution exactly preserved
86,5086,256,8.39999999999999969e-01,shape_descent,shape_channel,voro_radical,voro_radical_rebuilt,1,1,1.20555191381416169e-01,1.20479756616572009e-01,-7.54347648441594520e-05,6.59169612192147536e-02,6.59169612192147536e-02,0.00000000000000000e+00,1.17465394226565462e-01,1.17381804661294969e-01,-8.35895652704921055e-05,4.93958508190827872e-01,4.93958508190827872e-01,0.00000000000000000e+00,1.34709445636912733e+02,1.34709445636912733e+02,0.00000000000000000e+00,1.44002345100680773e-01,1.44002345100680773e-01,0.00000000000000000e+00,6.25317923911506868e-01,6.25317923911506868e-01,0.00000000000000000e+00,5.64198598106602028e-04,5.76467542996970950e-04,1.22689448903689222e-05,4.57593199147088292e-03,4.57593199147088292e-03,0.00000000000000000e+00,3.96077057090769946e+00,3.96077057090769946e+00,8.07099814848136310e-01,8.07099814848136310e-01,7.55990769499999260e+00,0,1,0,ok,stochastic coordinate shape descent
87,5087,256,8.39999999999999969e-01,bounded_ricci_du010,sum_channel,voro_radical,voro_radical_fixed_topology,1,1,1.20403277019380625e-01,1.15279196209766219e-01,-5.12408080961440637e-03,7.35714139983024706e-02,5.58383472369691422e-02,-1.77330667613333284e-02,1.19110987452766784e-01,1.17729694106231006e-01,-1.38129334653577795e-03,5.37539708513197434e-01,4.05493450693002799e-01,-1.32046257820194635e-01,1.06052353717643939e+02,7.05951790398936225e+01,-3.54571746777503165e+01,1.47569225123357572e-01,1.17261224144818432e-01,-3.03080009785391402e-02,4.86097730188710220e-01,3.85109415297188062e-01,-1.00988314891522157e-01,1.38057142873132218e-07,9.60804703713477870e-02,9.60803323142049165e-02,7.01250473076342473e-05,7.74085053643123189e-02,7.73383803170046846e-02,3.96077057090769946e+00,3.77128962838188242e+00,7.94839930032641195e-01,8.52196599859069814e-01,1.53020601000037004e-01,1,1,1,ok,relative_bounded_ricci
87,5087,256,8.39999999999999969e-01,box_shear_aspect,shape_channel,voro_radical,voro_radical_rebuilt,1,1,1.20403277019380625e-01,1.20403277019380625e-01,0.00000000000000000e+00,7.35714139983024706e-02,7.35714139983024706e-02,0.00000000000000000e+00,1.19110987452766784e-01,1.19110987452766784e-01,0.00000000000000000e+00,5.37539708513197434e-01,5.37539708513197434e-01,0.00000000000000000e+00,1.06052353717643939e+02,1.06052353717643939e+02,0.00000000000000000e+00,1.47569225123357572e-01,1.47569225123357572e-01,0.00000000000000000e+00,4.86097730188710220e-01,4.86097730188710220e-01,0.00000000000000000e+00,1.38057142873132218e-07,1.38057142873132218e-07,0.00000000000000000e+00,7.01250473076342473e-05,7.01250473076342473e-05,0.00000000000000000e+00,3.96077057090769946e+00,3.96077057090769946e+00,7.94839930032641195e-01,7.94839930032641195e-01,4.60134370399998716e+00,0,0,0,ok,aspect-only box strain; shear omitted for rectangular voro++ container
87,5087,256,8.39999999999999969e-01,compression_step,coupled,voro_radical,voro_radical_rebuilt,1,1,1.20403277019380625e-01,1.20403277019380542e-01,-8.32667268468867405e-17,7.35714139983024706e-02,7.35714139983024568e-02,-1.38777878078144568e-17,1.19110987452766784e-01,1.19110987452766812e-01,2.77555756156289135e-17,5.37539708513197434e-01,5.37539708513197434e-01,0.00000000000000000e+00,1.06052353717643939e+02,1.06052353717643939e+02,0.00000000000000000e+00,1.47569225123357572e-01,1.47569225123357572e-01,0.00000000000000000e+00,4.86097730188710220e-01,4.86097730188710220e-01,0.00000000000000000e+00,1.38057142873132218e-07,0.00000000000000000e+00,-1.38057142873132218e-07,7.01250473076342473e-05,0.00000000000000000e+00,-7.01250473076342473e-05,3.96077057090769946e+00,3.96077057090769946e+00,7.94839930032641195e-01,7.94839930032641195e-01,2.41465244900001608e+00,1,0,0,ok,local phi scan best endpoint
87,5087,256,8.39999999999999969e-01,free_ricci,sum_channel,voro_radical,voro_radical_fixed_topology,1,1,1.20403277019380625e-01,1.12246155971202619e-01,-8.15712104817800654e-03,7.35714139983024706e-02,8.34062308994866486e-12,-7.35714139899618508e-02,1.19110987452766784e-01,1.15539279706565426e-01,-3.57170774620135800e-03,5.37539708513197434e-01,5.41108730609777201e-11,-5.37539708459086607e-01,1.06052353717643939e+02,9.24670359263770691e-09,-1.06052353708397234e+02,1.47569225123357572e-01,2.55355597517969845e-10,-1.47569224868001975e-01,4.86097730188710220e-01,4.48348520035796894e-10,-4.86097729740361695e-01,1.38057142873132218e-07,3.44938468748411875e+00,3.44938454942697570e+00,7.01250473076342473e-05,4.17636184791386533e-01,4.17566059744078899e-01,3.96077057090769946e+00,4.76399343966821576e+00,7.94839930032641195e-01,9.11433074897329165e-01,2.04079849999970975e-01,1,1,1,ok,converged: max_abs_K < tol
87,5087,256,8.39999999999999969e-01,post_voro_surgery,topology,voro_radical,post_surgery_nonradical,1,1,1.20403277019380625e-01,1.39973277352495901e-01,1.95700003331152755e-02,7.35714139983024706e-02,6.24125889008608006e-02,-1.11588250974416700e-02,1.19110987452766784e-01,1.47008474509580517e-01,2.78974870568137329e-02,5.37539708513197434e-01,4.54812675549507328e-01,-8.27270329636901058e-02,1.06052353717643939e+02,6.68772548739176642e+01,-3.91750988437262748e+01,1.47569225123357572e-01,1.26091028189469684e-01,-2.14781969338878886e-02,4.86097730188710220e-01,3.25777156906413623e-01,-1.60320573282296597e-01,1.38057142873132218e-07,1.38057142873132218e-07,0.00000000000000000e+00,7.01250473076342473e-05,7.01250473076342473e-05,0.00000000000000000e+00,3.96077057090769946e+00,3.96077057090769946e+00,7.94839930032641195e-01,8.32627074047012861e-01,8.65828592180000101e+01,1,0,0,ok,light topology surgery; no longer radical
87,5087,256,8.39999999999999969e-01,radius_label_swap,sum_channel,voro_radical,voro_radical_rebuilt,1,1,1.20403277019380625e-01,1.20355693396710053e-01,-4.75836226705717014e-05,7.35714139983024706e-02,7.35144366849821845e-02,-5.69773133202861048e-05,1.19110987452766784e-01,1.19124760543036348e-01,1.37730902695643032e-05,5.37539708513197434e-01,5.36022711676876762e-01,-1.51699683632067206e-03,1.06052353717643939e+02,1.00656825518218966e+02,-5.39552819942497308e+00,1.47569225123357572e-01,1.47264629659599217e-01,-3.04595463758355889e-04,4.86097730188710220e-01,4.58604307326490657e-01,-2.74934228622195631e-02,1.38057142873132218e-07,1.37218563490692045e-07,-8.38579382440173235e-10,7.01250473076342473e-05,7.01250473076342473e-05,0.00000000000000000e+00,3.96077057090769946e+00,3.96077057090769946e+00,7.94839930032641195e-01,7.95297831387417387e-01,6.62380493800003478e+00,1,0,0,ok,radius labels permuted; distribution exactly preserved
87,5087,256,8.39999999999999969e-01,shape_descent,shape_channel,voro_radical,voro_radical_rebuilt,1,1,1.20403277019380625e-01,1.20353623866344517e-01,-4.96531530361082885e-05,7.35714139983024706e-02,7.35714139983024706e-02,0.00000000000000000e+00,1.19110987452766784e-01,1.19044727879951739e-01,-6.62595728150444652e-05,5.37539708513197434e-01,5.37539708513197434e-01,0.00000000000000000e+00,1.06052353717643939e+02,1.06052353717643939e+02,0.00000000000000000e+00,1.47569225123357572e-01,1.47569225123357572e-01,0.00000000000000000e+00,4.86097730188710220e-01,4.86097730188710220e-01,0.00000000000000000e+00,1.38057142873132218e-07,1.38052240996211749e-07,-4.90187692046898325e-12,7.01250473076342473e-05,7.01250473076342473e-05,0.00000000000000000e+00,3.96077057090769946e+00,3.96077057090769946e+00,7.94839930032641195e-01,7.94839930032641195e-01,6.74527206599998408e+00,0,1,0,ok,stochastic coordinate shape descent
88,5088,256,8.39999999999999969e-01,bounded_ricci_du010,sum_channel,voro_radical,voro_radical_fixed_topology,1,1,1.24660853265771435e-01,1.18505406024564650e-01,-6.15544724120678510e-03,7.64619821503754460e-02,5.30032062304573726e-02,-2.34587759199180734e-02,1.23216153339679987e-01,1.21204824801817060e-01,-2.01132853786292753e-03,5.47610692436027335e-01,3.78033120227143027e-01,-1.69577572208884308e-01,9.64537292681697238e+01,6.10304557516457749e+01,-3.54232735165239490e+01,1.51161420548624387e-01,1.13348518869165624e-01,-3.78129016794587630e-02,4.19762902177426178e-01,3.32187845736685305e-01,-8.75750564407408727e-02,1.59858430658589741e-03,2.18908537497516043e-01,2.17309953190930133e-01,7.96156508944356744e-03,1.71097584773849398e-01,1.63136019684405831e-01,3.96077057090769946e+00,3.59632906211726233e+00,7.99049823221577693e-01,8.69787836231861955e-01,1.12048372000003837e-01,1,1,1,ok,relative_bounded_ricci
88,5088,256,8.39999999999999969e-01,box_shear_aspect,shape_channel,voro_radical,voro_radical_rebuilt,1,1,1.24660853265771435e-01,1.24660910883489587e-01,5.76177181521586590e-08,7.64619821503754460e-02,7.64619821503754460e-02,0.00000000000000000e+00,1.23216153339679987e-01,1.23217214689108970e-01,1.06134942898239437e-06,5.47610692436027335e-01,5.47610692436027335e-01,0.00000000000000000e+00,9.64537292681697238e+01,9.64537292681697238e+01,0.00000000000000000e+00,1.51161420548624387e-01,1.51161420548624387e-01,0.00000000000000000e+00,4.19762902177426178e-01,4.19762902177426178e-01,0.00000000000000000e+00,1.59858430658589741e-03,1.59626888599069365e-03,-2.31542059520375987e-06,7.96156508944356744e-03,7.91153156707391503e-03,-5.00335223696524167e-05,3.96077057090769946e+00,3.96077057090769946e+00,7.99049823221577693e-01,7.99049823221577693e-01,4.40693802200001983e+00,0,0,0,ok,aspect-only box strain; shear omitted for rectangular voro++ container
88,5088,256,8.39999999999999969e-01,compression_step,coupled,voro_radical,voro_radical_rebuilt,1,1,1.24660853265771435e-01,1.25001852583330519e-01,3.40999317559084747e-04,7.64619821503754460e-02,7.70019220800192972e-02,5.39939929643851180e-04,1.23216153339679987e-01,1.23127700585111466e-01,-8.84527545685215300e-05,5.47610692436027335e-01,5.52696863669183580e-01,5.08617123315624475e-03,9.64537292681697238e+01,1.27067055159405555e+02,3.06133258912358315e+01,1.51161420548624387e-01,1.54372514409311989e-01,3.21109386068760272e-03,4.19762902177426178e-01,5.64234469255341042e-01,1.44471567077914864e-01,1.59858430658589741e-03,0.00000000000000000e+00,-1.59858430658589741e-03,7.96156508944356744e-03,0.00000000000000000e+00,-7.96156508944356744e-03,3.96077057090769946e+00,3.96077057090769946e+00,7.99049823221577693e-01,7.93772092472073032e-01,1.90278831199998422e+00,0,1,0,ok,local phi scan best endpoint
88,5088,256,8.39999999999999969e-01,free_ricci,sum_channel,voro_radical,voro_radical_fixed_topology,1,1,1.24660853265771435e-01,1.15905120801808245e-01,-8.75573246396318949e-03,7.64619821503754460e-02,6.19474351527617275e-12,-7.64619821441807068e-02,1.23216153339679987e-01,1.18662979078436606e-01,-4.55317426124338120e-03,5.47610692436027335e-01,4.48936028880239774e-11,-5.47610692391133691e-01,9.64537292681697238e+01,7.39785792089641415e-09,-9.64537292607718655e+01,1.51161420548624387e-01,2.08271647483105010e-10,-1.51161420340352737e-01,4.19762902177426178e-01,4.33619986095272003e-10,-4.19762901743806205e-01,1.59858430658589741e-03,4.07125369489336286e+00,4.06965511058677709e+00,7.96156508944356744e-03,7.11895600776981219e-01,7.03934035687537651e-01,3.96077057090769946e+00,4.98903962716575400e+00,7.99049823221577693e-01,9.16421675733071539e-01,1.15601366000021244e-01,1,1,1,ok,converged: max_abs_K < tol
88,5088,256,8.39999999999999969e-01,post_voro_surgery,topology,voro_radical,post_surgery_nonradical,1,1,1.24660853265771435e-01,1.46372278628664615e-01,2.17114253628931803e-02,7.64619821503754460e-02,6.74878955167900613e-02,-8.97408663358538472e-03,1.23216153339679987e-01,1.53593148419364195e-01,3.03769950796842075e-02,5.47610692436027335e-01,4.92965580486961930e-01,-5.46451119490654058e-02,9.64537292681697238e+01,7.77085750043146390e+01,-1.87451542638550848e+01,1.51161420548624387e-01,1.38772094444911842e-01,-1.23893261037125446e-02,4.19762902177426178e-01,3.49537764202495715e-01,-7.02251379749304627e-02,1.59858430658589741e-03,1.59858430658589741e-03,0.00000000000000000e+00,7.96156508944356744e-03,7.96156508944356744e-03,0.00000000000000000e+00,3.96077057090769946e+00,3.96077057090769946e+00,7.99049823221577693e-01,8.34693768145618464e-01,8.31072303619999957e+01,1,0,0,ok,light topology surgery; no longer radical
88,5088,256,8.39999999999999969e-01,radius_label_swap,sum_channel,voro_radical,voro_radical_rebuilt,1,1,1.24660853265771435e-01,1.24661763895196842e-01,9.10629425407427640e-07,7.64619821503754460e-02,7.64623090473798284e-02,3.26897004382376011e-07,1.23216153339679987e-01,1.23216718198887340e-01,5.64859207352608195e-07,5.47610692436027335e-01,5.47609947603908909e-01,-7.44832118426685952e-07,9.64537292681697238e+01,9.64535873124595753e+01,-1.41955710148522485e-04,1.51161420548624387e-01,1.51161236020765394e-01,-1.84527858992922233e-07,4.19762902177426178e-01,4.19762544194728970e-01,-3.57982697207770428e-07,1.59858430658589741e-03,1.60155020000242758e-03,2.96589341653016522e-06,7.96156508944356744e-03,7.96156508944356744e-03,0.00000000000000000e+00,3.96077057090769946e+00,3.96077057090769946e+00,7.99049823221577693e-01,7.99037567634561130e-01,8.17817059399999380e+00,0,0,0,ok,radius labels permuted; distribution exactly preserved
88,5088,256,8.39999999999999969e-01,shape_descent,shape_channel,voro_radical,voro_radical_rebuilt,1,1,1.24660853265771435e-01,1.24594043358626852e-01,-6.68099071445826809e-05,7.64619821503754460e-02,7.64619821503754182e-02,-2.77555756156289135e-17,1.23216153339679987e-01,1.23190911683034005e-01,-2.52416566459828795e-05,5.47610692436027335e-01,5.47610692436027335e-01,0.00000000000000000e+00,9.64537292681697238e+01,9.64537292681697238e+01,0.00000000000000000e+00,1.51161420548624387e-01,1.51161420548624387e-01,0.00000000000000000e+00,4.19762902177426178e-01,4.19762902177426178e-01,0.00000000000000000e+00,1.59858430658589741e-03,1.64400213979365960e-03,4.54178332077621871e-05,7.96156508944356744e-03,7.96156508944356744e-03,0.00000000000000000e+00,3.96077057090769946e+00,3.96077057090769946e+00,7.99049823221577693e-01,7.99049823221577693e-01,5.75035598599998821e+00,1,1,1,ok,stochastic coordinate shape descent
89,5089,256,8.39999999999999969e-01,bounded_ricci_du010,sum_channel,voro_radical,voro_radical_fixed_topology,1,1,1.23766968879074860e-01,1.19415726124076901e-01,-4.35124275499795821e-03,8.35672132556757874e-02,6.75169834470537578e-02,-1.60502298086220296e-02,1.22389392491993917e-01,1.21156978253358569e-01,-1.23241423863534871e-03,5.90745387645642883e-01,4.75777937503639614e-01,-1.14967450142003269e-01,1.18552633521825612e+02,8.45848493434996982e+01,-3.39677841783259140e+01,1.56728960716127963e-01,1.31722330986867059e-01,-2.50066297292609041e-02,5.17134932023198268e-01,4.21646361443164364e-01,-9.54885705800339046e-02,9.01285642491904447e-04,5.31247560138808153e-02,5.22234703713889137e-02,5.63514728924285890e-03,6.27939437130939915e-02,5.71587964238511326e-02,3.96077057090769946e+00,3.82075414930439505e+00,7.73123822694960827e-01,8.26192697571105250e-01,1.22349640999971143e-01,1,1,1,ok,relative_bounded_ricci
89,5089,256,8.39999999999999969e-01,box_shear_aspect,shape_channel,voro_radical,voro_radical_rebuilt,1,1,1.23766968879074860e-01,1.23766124399651081e-01,-8.44479423778299321e-07,8.35672132556757874e-02,8.35672132556757874e-02,0.00000000000000000e+00,1.22389392491993917e-01,1.22388975860686727e-01,-4.16631307190162836e-07,5.90745387645642883e-01,5.90745387645642883e-01,0.00000000000000000e+00,1.18552633521825612e+02,1.18552633521825612e+02,0.00000000000000000e+00,1.56728960716127963e-01,1.56728960716127963e-01,0.00000000000000000e+00,5.17134932023198268e-01,5.17134932023198268e-01,0.00000000000000000e+00,9.01285642491904447e-04,9.00161630263330041e-04,-1.12401222857440655e-06,5.63514728924285890e-03,5.63491443784069901e-03,-2.32851402159894860e-07,3.96077057090769946e+00,3.96077057090769946e+00,7.73123822694960827e-01,7.73123822694960827e-01,4.72814226299999518e+00,0,1,0,ok,aspect-only box strain; shear omitted for rectangular voro++ container
89,5089,256,8.39999999999999969e-01,compression_step,coupled,voro_radical,voro_radical_rebuilt,1,1,1.23766968879074860e-01,1.23766968879074846e-01,-1.38777878078144568e-17,8.35672132556757874e-02,8.35672132556757596e-02,-2.77555756156289135e-17,1.22389392491993917e-01,1.22389392491994015e-01,9.71445146547011973e-17,5.90745387645642883e-01,5.90745387645642883e-01,0.00000000000000000e+00,1.18552633521825612e+02,1.18552633521825612e+02,0.00000000000000000e+00,1.56728960716127963e-01,1.56728960716127963e-01,0.00000000000000000e+00,5.17134932023198268e-01,5.17134932023198268e-01,0.00000000000000000e+00,9.01285642491904447e-04,0.00000000000000000e+00,-9.01285642491904447e-04,5.63514728924285890e-03,0.00000000000000000e+00,-5.63514728924285890e-03,3.96077057090769946e+00,3.96077057090769946e+00,7.73123822694960827e-01,7.73123822694960827e-01,1.72821280499999830e+00,1,0,0,ok,local phi scan best endpoint
89,5089,256,8.39999999999999969e-01,free_ricci,sum_channel,voro_radical,voro_radical_fixed_topology,1,1,1.23766968879074860e-01,1.16336441031543100e-01,-7.43052784753175932e-03,8.35672132556757874e-02,7.21508506049260924e-12,-8.35672132484606978e-02,1.22389392491993917e-01,1.18201195411873003e-01,-4.18819708012091452e-03,5.90745387645642883e-01,5.01633886658892680e-11,-5.90745387595479454e-01,1.18552633521825612e+02,7.74172399914850571e-09,-1.18552633514083894e+02,1.56728960716127963e-01,2.29085521440890885e-10,-1.56728960487042435e-01,5.17134932023198268e-01,4.51832184161865080e-10,-5.17134931571366030e-01,9.01285642491904447e-04,3.67060247555032948e+00,3.66970118990783778e+00,5.63514728924285890e-03,6.06158207636429358e-01,6.00523060347186499e-01,3.96077057090769946e+00,4.83103253329052151e+00,7.73123822694960827e-01,9.20189493544687709e-01,1.92765769999994063e-01,1,1,1,ok,converged: max_abs_K < tol
89,5089,256,8.39999999999999969e-01,post_voro_surgery,topology,voro_radical,post_surgery_nonradical,1,1,1.23766968879074860e-01,1.39464005825377130e-01,1.56970369463022702e-02,8.35672132556757874e-02,7.39262938216393439e-02,-9.64091943403644347e-03,1.22389392491993917e-01,1.48076434814596786e-01,2.56870423226028682e-02,5.90745387645642883e-01,5.20785161105633221e-01,-6.99602265400096623e-02,1.18552633521825612e+02,8.27775317991254838e+01,-3.57751017227001284e+01,1.56728960716127963e-01,1.48289276508557361e-01,-8.43968420757060245e-03,5.17134932023198268e-01,3.42126490565152319e-01,-1.75008441458045949e-01,9.01285642491904447e-04,9.01285642491904447e-04,0.00000000000000000e+00,5.63514728924285890e-03,5.63514728924285890e-03,0.00000000000000000e+00,3.96077057090769946e+00,3.96077057090769946e+00,7.73123822694960827e-01,8.13446476261131979e-01,7.11691134739999711e+01,1,0,0,ok,light topology surgery; no longer radical
89,5089,256,8.39999999999999969e-01,radius_label_swap,sum_channel,voro_radical,voro_radical_rebuilt,1,1,1.23766968879074860e-01,1.23774952009042816e-01,7.98312996795613738e-06,8.35672132556757874e-02,8.35748821622013943e-02,7.66890652560692221e-06,1.22389392491993917e-01,1.22389226753604793e-01,-1.65738389124037155e-07,5.90745387645642883e-01,5.90800910439333249e-01,5.55227936903657238e-05,1.18552633521825612e+02,1.18563186796910912e+02,1.05532750853001289e-02,1.56728960716127963e-01,1.56744028091148624e-01,1.50673750206609114e-05,5.17134932023198268e-01,5.17134925617299790e-01,-6.40589847833439308e-09,9.01285642491904447e-04,9.06904452359609233e-04,5.61880986770478541e-06,5.63514728924285890e-03,5.63514728924285890e-03,0.00000000000000000e+00,3.96077057090769946e+00,3.96077057090769946e+00,7.73123822694960827e-01,7.73098317169784943e-01,9.94033262400000694e+00,0,1,0,ok,radius labels permuted; distribution exactly preserved
89,5089,256,8.39999999999999969e-01,shape_descent,shape_channel,voro_radical,voro_radical_rebuilt,1,1,1.23766968879074860e-01,1.23742729033867835e-01,-2.42398452070247128e-05,8.35672132556757874e-02,8.35672132556757596e-02,-2.77555756156289135e-17,1.22389392491993917e-01,1.22316216307137293e-01,-7.31761848566242490e-05,5.90745387645642883e-01,5.90745387645642883e-01,0.00000000000000000e+00,1.18552633521825612e+02,1.18552633521825612e+02,0.00000000000000000e+00,1.56728960716127963e-01,1.56728960716127963e-01,0.00000000000000000e+00,5.17134932023198268e-01,5.17134932023198268e-01,0.00000000000000000e+00,9.01285642491904447e-04,9.10525123081631612e-04,9.23948058972716424e-06,5.63514728924285890e-03,5.63514728924285890e-03,0.00000000000000000e+00,3.96077057090769946e+00,3.96077057090769946e+00,7.73123822694960827e-01,7.73123822694960827e-01,6.74414371799997525e+00,1,1,1,ok,stochastic coordinate shape descent
90,5090,256,8.39999999999999969e-01,bounded_ricci_du010,sum_channel,voro_radical,voro_radical_fixed_topology,1,1,1.26614541491744864e-01,1.22610509144762250e-01,-4.00403234698261390e-03,7.20408092916851039e-02,5.62223563299610457e-02,-1.58184529617240582e-02,1.27148102214674125e-01,1.25724633305340616e-01,-1.42346890933350845e-03,5.16911015498721427e-01,4.01855434577233994e-01,-1.15055580921487433e-01,1.16401375486659617e+02,8.16872223451880757e+01,-3.47141531414715416e+01,1.49670453228209016e-01,1.22350329708989861e-01,-2.73201235192191555e-02,5.30037950371215594e-01,4.35921611085679950e-01,-9.41163392855356440e-02,1.86159009829948248e-03,1.18521220557995910e-01,1.16659630459696434e-01,8.67176340090480835e-03,1.13526387981590204e-01,1.04854624580685396e-01,3.96077057090769946e+00,4.35653340256610644e+00,8.12207548846997640e-01,8.62749358779855480e-01,1.79350852000027317e-01,1,1,1,ok,relative_bounded_ricci
90,5090,256,8.39999999999999969e-01,box_shear_aspect,shape_channel,voro_radical,voro_radical_rebuilt,1,1,1.26614541491744864e-01,1.26614541491744864e-01,0.00000000000000000e+00,7.20408092916851039e-02,7.20408092916851039e-02,0.00000000000000000e+00,1.27148102214674125e-01,1.27148102214674125e-01,0.00000000000000000e+00,5.16911015498721427e-01,5.16911015498721427e-01,0.00000000000000000e+00,1.16401375486659617e+02,1.16401375486659617e+02,0.00000000000000000e+00,1.49670453228209016e-01,1.49670453228209016e-01,0.00000000000000000e+00,5.30037950371215594e-01,5.30037950371215594e-01,0.00000000000000000e+00,1.86159009829948248e-03,1.86159009829948248e-03,0.00000000000000000e+00,8.67176340090480835e-03,8.67176340090480835e-03,0.00000000000000000e+00,3.96077057090769946e+00,3.96077057090769946e+00,8.12207548846997640e-01,8.12207548846997640e-01,5.30845909600003552e+00,0,0,0,ok,aspect-only box strain; shear omitted for rectangular voro++ container
90,5090,256,8.39999999999999969e-01,compression_step,coupled,voro_radical,voro_radical_rebuilt,1,1,1.26614541491744864e-01,1.26614541491744892e-01,2.77555756156289135e-17,7.20408092916851039e-02,7.20408092916851039e-02,0.00000000000000000e+00,1.27148102214674125e-01,1.27148102214674069e-01,-5.55111512312578270e-17,5.16911015498721427e-01,5.16911015498721427e-01,0.00000000000000000e+00,1.16401375486659617e+02,1.16401375486659617e+02,0.00000000000000000e+00,1.49670453228209016e-01,1.49670453228209016e-01,0.00000000000000000e+00,5.30037950371215594e-01,5.30037950371215594e-01,0.00000000000000000e+00,1.86159009829948248e-03,0.00000000000000000e+00,-1.86159009829948248e-03,8.67176340090480835e-03,0.00000000000000000e+00,-8.67176340090480835e-03,3.96077057090769946e+00,3.96077057090769946e+00,8.12207548846997640e-01,8.12207548846997640e-01,2.07425310499996840e+00,0,1,0,ok,local phi scan best endpoint
90,5090,256,8.39999999999999969e-01,free_ricci,sum_channel,voro_radical,voro_radical_fixed_topology,1,1,1.26614541491744864e-01,1.19941468371849158e-01,-6.67307311989570606e-03,7.20408092916851039e-02,8.87734666833881634e-12,-7.20408092828077606e-02,1.27148102214674125e-01,1.23097252864850279e-01,-4.05084934982384570e-03,5.16911015498721427e-01,5.78198509425686288e-11,-5.16911015440901567e-01,1.16401375486659617e+02,9.16695806607620159e-09,-1.16401375477492664e+02,1.49670453228209016e-01,2.67781687754125549e-10,-1.49670452960427330e-01,5.30037950371215594e-01,4.51225968441836095e-10,-5.30037949919989648e-01,1.86159009829948248e-03,4.44999445116456105e+00,4.44813286106626116e+00,8.67176340090480835e-03,5.47568127530047910e-01,5.38896364129143102e-01,3.96077057090769946e+00,6.33717927614702337e+00,8.12207548846997640e-01,9.13181457733452273e-01,1.37833635999982107e-01,1,1,1,ok,converged: max_abs_K < tol
90,5090,256,8.39999999999999969e-01,post_voro_surgery,topology,voro_radical,post_surgery_nonradical,1,1,1.26614541491744864e-01,1.49498060540070088e-01,2.28835190483252238e-02,7.20408092916851039e-02,6.76112280612880812e-02,-4.42958123039702278e-03,1.27148102214674125e-01,1.57816016440605639e-01,3.06679142259315141e-02,5.16911015498721427e-01,4.85740542948341625e-01,-3.11704725503798019e-02,1.16401375486659617e+02,8.20494764879730809e+01,-3.43518989986865364e+01,1.49670453228209016e-01,1.41167352813523606e-01,-8.50310041468541056e-03,5.30037950371215594e-01,3.68637788677583178e-01,-1.61400161693632416e-01,1.86159009829948248e-03,1.86159009829948248e-03,0.00000000000000000e+00,8.67176340090480835e-03,8.67176340090480835e-03,0.00000000000000000e+00,3.96077057090769946e+00,3.96077057090769946e+00,8.12207548846997640e-01,8.25774588581418834e-01,7.90032589880000273e+01,1,0,0,ok,light topology surgery; no longer radical
90,5090,256,8.39999999999999969e-01,radius_label_swap,sum_channel,voro_radical,voro_radical_rebuilt,1,1,1.26614541491744864e-01,1.26614541491744864e-01,0.00000000000000000e+00,7.20408092916851039e-02,7.20408092916851039e-02,0.00000000000000000e+00,1.27148102214674125e-01,1.27148102214674125e-01,0.00000000000000000e+00,5.16911015498721427e-01,5.16911015498721427e-01,0.00000000000000000e+00,1.16401375486659617e+02,1.16401375486659617e+02,0.00000000000000000e+00,1.49670453228209016e-01,1.49670453228209016e-01,0.00000000000000000e+00,5.30037950371215594e-01,5.30037950371215594e-01,0.00000000000000000e+00,1.86159009829948248e-03,1.86159009829948248e-03,0.00000000000000000e+00,8.67176340090480835e-03,8.67176340090480835e-03,0.00000000000000000e+00,3.96077057090769946e+00,3.96077057090769946e+00,8.12207548846997640e-01,8.12207548846997640e-01,8.82420523400003276e+00,0,0,0,ok,radius labels permuted; distribution exactly preserved
90,5090,256,8.39999999999999969e-01,shape_descent,shape_channel,voro_radical,voro_radical_rebuilt,1,1,1.26614541491744864e-01,1.26602559831779482e-01,-1.19816599653821410e-05,7.20408092916851039e-02,7.20408092916850762e-02,-2.77555756156289135e-17,1.27148102214674125e-01,1.27122721519675380e-01,-2.53806949987445130e-05,5.16911015498721427e-01,5.16911015498721427e-01,0.00000000000000000e+00,1.16401375486659617e+02,1.16401375486659617e+02,0.00000000000000000e+00,1.49670453228209016e-01,1.49670453228209016e-01,0.00000000000000000e+00,5.30037950371215594e-01,5.30037950371215594e-01,0.00000000000000000e+00,1.86159009829948248e-03,1.93079124072723400e-03,6.92011424277515219e-05,8.67176340090480835e-03,8.67176340090480835e-03,0.00000000000000000e+00,3.96077057090769946e+00,3.96077057090769946e+00,8.12207548846997640e-01,8.12207548846997640e-01,6.78228362999999490e+00,1,1,1,ok,stochastic coordinate shape descent
91,5091,256,8.39999999999999969e-01,bounded_ricci_du010,sum_channel,voro_radical,voro_radical_fixed_topology,1,1,1.15999650825705458e-01,1.11291486537338960e-01,-4.70816428836649814e-03,6.42791960262464601e-02,4.67063781732986461e-02,-1.75728178529478141e-02,1.15573330250505799e-01,1.14107020609522589e-01,-1.46630964098320993e-03,4.70859014040299506e-01,3.40201708617491883e-01,-1.30657305422807624e-01,1.01890078064034000e+02,6.76722255092180234e+01,-3.42178525548159769e+01,1.35774928220942670e-01,1.06882218105179616e-01,-2.88927101157630539e-02,5.02378360507587107e-01,3.99151661131738666e-01,-1.03226699375848441e-01,9.11901291709164076e-05,1.35828893488872310e-01,1.35737703359701395e-01,2.34928950440682627e-03,1.19703102383061921e-01,1.17353812878655095e-01,3.96077057090769946e+00,4.06251511061988335e+00,8.38454826643973750e-01,8.87428509024310808e-01,8.99347440000042297e-02,1,1,1,ok,relative_bounded_ricci
91,5091,256,8.39999999999999969e-01,box_shear_aspect,shape_channel,voro_radical,voro_radical_rebuilt,1,1,1.15999650825705458e-01,1.15999650825705458e-01,0.00000000000000000e+00,6.42791960262464601e-02,6.42791960262464601e-02,0.00000000000000000e+00,1.15573330250505799e-01,1.15573330250505799e-01,0.00000000000000000e+00,4.70859014040299506e-01,4.70859014040299506e-01,0.00000000000000000e+00,1.01890078064034000e+02,1.01890078064034000e+02,0.00000000000000000e+00,1.35774928220942670e-01,1.35774928220942670e-01,0.00000000000000000e+00,5.02378360507587107e-01,5.02378360507587107e-01,0.00000000000000000e+00,9.11901291709164076e-05,9.11901291709164076e-05,0.00000000000000000e+00,2.34928950440682627e-03,2.34928950440682627e-03,0.00000000000000000e+00,3.96077057090769946e+00,3.96077057090769946e+00,8.38454826643973750e-01,8.38454826643973750e-01,5.84014409799999612e+00,0,0,0,ok,aspect-only box strain; shear omitted for rectangular voro++ container
91,5091,256,8.39999999999999969e-01,compression_step,coupled,voro_radical,voro_radical_rebuilt,1,1,1.15999650825705458e-01,1.16067517925508068e-01,6.78670998026098538e-05,6.42791960262464601e-02,6.51508784510471672e-02,8.71682424800707123e-04,1.15573330250505799e-01,1.15039244482317699e-01,-5.34085768188100052e-04,4.70859014040299506e-01,4.76612648388948457e-01,5.75363434864895051e-03,1.01890078064034000e+02,1.02955255872537720e+02,1.06517780850371935e+00,1.35774928220942670e-01,1.37813318296432202e-01,2.03839007548953233e-03,5.02378360507587107e-01,5.01569074624388156e-01,-8.09285883198951339e-04,9.11901291709164076e-05,0.00000000000000000e+00,-9.11901291709164076e-05,2.34928950440682627e-03,0.00000000000000000e+00,-2.34928950440682627e-03,3.96077057090769946e+00,3.96077057090769946e+00,8.38454826643973750e-01,8.35778134328040823e-01,2.04725849999999809e+00,0,1,0,ok,local phi scan best endpoint
91,5091,256,8.39999999999999969e-01,free_ricci,sum_channel,voro_radical,voro_radical_fixed_topology,1,1,1.15999650825705458e-01,1.09324314924042154e-01,-6.67533590166330404e-03,6.42791960262464601e-02,6.99300218288670047e-12,-6.42791960192534567e-02,1.15573330250505799e-01,1.12272046865248817e-01,-3.30128338525698117e-03,4.70859014040299506e-01,4.92037559397833247e-11,-4.70859013991095754e-01,1.01890078064034000e+02,8.25971403595167222e-09,-1.01890078055774282e+02,1.35774928220942670e-01,2.29839062132922696e-10,-1.35774927991103606e-01,5.02378360507587107e-01,4.58472671462924462e-10,-5.02378360049114403e-01,9.11901291709164076e-05,3.83215107426199975e+00,3.83205988413282883e+00,2.34928950440682627e-03,5.30953238603022903e-01,5.28603949098616077e-01,3.96077057090769946e+00,4.77015209170705923e+00,8.38454826643973750e-01,9.22250553455879030e-01,1.18177908999996362e-01,1,1,1,ok,converged: max_abs_K < tol
91,5091,256,8.39999999999999969e-01,post_voro_surgery,topology,voro_radical,post_surgery_nonradical,1,1,1.15999650825705458e-01,1.26464221465187682e-01,1.04645706394822235e-02,6.42791960262464601e-02,6.00133406594987387e-02,-4.26585536674772142e-03,1.15573330250505799e-01,1.29212023732710568e-01,1.36386934822047695e-02,4.70859014040299506e-01,4.41634272434477670e-01,-2.92247416058218357e-02,1.01890078064034000e+02,6.72744982175709225e+01,-3.46155798464630777e+01,1.35774928220942670e-01,1.22373440613991025e-01,-1.34014876069516453e-02,5.02378360507587107e-01,3.43391925283244692e-01,-1.58986435224342415e-01,9.11901291709164076e-05,9.11901291709164076e-05,0.00000000000000000e+00,2.34928950440682627e-03,2.34928950440682627e-03,0.00000000000000000e+00,3.96077057090769946e+00,3.96077057090769946e+00,8.38454826643973750e-01,8.35515365342162086e-01,7.23724845269999832e+01,1,0,0,ok,light topology surgery; no longer radical
91,5091,256,8.39999999999999969e-01,radius_label_swap,sum_channel,voro_radical,voro_radical_rebuilt,1,1,1.15999650825705458e-01,1.15999650825705458e-01,0.00000000000000000e+00,6.42791960262464601e-02,6.42791960262464601e-02,0.00000000000000000e+00,1.15573330250505799e-01,1.15573330250505799e-01,0.00000000000000000e+00,4.70859014040299506e-01,4.70859014040299506e-01,0.00000000000000000e+00,1.01890078064034000e+02,1.01890078064034000e+02,0.00000000000000000e+00,1.35774928220942670e-01,1.35774928220942670e-01,0.00000000000000000e+00,5.02378360507587107e-01,5.02378360507587107e-01,0.00000000000000000e+00,9.11901291709164076e-05,9.11901291709164076e-05,0.00000000000000000e+00,2.34928950440682627e-03,2.34928950440682627e-03,0.00000000000000000e+00,3.96077057090769946e+00,3.96077057090769946e+00,8.38454826643973750e-01,8.38454826643973750e-01,7.86044164999998429e+00,0,0,0,ok,radius labels permuted; distribution exactly preserved
91,5091,256,8.39999999999999969e-01,shape_descent,shape_channel,voro_radical,voro_radical_rebuilt,1,1,1.15999650825705458e-01,1.15935099962539853e-01,-6.45508631656049880e-05,6.42791960262464601e-02,6.42791960262464462e-02,-1.38777878078144568e-17,1.15573330250505799e-01,1.15549278338727843e-01,-2.40519117779558478e-05,4.70859014040299506e-01,4.70859014040299506e-01,0.00000000000000000e+00,1.01890078064034000e+02,1.01890078064034000e+02,0.00000000000000000e+00,1.35774928220942670e-01,1.35774928220942670e-01,0.00000000000000000e+00,5.02378360507587107e-01,5.02378360507587107e-01,0.00000000000000000e+00,9.11901291709164076e-05,9.17197308030153461e-05,5.29601632098938499e-07,2.34928950440682627e-03,2.34928950440682627e-03,0.00000000000000000e+00,3.96077057090769946e+00,3.96077057090769946e+00,8.38454826643973750e-01,8.38454826643973750e-01,6.39158863400001565e+00,1,1,1,ok,stochastic coordinate shape descent
92,5092,256,8.39999999999999969e-01,bounded_ricci_du010,sum_channel,voro_radical,voro_radical_fixed_topology,1,1,1.23365738761729571e-01,1.19401604309299580e-01,-3.96413445242999041e-03,7.17938165799657940e-02,5.98441497685091722e-02,-1.19496668114566218e-02,1.20872697007426269e-01,1.19830576982117798e-01,-1.04212002530847114e-03,5.45422919572069231e-01,4.53817073299671137e-01,-9.16058462723980949e-02,1.39657170598535060e+02,1.02948893380464042e+02,-3.67082772180710180e+01,1.47562177967278690e-01,1.27296799877568728e-01,-2.02653780897099622e-02,6.35808206027690836e-01,5.31670051709887681e-01,-1.04138154317803155e-01,1.02502908899019065e-03,4.21422624777738203e-02,4.11172333887836264e-02,6.01010563879578186e-03,6.64458720426694960e-02,6.04357664038737141e-02,3.96077057090769946e+00,3.84293998154289707e+00,7.87212258220793659e-01,8.27690089897798686e-01,1.21099619999995411e-01,1,1,1,ok,relative_bounded_ricci
92,5092,256,8.39999999999999969e-01,box_shear_aspect,shape_channel,voro_radical,voro_radical_rebuilt,1,1,1.23365738761729571e-01,1.23365505114643670e-01,-2.33647085901012019e-07,7.17938165799657940e-02,7.17938165799657940e-02,0.00000000000000000e+00,1.20872697007426269e-01,1.20872614228024380e-01,-8.27794018887217931e-08,5.45422919572069231e-01,5.45422919572069231e-01,0.00000000000000000e+00,1.39657170598535060e+02,1.39657170598535060e+02,0.00000000000000000e+00,1.47562177967278690e-01,1.47562177967278690e-01,0.00000000000000000e+00,6.35808206027690836e-01,6.35808206027690836e-01,0.00000000000000000e+00,1.02502908899019065e-03,1.02483147875321169e-03,-1.97610236978961601e-07,6.01010563879578186e-03,5.99882898617187799e-03,-1.12766526239038711e-05,3.96077057090769946e+00,3.96077057090769946e+00,7.87212258220793659e-01,7.87212258220793659e-01,3.53011134100000845e+00,0,1,0,ok,aspect-only box strain; shear omitted for rectangular voro++ container
92,5092,256,8.39999999999999969e-01,compression_step,coupled,voro_radical,voro_radical_rebuilt,1,1,1.23365738761729571e-01,1.23648481259393636e-01,2.82742497664065229e-04,7.17938165799657940e-02,7.19850983944138462e-02,1.91281814448052145e-04,1.20872697007426269e-01,1.21255037792666179e-01,3.82340785239909664e-04,5.45422919572069231e-01,5.47175640329258028e-01,1.75272075718879705e-03,1.39657170598535060e+02,1.39672659102663403e+02,1.54885041283421288e-02,1.47562177967278690e-01,1.47158894443507993e-01,-4.03283523770697760e-04,6.35808206027690836e-01,6.36960907625344741e-01,1.15270159765390456e-03,1.02502908899019065e-03,0.00000000000000000e+00,-1.02502908899019065e-03,6.01010563879578186e-03,0.00000000000000000e+00,-6.01010563879578186e-03,3.96077057090769946e+00,3.96077057090769946e+00,7.87212258220793659e-01,7.84713468033613637e-01,1.11421460099995784e+00,0,0,0,ok,local phi scan best endpoint
92,5092,256,8.39999999999999969e-01,free_ricci,sum_channel,voro_radical,voro_radical_fixed_topology,1,1,1.23365738761729571e-01,1.14792567823736161e-01,-8.57317093799341012e-03,7.17938165799657940e-02,6.87352653850663288e-12,-7.17938165730922645e-02,1.20872697007426269e-01,1.17452736801031840e-01,-3.41996020639442899e-03,5.45422919572069231e-01,4.90026956378251316e-11,-5.45422919523066541e-01,1.39657170598535060e+02,8.76816138104600296e-09,-1.39657170589766906e+02,1.47562177967278690e-01,2.32354145163797542e-10,-1.47562177734924554e-01,6.35808206027690836e-01,4.74736889381783881e-10,-6.35808205552953920e-01,1.02502908899019065e-03,3.54299127784948897e+00,3.54196624876049881e+00,6.01010563879578186e-03,5.47496427195564461e-01,5.41486321556768679e-01,3.96077057090769946e+00,5.11350458652607642e+00,7.87212258220793659e-01,9.13556450241326923e-01,1.66791310000007797e-01,1,1,1,ok,converged: max_abs_K < tol
92,5092,256,8.39999999999999969e-01,post_voro_surgery,topology,voro_radical,post_surgery_nonradical,1,1,1.23365738761729571e-01,1.32783244207005685e-01,9.41750544527611422e-03,7.17938165799657940e-02,6.42945246738547277e-02,-7.49929190611106633e-03,1.20872697007426269e-01,1.37718975899737112e-01,1.68462788923108425e-02,5.45422919572069231e-01,4.68052493660281566e-01,-7.73704259117876658e-02,1.39657170598535060e+02,6.70953729094270273e+01,-7.25617976891080332e+01,1.47562177967278690e-01,1.26183131888201128e-01,-2.13790460790775627e-02,6.35808206027690836e-01,3.26979620602876442e-01,-3.08828585424814395e-01,1.02502908899019065e-03,1.02502908899019065e-03,0.00000000000000000e+00,6.01010563879578186e-03,6.01010563879578186e-03,0.00000000000000000e+00,3.96077057090769946e+00,3.96077057090769946e+00,7.87212258220793659e-01,8.25999869104624862e-01,6.98713501280000742e+01,1,0,0,ok,light topology surgery; no longer radical
92,5092,256,8.39999999999999969e-01,radius_label_swap,sum_channel,voro_radical,voro_radical_rebuilt,1,1,1.23365738761729571e-01,1.23364158115316994e-01,-1.58064641257726901e-06,7.17938165799657940e-02,7.17948047905528214e-02,9.88210587027360532e-07,1.20872697007426269e-01,1.20872951920632868e-01,2.54913206598761377e-07,5.45422919572069231e-01,5.45422242783577871e-01,-6.76788491360547084e-07,1.39657170598535060e+02,1.39654490728277011e+02,-2.67987025804927725e-03,1.47562177967278690e-01,1.47555753769403303e-01,-6.42419787538761611e-06,6.35808206027690836e-01,6.35814258866438275e-01,6.05283874743900441e-06,1.02502908899019065e-03,1.02383801179213151e-03,-1.19107719805913899e-06,6.01010563879578186e-03,6.01010563879578186e-03,0.00000000000000000e+00,3.96077057090769946e+00,3.96077057090769946e+00,7.87212258220793659e-01,7.87212258220793659e-01,6.96579776700002640e+00,0,0,0,ok,radius labels permuted; distribution exactly preserved
92,5092,256,8.39999999999999969e-01,shape_descent,shape_channel,voro_radical,voro_radical_rebuilt,1,1,1.23365738761729571e-01,1.23275667653643450e-01,-9.00711080861205104e-05,7.17938165799657940e-02,7.17938165799657940e-02,0.00000000000000000e+00,1.20872697007426269e-01,1.20662545575827465e-01,-2.10151431598804006e-04,5.45422919572069231e-01,5.45422919572069231e-01,0.00000000000000000e+00,1.39657170598535060e+02,1.39657170598535060e+02,0.00000000000000000e+00,1.47562177967278690e-01,1.47562177967278690e-01,0.00000000000000000e+00,6.35808206027690836e-01,6.35808206027690836e-01,0.00000000000000000e+00,1.02502908899019065e-03,1.04060912075043771e-03,1.55800317602470574e-05,6.01010563879578186e-03,6.01010563879578186e-03,0.00000000000000000e+00,3.96077057090769946e+00,3.96077057090769946e+00,7.87212258220793659e-01,7.87212258220793659e-01,5.21431651700004295e+00,0,1,0,ok,stochastic coordinate shape descent
93,5093,256,8.39999999999999969e-01,bounded_ricci_du010,sum_channel,voro_radical,voro_radical_fixed_topology,1,1,1.20291238028750982e-01,1.14846321360254897e-01,-5.44491666849608591e-03,7.69787609409113699e-02,5.94223582872285203e-02,-1.75564026536828496e-02,1.19406908199982439e-01,1.17353386585412625e-01,-2.05352161456981430e-03,5.60949372363353849e-01,4.31304398463861816e-01,-1.29644973899492033e-01,9.82971982749477888e+01,6.70233445852178562e+01,-3.12738536897299326e+01,1.52331660795827606e-01,1.23032214350277960e-01,-2.92994464455496456e-02,4.26381837419888332e-01,3.39383563531915844e-01,-8.69982738879724882e-02,4.00027542794182192e-03,1.15859394702745783e-01,1.11859119274803964e-01,1.09924239514023192e-02,9.36010889138465529e-02,8.26086649624442337e-02,3.96077057090769946e+00,3.97209338372815646e+00,7.52443262895407972e-01,8.15035993440113016e-01,1.16001430999972399e-01,1,1,1,ok,relative_bounded_ricci
93,5093,256,8.39999999999999969e-01,box_shear_aspect,shape_channel,voro_radical,voro_radical_rebuilt,1,1,1.20291238028750982e-01,1.20287886971925925e-01,-3.35105682505720814e-06,7.69787609409113699e-02,7.69787609409113699e-02,0.00000000000000000e+00,1.19406908199982439e-01,1.19400959007483196e-01,-5.94919249924386051e-06,5.60949372363353849e-01,5.60949372363353849e-01,0.00000000000000000e+00,9.82971982749477888e+01,9.82971982749477888e+01,0.00000000000000000e+00,1.52331660795827606e-01,1.52331660795827606e-01,0.00000000000000000e+00,4.26381837419888332e-01,4.26381837419888332e-01,0.00000000000000000e+00,4.00027542794182192e-03,3.99207664103485259e-03,-8.19878690696933254e-06,1.09924239514023192e-02,1.11913968770336325e-02,1.98972925631313302e-04,3.96077057090769946e+00,3.96077057090769946e+00,7.52443262895407972e-01,7.52443262895407972e-01,3.83441804000000275e+00,0,1,0,ok,aspect-only box strain; shear omitted for rectangular voro++ container
93,5093,256,8.39999999999999969e-01,compression_step,coupled,voro_radical,voro_radical_rebuilt,1,1,1.20291238028750982e-01,1.20291238028750955e-01,-2.77555756156289135e-17,7.69787609409113699e-02,7.69787609409113421e-02,-2.77555756156289135e-17,1.19406908199982439e-01,1.19406908199982439e-01,0.00000000000000000e+00,5.60949372363353849e-01,5.60949372363353849e-01,0.00000000000000000e+00,9.82971982749477888e+01,9.82971982749477888e+01,0.00000000000000000e+00,1.52331660795827606e-01,1.52331660795827606e-01,0.00000000000000000e+00,4.26381837419888332e-01,4.26381837419888332e-01,0.00000000000000000e+00,4.00027542794182192e-03,0.00000000000000000e+00,-4.00027542794182192e-03,1.09924239514023192e-02,0.00000000000000000e+00,-1.09924239514023192e-02,3.96077057090769946e+00,3.96077057090769946e+00,7.52443262895407972e-01,7.52443262895407972e-01,1.94512068899996393e+00,1,0,0,ok,local phi scan best endpoint
93,5093,256,8.39999999999999969e-01,free_ricci,sum_channel,voro_radical,voro_radical_fixed_topology,1,1,1.20291238028750982e-01,1.12396191299738324e-01,-7.89504672901265858e-03,7.69787609409113699e-02,6.46998039634713133e-12,-7.69787609344413926e-02,1.19406908199982439e-01,1.14671153783067373e-01,-4.73575441691506671e-03,5.60949372363353849e-01,4.59086110144904457e-11,-5.60949372317445238e-01,9.82971982749477888e+01,8.02820329764741010e-09,-9.82971982669195796e+01,1.52331660795827606e-01,2.15955150900685434e-10,-1.52331660579872463e-01,4.26381837419888332e-01,4.35069768233880922e-10,-4.26381836984818574e-01,4.00027542794182192e-03,4.38513424794848738e+00,4.38113397252054515e+00,1.09924239514023192e-02,6.11640809144081032e-01,6.00648385192678713e-01,3.96077057090769946e+00,4.58631357012322383e+00,7.52443262895407972e-01,9.06249240733169148e-01,1.28110490999972626e-01,1,1,1,ok,converged: max_abs_K < tol
93,5093,256,8.39999999999999969e-01,post_voro_surgery,topology,voro_radical,post_surgery_nonradical,1,1,1.20291238028750982e-01,1.38157947011456422e-01,1.78667089827054398e-02,7.69787609409113699e-02,6.30332917356998118e-02,-1.39454692052115581e-02,1.19406908199982439e-01,1.47355994519687311e-01,2.79490863197048717e-02,5.60949372363353849e-01,4.55093245461124729e-01,-1.05856126902229120e-01,9.82971982749477888e+01,6.92750733772884644e+01,-2.90221248976593245e+01,1.52331660795827606e-01,1.30223427772365064e-01,-2.21082330234625424e-02,4.26381837419888332e-01,3.25417978901737792e-01,-1.00963858518150540e-01,4.00027542794182192e-03,4.00027542794182192e-03,0.00000000000000000e+00,1.09924239514023192e-02,1.09924239514023192e-02,0.00000000000000000e+00,3.96077057090769946e+00,3.96077057090769946e+00,7.52443262895407972e-01,8.08565003555661410e-01,8.15278443210000319e+01,1,0,0,ok,light topology surgery; no longer radical
93,5093,256,8.39999999999999969e-01,radius_label_swap,sum_channel,voro_radical,voro_radical_rebuilt,1,1,1.20291238028750982e-01,1.20291238028750982e-01,0.00000000000000000e+00,7.69787609409113699e-02,7.69787609409113699e-02,0.00000000000000000e+00,1.19406908199982439e-01,1.19406908199982439e-01,0.00000000000000000e+00,5.60949372363353849e-01,5.60949372363353849e-01,0.00000000000000000e+00,9.82971982749477888e+01,9.82971982749477888e+01,0.00000000000000000e+00,1.52331660795827606e-01,1.52331660795827606e-01,0.00000000000000000e+00,4.26381837419888332e-01,4.26381837419888332e-01,0.00000000000000000e+00,4.00027542794182192e-03,4.00027542794182192e-03,0.00000000000000000e+00,1.09924239514023192e-02,1.09924239514023192e-02,0.00000000000000000e+00,3.96077057090769946e+00,3.96077057090769946e+00,7.52443262895407972e-01,7.52443262895407972e-01,7.81388672399998541e+00,0,0,0,ok,radius labels permuted; distribution exactly preserved
93,5093,256,8.39999999999999969e-01,shape_descent,shape_channel,voro_radical,voro_radical_rebuilt,1,1,1.20291238028750982e-01,1.20297504621046950e-01,6.26659229596704392e-06,7.69787609409113699e-02,7.69787609409113838e-02,1.38777878078144568e-17,1.19406908199982439e-01,1.19431559328806794e-01,2.46511288243544957e-05,5.60949372363353849e-01,5.60949372363353849e-01,0.00000000000000000e+00,9.82971982749477888e+01,9.82971982749477888e+01,0.00000000000000000e+00,1.52331660795827606e-01,1.52331660795827606e-01,0.00000000000000000e+00,4.26381837419888332e-01,4.26381837419888332e-01,0.00000000000000000e+00,4.00027542794182192e-03,4.13223540313270663e-03,1.31959975190884711e-04,1.09924239514023192e-02,1.09924239514023192e-02,0.00000000000000000e+00,3.96077057090769946e+00,3.96077057090769946e+00,7.52443262895407972e-01,7.52443262895407972e-01,5.79464567399998032e+00,0,0,0,ok,stochastic coordinate shape descent
94,5094,256,8.39999999999999969e-01,bounded_ricci_du010,sum_channel,voro_radical,voro_radical_fixed_topology,1,1,1.24846316940956145e-01,1.19872538219821356e-01,-4.97377872113478892e-03,7.38714845939091591e-02,5.00590856283011434e-02,-2.38123989656080157e-02,1.26804983446118374e-01,1.24962673217681633e-01,-1.84231022843674153e-03,5.31408452241858842e-01,3.61316573483261572e-01,-1.70091878758597270e-01,1.00649007586206380e+02,6.22732187691254069e+01,-3.83757888170809736e+01,1.44890035708670956e-01,1.05775140131350739e-01,-3.91148955773202162e-02,4.66983673005298805e-01,3.67803829624559320e-01,-9.91798433807394852e-02,5.69311438072541971e-04,1.97327345544020288e-01,1.96758034105947749e-01,5.09053609026155485e-03,1.48494099903589305e-01,1.43403563813327750e-01,3.96077057090769946e+00,3.65515333167623790e+00,7.68878569752427077e-01,8.47230258375536116e-01,8.67983690000073693e-02,1,1,1,ok,relative_bounded_ricci
94,5094,256,8.39999999999999969e-01,box_shear_aspect,shape_channel,voro_radical,voro_radical_rebuilt,1,1,1.24846316940956145e-01,1.24827896829024454e-01,-1.84201119316912409e-05,7.38714845939091591e-02,7.38714845939091869e-02,2.77555756156289135e-17,1.26804983446118374e-01,1.26790112344913553e-01,-1.48711012048219349e-05,5.31408452241858842e-01,5.31408452241858842e-01,0.00000000000000000e+00,1.00649007586206380e+02,1.00649007586206380e+02,0.00000000000000000e+00,1.44890035708670956e-01,1.44890035708670956e-01,0.00000000000000000e+00,4.66983673005298805e-01,4.66983673005298805e-01,0.00000000000000000e+00,5.69311438072541971e-04,5.63584240904384443e-04,-5.72719716815752768e-06,5.09053609026155485e-03,4.67153765934202880e-03,-4.18998430919526044e-04,3.96077057090769946e+00,3.96077057090769946e+00,7.68878569752427077e-01,7.68878569752427077e-01,4.72127943199996025e+00,0,1,0,ok,aspect-only box strain; shear omitted for rectangular voro++ container
94,5094,256,8.39999999999999969e-01,compression_step,coupled,voro_radical,voro_radical_rebuilt,1,1,1.24846316940956145e-01,1.24846316940956201e-01,5.55111512312578270e-17,7.38714845939091591e-02,7.38714845939091591e-02,0.00000000000000000e+00,1.26804983446118374e-01,1.26804983446118319e-01,-5.55111512312578270e-17,5.31408452241858842e-01,5.31408452241858842e-01,0.00000000000000000e+00,1.00649007586206380e+02,1.00649007586206380e+02,0.00000000000000000e+00,1.44890035708670956e-01,1.44890035708670956e-01,0.00000000000000000e+00,4.66983673005298805e-01,4.66983673005298805e-01,0.00000000000000000e+00,5.69311438072541971e-04,0.00000000000000000e+00,-5.69311438072541971e-04,5.09053609026155485e-03,0.00000000000000000e+00,-5.09053609026155485e-03,3.96077057090769946e+00,3.96077057090769946e+00,7.68878569752427077e-01,7.68878569752427077e-01,1.93080054500001097e+00,0,1,0,ok,local phi scan best endpoint
94,5094,256,8.39999999999999969e-01,free_ricci,sum_channel,voro_radical,voro_radical_fixed_topology,1,1,1.24846316940956145e-01,1.19677884033993306e-01,-5.16843290696283875e-03,7.38714845939091591e-02,6.63608148811245150e-12,-7.38714845872730785e-02,1.26804983446118374e-01,1.22884850294877265e-01,-3.92013315124110917e-03,5.31408452241858842e-01,4.62746904799540813e-11,-5.31408452195584191e-01,1.00649007586206380e+02,7.67062393061584926e-09,-1.00649007578535759e+02,1.44890035708670956e-01,2.14782766682599149e-10,-1.44890035493888181e-01,4.66983673005298805e-01,4.56221118631185997e-10,-4.66983672549077689e-01,5.69311438072541971e-04,3.85685354441644401e+00,3.85628423297837131e+00,5.09053609026155485e-03,6.14477760150568653e-01,6.09387224060307098e-01,3.96077057090769946e+00,4.35121689716099436e+00,7.68878569752427077e-01,9.24858165366334806e-01,1.47452372999964609e-01,1,1,1,ok,converged: max_abs_K < tol
94,5094,256,8.39999999999999969e-01,post_voro_surgery,topology,voro_radical,post_surgery_nonradical,1,1,1.24846316940956145e-01,1.39138028469689701e-01,1.42917115287335555e-02,7.38714845939091591e-02,6.49571336654654330e-02,-8.91435092844372612e-03,1.26804983446118374e-01,1.46456165158257823e-01,1.96511817121394483e-02,5.31408452241858842e-01,4.81104653129422355e-01,-5.03037991124364869e-02,1.00649007586206380e+02,7.06257541548718564e+01,-3.00232534313345241e+01,1.44890035708670956e-01,1.29720704640940654e-01,-1.51693310677303017e-02,4.66983673005298805e-01,3.37790073597838192e-01,-1.29193599407460613e-01,5.69311438072541971e-04,5.69311438072541971e-04,0.00000000000000000e+00,5.09053609026155485e-03,5.09053609026155485e-03,0.00000000000000000e+00,3.96077057090769946e+00,3.96077057090769946e+00,7.68878569752427077e-01,8.09623908207963705e-01,5.76820490699999482e+01,1,0,0,ok,light topology surgery; no longer radical
94,5094,256,8.39999999999999969e-01,radius_label_swap,sum_channel,voro_radical,voro_radical_rebuilt,1,1,1.24846316940956145e-01,1.24846316940956145e-01,0.00000000000000000e+00,7.38714845939091591e-02,7.38714845939091591e-02,0.00000000000000000e+00,1.26804983446118374e-01,1.26804983446118374e-01,0.00000000000000000e+00,5.31408452241858842e-01,5.31408452241858842e-01,0.00000000000000000e+00,1.00649007586206380e+02,1.00649007586206380e+02,0.00000000000000000e+00,1.44890035708670956e-01,1.44890035708670956e-01,0.00000000000000000e+00,4.66983673005298805e-01,4.66983673005298805e-01,0.00000000000000000e+00,5.69311438072541971e-04,5.69311438072541971e-04,0.00000000000000000e+00,5.09053609026155485e-03,5.09053609026155485e-03,0.00000000000000000e+00,3.96077057090769946e+00,3.96077057090769946e+00,7.68878569752427077e-01,7.68878569752427077e-01,7.73924632700004622e+00,0,0,0,ok,radius labels permuted; distribution exactly preserved
94,5094,256,8.39999999999999969e-01,shape_descent,shape_channel,voro_radical,voro_radical_rebuilt,1,1,1.24846316940956145e-01,1.24866736287394697e-01,2.04193464385521439e-05,7.38714845939091591e-02,7.38714845939091314e-02,-2.77555756156289135e-17,1.26804983446118374e-01,1.26731001575423469e-01,-7.39818706949058047e-05,5.31408452241858842e-01,5.31408452241858842e-01,0.00000000000000000e+00,1.00649007586206380e+02,1.00649007586206380e+02,0.00000000000000000e+00,1.44890035708670956e-01,1.44890035708670956e-01,0.00000000000000000e+00,4.66983673005298805e-01,4.66983673005298805e-01,0.00000000000000000e+00,5.69311438072541971e-04,5.83579885385357672e-04,1.42684473128157005e-05,5.09053609026155485e-03,5.09053609026155485e-03,0.00000000000000000e+00,3.96077057090769946e+00,3.96077057090769946e+00,7.68878569752427077e-01,7.68878569752427077e-01,6.84429292900000519e+00,1,1,1,ok,stochastic coordinate shape descent
95,5095,256,8.39999999999999969e-01,bounded_ricci_du010,sum_channel,voro_radical,voro_radical_fixed_topology,1,1,1.28733078123635852e-01,1.22913503303753627e-01,-5.81957481988222558e-03,7.75183380915162173e-02,5.70384384909399730e-02,-2.04798996005762443e-02,1.26289973564509245e-01,1.24558924945908672e-01,-1.73104861860057246e-03,5.58508373234967936e-01,4.07986194281361569e-01,-1.50522178953606367e-01,1.06940731682709824e+02,7.73498453518917017e+01,-2.95908863308181225e+01,1.53759085699257447e-01,1.20204199641576026e-01,-3.35548860576814212e-02,4.68943441554692864e-01,4.17389088131958963e-01,-5.15543534227339006e-02,1.35642952752526059e-03,1.65789313785841108e-01,1.64432884258315842e-01,6.80403431111908930e-03,1.06433285743274153e-01,9.96292514321550637e-02,3.96077057090769946e+00,3.91951975654588392e+00,8.00647819658321658e-01,8.68104904346044370e-01,1.91221334999966075e-01,1,1,1,ok,relative_bounded_ricci
95,5095,256,8.39999999999999969e-01,box_shear_aspect,shape_channel,voro_radical,voro_radical_rebuilt,1,1,1.28733078123635852e-01,1.28726964746367467e-01,-6.11337726838523388e-06,7.75183380915162173e-02,7.75183380915162035e-02,-1.38777878078144568e-17,1.26289973564509245e-01,1.26288054757085377e-01,-1.91880742386740799e-06,5.58508373234967936e-01,5.58508373234967936e-01,0.00000000000000000e+00,1.06940731682709824e+02,1.06940731682709824e+02,0.00000000000000000e+00,1.53759085699257447e-01,1.53759085699257447e-01,0.00000000000000000e+00,4.68943441554692864e-01,4.68943441554692864e-01,0.00000000000000000e+00,1.35642952752526059e-03,1.35374296615798262e-03,-2.68656136727797416e-06,6.80403431111908930e-03,6.57312173460256055e-03,-2.30912576516528745e-04,3.96077057090769946e+00,3.96077057090769946e+00,8.00647819658321658e-01,8.00647819658321658e-01,5.27497497699999940e+00,1,1,1,ok,aspect-only box strain; shear omitted for rectangular voro++ container
95,5095,256,8.39999999999999969e-01,compression_step,coupled,voro_radical,voro_radical_rebuilt,1,1,1.28733078123635852e-01,1.28733078123635797e-01,-5.55111512312578270e-17,7.75183380915162173e-02,7.75183380915162173e-02,0.00000000000000000e+00,1.26289973564509245e-01,1.26289973564509245e-01,0.00000000000000000e+00,5.58508373234967936e-01,5.58508373234967936e-01,0.00000000000000000e+00,1.06940731682709824e+02,1.06940731682709824e+02,0.00000000000000000e+00,1.53759085699257447e-01,1.53759085699257447e-01,0.00000000000000000e+00,4.68943441554692864e-01,4.68943441554692864e-01,0.00000000000000000e+00,1.35642952752526059e-03,0.00000000000000000e+00,-1.35642952752526059e-03,6.80403431111908930e-03,0.00000000000000000e+00,-6.80403431111908930e-03,3.96077057090769946e+00,3.96077057090769946e+00,8.00647819658321658e-01,8.00647819658321658e-01,2.33245993599996382e+00,0,0,0,ok,local phi scan best endpoint
95,5095,256,8.39999999999999969e-01,free_ricci,sum_channel,voro_radical,voro_radical_fixed_topology,1,1,1.28733078123635852e-01,1.18339455949213079e-01,-1.03936221744227730e-02,7.75183380915162173e-02,7.27771039530472849e-12,-7.75183380842385111e-02,1.26289973564509245e-01,1.21633544504000879e-01,-4.65642906050836580e-03,5.58508373234967936e-01,5.04708731059269797e-11,-5.58508373184497087e-01,1.06940731682709824e+02,8.26095725105687950e-09,-1.06940731674448870e+02,1.53759085699257447e-01,2.34516491060968851e-10,-1.53759085464740958e-01,4.68943441554692864e-01,4.56854485018056993e-10,-4.68943441097838365e-01,1.35642952752526059e-03,4.49028768428842895e+00,4.48893125476090393e+00,6.80403431111908930e-03,4.97562194089810728e-01,4.90758159778691638e-01,3.96077057090769946e+00,5.60732054729080609e+00,8.00647819658321658e-01,9.24609946330755328e-01,2.11451598999985890e-01,1,1,1,ok,converged: max_abs_K < tol
95,5095,256,8.39999999999999969e-01,post_voro_surgery,topology,voro_radical,post_surgery_nonradical,1,1,1.28733078123635852e-01,1.47496957197111755e-01,1.87638790734759031e-02,7.75183380915162173e-02,6.60012821027167046e-02,-1.15170559887995128e-02,1.26289973564509245e-01,1.54404900921126853e-01,2.81149273566176083e-02,5.58508373234967936e-01,4.73312568888478225e-01,-8.51958043464897119e-02,1.06940731682709824e+02,8.43268697233569782e+01,-2.26138619593528460e+01,1.53759085699257447e-01,1.37874767603336501e-01,-1.58843180959209462e-02,4.68943441554692864e-01,3.96936214994932868e-01,-7.20072265597599959e-02,1.35642952752526059e-03,1.35642952752526059e-03,0.00000000000000000e+00,6.80403431111908930e-03,6.80403431111908930e-03,0.00000000000000000e+00,3.96077057090769946e+00,3.96077057090769946e+00,8.00647819658321658e-01,8.44591355018483703e-01,6.57730216500000324e+01,1,0,0,ok,light topology surgery; no longer radical
95,5095,256,8.39999999999999969e-01,radius_label_swap,sum_channel,voro_radical,voro_radical_rebuilt,1,1,1.28733078123635852e-01,1.28733628508472836e-01,5.50384836983663916e-07,7.75183380915162173e-02,7.75184049456713736e-02,6.68541551562817915e-08,1.26289973564509245e-01,1.26290039288356276e-01,6.57238470314069900e-08,5.58508373234967936e-01,5.58506711320313265e-01,-1.66191465467147026e-06,1.06940731682709824e+02,1.06940491942037539e+02,-2.39740672284938228e-04,1.53759085699257447e-01,1.53758580492254271e-01,-5.05207003176355585e-07,4.68943441554692864e-01,4.68943966786840472e-01,5.25232147607912481e-07,1.35642952752526059e-03,1.35788776071139568e-03,1.45823318613508626e-06,6.80403431111908930e-03,6.80403431111908930e-03,0.00000000000000000e+00,3.96077057090769946e+00,3.96077057090769946e+00,8.00647819658321658e-01,8.00647819658321658e-01,6.26141257400001905e+00,0,0,0,ok,radius labels permuted; distribution exactly preserved
95,5095,256,8.39999999999999969e-01,shape_descent,shape_channel,voro_radical,voro_radical_rebuilt,1,1,1.28733078123635852e-01,1.28742538160183329e-01,9.46003654747618050e-06,7.75183380915162173e-02,7.75183380915162173e-02,0.00000000000000000e+00,1.26289973564509245e-01,1.26291470159908187e-01,1.49659539894209104e-06,5.58508373234967936e-01,5.58508373234967936e-01,0.00000000000000000e+00,1.06940731682709824e+02,1.06940731682709824e+02,0.00000000000000000e+00,1.53759085699257447e-01,1.53759085699257447e-01,0.00000000000000000e+00,4.68943441554692864e-01,4.68943441554692864e-01,0.00000000000000000e+00,1.35642952752526059e-03,1.42415430068224122e-03,6.77247731569806215e-05,6.80403431111908930e-03,6.80403431111908930e-03,0.00000000000000000e+00,3.96077057090769946e+00,3.96077057090769946e+00,8.00647819658321658e-01,8.00647819658321658e-01,7.01938338299999032e+00,0,0,0,ok,stochastic coordinate shape descent
96,5096,256,8.39999999999999969e-01,bounded_ricci_du010,sum_channel,voro_radical,voro_radical_fixed_topology,1,1,1.14661671632389217e-01,1.08252359076416130e-01,-6.40931255597308736e-03,7.64757816515041072e-02,5.54752907645432447e-02,-2.10004908869608625e-02,1.12914042194136879e-01,1.10891892059192171e-01,-2.02215013494470852e-03,5.55317257734529002e-01,4.02389196102777624e-01,-1.52928061631751377e-01,1.20876822957590861e+02,8.34123938042191213e+01,-3.74644291533717393e+01,1.50540237175500330e-01,1.15542288269596949e-01,-3.49979489059033810e-02,5.48026638804927857e-01,4.65422362728728611e-01,-8.26042760761992456e-02,2.39969003411181283e-04,1.53094999211422694e-01,1.52855030208011500e-01,4.60007926071326345e-03,1.20406141394765687e-01,1.15806062134052423e-01,3.96077057090769946e+00,4.01399135934706219e+00,7.82283270573134959e-01,8.51740011066667191e-01,1.85942532000012761e-01,1,1,1,ok,relative_bounded_ricci
96,5096,256,8.39999999999999969e-01,box_shear_aspect,shape_channel,voro_radical,voro_radical_rebuilt,1,1,1.14661671632389217e-01,1.14661671632389217e-01,0.00000000000000000e+00,7.64757816515041072e-02,7.64757816515041072e-02,0.00000000000000000e+00,1.12914042194136879e-01,1.12914042194136879e-01,0.00000000000000000e+00,5.55317257734529002e-01,5.55317257734529002e-01,0.00000000000000000e+00,1.20876822957590861e+02,1.20876822957590861e+02,0.00000000000000000e+00,1.50540237175500330e-01,1.50540237175500330e-01,0.00000000000000000e+00,5.48026638804927857e-01,5.48026638804927857e-01,0.00000000000000000e+00,2.39969003411181283e-04,2.39969003411181283e-04,0.00000000000000000e+00,4.60007926071326345e-03,4.60007926071326345e-03,0.00000000000000000e+00,3.96077057090769946e+00,3.96077057090769946e+00,7.82283270573134959e-01,7.82283270573134959e-01,4.73456595100003597e+00,0,0,0,ok,aspect-only box strain; shear omitted for rectangular voro++ container
96,5096,256,8.39999999999999969e-01,compression_step,coupled,voro_radical,voro_radical_rebuilt,1,1,1.14661671632389217e-01,1.14661671632389259e-01,4.16333634234433703e-17,7.64757816515041072e-02,7.64757816515040795e-02,-2.77555756156289135e-17,1.12914042194136879e-01,1.12914042194136852e-01,-2.77555756156289135e-17,5.55317257734529002e-01,5.55317257734529002e-01,0.00000000000000000e+00,1.20876822957590861e+02,1.20876822957590861e+02,0.00000000000000000e+00,1.50540237175500330e-01,1.50540237175500330e-01,0.00000000000000000e+00,5.48026638804927857e-01,5.48026638804927857e-01,0.00000000000000000e+00,2.39969003411181283e-04,0.00000000000000000e+00,-2.39969003411181283e-04,4.60007926071326345e-03,0.00000000000000000e+00,-4.60007926071326345e-03,3.96077057090769946e+00,3.96077057090769946e+00,7.82283270573134959e-01,7.82283270573134959e-01,1.28107578700002023e+00,1,1,1,ok,local phi scan best endpoint
96,5096,256,8.39999999999999969e-01,free_ricci,sum_channel,voro_radical,voro_radical_fixed_topology,1,1,1.14661671632389217e-01,1.05597695284126880e-01,-9.06397634826233700e-03,7.64757816515041072e-02,6.53294077785421768e-12,-7.64757816449711664e-02,1.12914042194136879e-01,1.08468625841776328e-01,-4.44541635236055110e-03,5.55317257734529002e-01,4.59585157923832869e-11,-5.55317257688570431e-01,1.20876822957590861e+02,7.59917969940297756e-09,-1.20876822949991677e+02,1.50540237175500330e-01,2.12597598279124851e-10,-1.50540236962902724e-01,5.48026638804927857e-01,4.33195744032338716e-10,-5.48026638371732155e-01,2.39969003411181283e-04,4.17810569945828103e+00,4.17786573045486964e+00,4.60007926071326345e-03,4.56080735756720035e-01,4.51480656496006771e-01,3.96077057090769946e+00,4.32809057600469504e+00,7.82283270573134959e-01,9.16274463857203125e-01,3.07295728999974926e-01,1,1,1,ok,converged: max_abs_K < tol
96,5096,256,8.39999999999999969e-01,post_voro_surgery,topology,voro_radical,post_surgery_nonradical,1,1,1.14661671632389217e-01,1.31110661412985635e-01,1.64489897805964180e-02,7.64757816515041072e-02,6.14328261530274825e-02,-1.50429554984766248e-02,1.12914042194136879e-01,1.37849790458720228e-01,2.49357482645833489e-02,5.55317257734529002e-01,4.47532199759179405e-01,-1.07785057975349596e-01,1.20876822957590861e+02,7.35764248844805451e+01,-4.73003980731103155e+01,1.50540237175500330e-01,1.29296740226517715e-01,-2.12434969489826153e-02,5.48026638804927857e-01,3.60404715599567493e-01,-1.87621923205360364e-01,2.39969003411181283e-04,2.39969003411181283e-04,0.00000000000000000e+00,4.60007926071326345e-03,4.60007926071326345e-03,0.00000000000000000e+00,3.96077057090769946e+00,3.96077057090769946e+00,7.82283270573134959e-01,8.17436958058850971e-01,6.60129203910000228e+01,1,0,0,ok,light topology surgery; no longer radical
96,5096,256,8.39999999999999969e-01,radius_label_swap,sum_channel,voro_radical,voro_radical_rebuilt,1,1,1.14661671632389217e-01,1.14650093865832317e-01,-1.15777665569000154e-05,7.64757816515041072e-02,7.64729928910614504e-02,-2.78876044265685685e-06,1.12914042194136879e-01,1.12905230669999579e-01,-8.81152413730046380e-06,5.55317257734529002e-01,5.55327070342096163e-01,9.81260756716118010e-06,1.20876822957590861e+02,1.20876285669869361e+02,-5.37287721499524196e-04,1.50540237175500330e-01,1.50530688084406089e-01,-9.54909109424084690e-06,5.48026638804927857e-01,5.48051480198745722e-01,2.48413938178648763e-05,2.39969003411181283e-04,2.39395025700040831e-04,-5.73977711140451685e-07,4.60007926071326345e-03,4.60007926071326345e-03,0.00000000000000000e+00,3.96077057090769946e+00,3.96077057090769946e+00,7.82283270573134959e-01,7.82397361962779314e-01,6.06323394100002133e+00,1,1,1,ok,radius labels permuted; distribution exactly preserved
96,5096,256,8.39999999999999969e-01,shape_descent,shape_channel,voro_radical,voro_radical_rebuilt,1,1,1.14661671632389217e-01,1.14632069857872124e-01,-2.96017745170934488e-05,7.64757816515041072e-02,7.64757816515041072e-02,0.00000000000000000e+00,1.12914042194136879e-01,1.12910179296793783e-01,-3.86289734309597232e-06,5.55317257734529002e-01,5.55317257734529002e-01,0.00000000000000000e+00,1.20876822957590861e+02,1.20876822957590861e+02,0.00000000000000000e+00,1.50540237175500330e-01,1.50540237175500330e-01,0.00000000000000000e+00,5.48026638804927857e-01,5.48026638804927857e-01,0.00000000000000000e+00,2.39969003411181283e-04,2.40197989938367517e-04,2.28986527186234370e-07,4.60007926071326345e-03,4.60007926071326345e-03,0.00000000000000000e+00,3.96077057090769946e+00,3.96077057090769946e+00,7.82283270573134959e-01,7.82283270573134959e-01,7.50244196400001329e+00,0,1,0,ok,stochastic coordinate shape descent
97,5097,256,8.39999999999999969e-01,bounded_ricci_du010,sum_channel,voro_radical,voro_radical_fixed_topology,1,1,1.21009903721731024e-01,1.14074614004013627e-01,-6.93528971771739666e-03,8.14220852700287823e-02,6.21239518526602238e-02,-1.92981334173685584e-02,1.17094238647216631e-01,1.15486081421284234e-01,-1.60815722593239674e-03,5.88023597636360584e-01,4.47251973948815551e-01,-1.40771623687545033e-01,1.09297946514790027e+02,7.21729868956854830e+01,-3.71249596191045441e+01,1.52720464172357906e-01,1.20759258131930836e-01,-3.19612060404270704e-02,4.85163255242433644e-01,3.83401156119663689e-01,-1.01762099122769956e-01,9.41519548623456055e-04,9.37701088062551646e-02,9.28285892576317107e-02,5.49460153027281351e-03,7.66218705887691254e-02,7.11272690584963119e-02,3.96077057090769946e+00,3.59728130336877783e+00,7.80308686965166420e-01,8.45675438311693339e-01,3.07380099999988943e-01,1,1,1,ok,relative_bounded_ricci
97,5097,256,8.39999999999999969e-01,box_shear_aspect,shape_channel,voro_radical,voro_radical_rebuilt,1,1,1.21009903721731024e-01,1.21009903721731024e-01,0.00000000000000000e+00,8.14220852700287823e-02,8.14220852700287823e-02,0.00000000000000000e+00,1.17094238647216631e-01,1.17094238647216631e-01,0.00000000000000000e+00,5.88023597636360584e-01,5.88023597636360584e-01,0.00000000000000000e+00,1.09297946514790027e+02,1.09297946514790027e+02,0.00000000000000000e+00,1.52720464172357906e-01,1.52720464172357906e-01,0.00000000000000000e+00,4.85163255242433644e-01,4.85163255242433644e-01,0.00000000000000000e+00,9.41519548623456055e-04,9.41519548623456055e-04,0.00000000000000000e+00,5.49460153027281351e-03,5.49460153027281351e-03,0.00000000000000000e+00,3.96077057090769946e+00,3.96077057090769946e+00,7.80308686965166420e-01,7.80308686965166420e-01,3.90858259300000555e+00,0,0,0,ok,aspect-only box strain; shear omitted for rectangular voro++ container
97,5097,256,8.39999999999999969e-01,compression_step,coupled,voro_radical,voro_radical_rebuilt,1,1,1.21009903721731024e-01,1.21091981750612962e-01,8.20780288819378256e-05,8.14220852700287823e-02,8.23990780753263707e-02,9.76992805297588474e-04,1.17094238647216631e-01,1.16805593744064420e-01,-2.88644903152210364e-04,5.88023597636360584e-01,5.92934135027422760e-01,4.91053739106217524e-03,1.09297946514790027e+02,1.10104947811830357e+02,8.07001297040329746e-01,1.52720464172357906e-01,1.53811706822464977e-01,1.09124265010707155e-03,4.85163255242433644e-01,4.85566703217901297e-01,4.03447975467652320e-04,9.41519548623456055e-04,0.00000000000000000e+00,-9.41519548623456055e-04,5.49460153027281351e-03,0.00000000000000000e+00,-5.49460153027281351e-03,3.96077057090769946e+00,3.96077057090769946e+00,7.80308686965166420e-01,7.75756160350234869e-01,1.35580420799999501e+00,0,1,0,ok,local phi scan best endpoint
97,5097,256,8.39999999999999969e-01,free_ricci,sum_channel,voro_radical,voro_radical_fixed_topology,1,1,1.21009903721731024e-01,1.10220585081388878e-01,-1.07893186403421465e-02,8.14220852700287823e-02,7.28112773859799018e-12,-8.14220852627476482e-02,1.17094238647216631e-01,1.13437267224434105e-01,-3.65697142278252618e-03,5.88023597636360584e-01,5.01275389588741439e-11,-5.88023597586233016e-01,1.09297946514790027e+02,8.42910857164192798e-09,-1.09297946506360915e+02,1.52720464172357906e-01,2.32895809804618844e-10,-1.52720463939462092e-01,4.85163255242433644e-01,4.61978386100880856e-10,-4.85163254780455244e-01,9.41519548623456055e-04,3.66445466351251348e+00,3.66351314396389016e+00,5.49460153027281351e-03,4.71827440248097751e-01,4.66332838717824938e-01,3.96077057090769946e+00,3.44432034275118637e+00,7.80308686965166420e-01,9.25507246364561165e-01,2.51802897000004577e-01,1,1,1,ok,converged: max_abs_K < tol
97,5097,256,8.39999999999999969e-01,post_voro_surgery,topology,voro_radical,post_surgery_nonradical,1,1,1.21009903721731024e-01,1.45772826954515961e-01,2.47629232327849363e-02,8.14220852700287823e-02,6.30554606574811882e-02,-1.83666246125475940e-02,1.17094238647216631e-01,1.52404796133602832e-01,3.53105574863862015e-02,5.88023597636360584e-01,4.57655767277196479e-01,-1.30367830359164105e-01,1.09297946514790027e+02,7.66560791306909266e+01,-3.26418673840991005e+01,1.52720464172357906e-01,1.30039490192937535e-01,-2.26809739794203713e-02,4.85163255242433644e-01,3.78600918740959025e-01,-1.06562336501474619e-01,9.41519548623456055e-04,9.41519548623456055e-04,0.00000000000000000e+00,5.49460153027281351e-03,5.49460153027281351e-03,0.00000000000000000e+00,3.96077057090769946e+00,3.96077057090769946e+00,7.80308686965166420e-01,8.40310956973392975e-01,5.23780061449999721e+01,1,0,0,ok,light topology surgery; no longer radical
97,5097,256,8.39999999999999969e-01,radius_label_swap,sum_channel,voro_radical,voro_radical_rebuilt,1,1,1.21009903721731024e-01,1.21011834965500442e-01,1.93124376941800069e-06,8.14220852700287823e-02,8.14204212775374858e-02,-1.66399249129645099e-06,1.17094238647216631e-01,1.17092409160085772e-01,-1.82948713085828718e-06,5.88023597636360584e-01,5.88021402532312387e-01,-2.19510404819711624e-06,1.09297946514790027e+02,1.09294479550829806e+02,-3.46696396022139197e-03,1.52720464172357906e-01,1.52715383662345633e-01,-5.08051001227305399e-06,4.85163255242433644e-01,4.85163276659257681e-01,2.14168240364465134e-08,9.41519548623456055e-04,9.41266762123371312e-04,-2.52786500084742349e-07,5.49460153027281351e-03,5.49460153027281351e-03,0.00000000000000000e+00,3.96077057090769946e+00,3.96077057090769946e+00,7.80308686965166420e-01,7.80308686965166420e-01,8.08998093699995025e+00,1,1,1,ok,radius labels permuted; distribution exactly preserved
97,5097,256,8.39999999999999969e-01,shape_descent,shape_channel,voro_radical,voro_radical_rebuilt,1,1,1.21009903721731024e-01,1.20965543868975275e-01,-4.43598527557487188e-05,8.14220852700287823e-02,8.14220852700287823e-02,0.00000000000000000e+00,1.17094238647216631e-01,1.16980089909217697e-01,-1.14148737998934213e-04,5.88023597636360584e-01,5.88023597636360584e-01,0.00000000000000000e+00,1.09297946514790027e+02,1.09297946514790027e+02,0.00000000000000000e+00,1.52720464172357906e-01,1.52720464172357906e-01,0.00000000000000000e+00,4.85163255242433644e-01,4.85163255242433644e-01,0.00000000000000000e+00,9.41519548623456055e-04,9.51755932961691068e-04,1.02363843382350132e-05,5.49460153027281351e-03,5.49460153027281351e-03,0.00000000000000000e+00,3.96077057090769946e+00,3.96077057090769946e+00,7.80308686965166420e-01,7.80308686965166420e-01,7.15788962999999967e+00,0,1,0,ok,stochastic coordinate shape descent
98,5098,256,8.39999999999999969e-01,bounded_ricci_du010,sum_channel,voro_radical,voro_radical_fixed_topology,1,1,1.16633662767627863e-01,1.11366577109176398e-01,-5.26708565845146470e-03,7.73090330136696618e-02,5.33110796731791833e-02,-2.39979533404904785e-02,1.18382482555538682e-01,1.16797105728284903e-01,-1.58537682725377882e-03,5.45320712232077898e-01,3.75382978134926049e-01,-1.69937734097151849e-01,9.47034015354800260e+01,5.96744451659559516e+01,-3.50289563695240744e+01,1.45103736748586065e-01,1.07766477631167062e-01,-3.73372591174190027e-02,4.32711435039509651e-01,3.42176089536089412e-01,-9.05353455034202392e-02,1.24521668225997426e-04,2.08386313529862310e-01,2.08261791861636320e-01,2.04368625066697618e-03,1.51195063562429510e-01,1.49151377311762534e-01,3.96077057090769946e+00,3.96111959945014780e+00,8.11202898937947503e-01,8.80325981733691254e-01,2.29909829000007448e-01,1,1,1,ok,relative_bounded_ricci
98,5098,256,8.39999999999999969e-01,box_shear_aspect,shape_channel,voro_radical,voro_radical_rebuilt,1,1,1.16633662767627863e-01,1.16633662767627863e-01,0.00000000000000000e+00,7.73090330136696618e-02,7.73090330136696618e-02,0.00000000000000000e+00,1.18382482555538682e-01,1.18382482555538682e-01,0.00000000000000000e+00,5.45320712232077898e-01,5.45320712232077898e-01,0.00000000000000000e+00,9.47034015354800260e+01,9.47034015354800260e+01,0.00000000000000000e+00,1.45103736748586065e-01,1.45103736748586065e-01,0.00000000000000000e+00,4.32711435039509651e-01,4.32711435039509651e-01,0.00000000000000000e+00,1.24521668225997426e-04,1.24521668225997426e-04,0.00000000000000000e+00,2.04368625066697618e-03,2.04368625066697618e-03,0.00000000000000000e+00,3.96077057090769946e+00,3.96077057090769946e+00,8.11202898937947503e-01,8.11202898937947503e-01,4.73574386799998592e+00,0,0,0,ok,aspect-only box strain; shear omitted for rectangular voro++ container
98,5098,256,8.39999999999999969e-01,compression_step,coupled,voro_radical,voro_radical_rebuilt,1,1,1.16633662767627863e-01,1.16807978597028780e-01,1.74315829400917277e-04,7.73090330136696618e-02,7.79419480780468438e-02,6.32915064377181924e-04,1.18382482555538682e-01,1.18030583365461170e-01,-3.51899190077512025e-04,5.45320712232077898e-01,5.53906336977602942e-01,8.58562474552504451e-03,9.47034015354800260e+01,9.70167389680140388e+01,2.31333743253401281e+00,1.45103736748586065e-01,1.48205287524321577e-01,3.10155077573551208e-03,4.32711435039509651e-01,4.34320318468947308e-01,1.60888342943765750e-03,1.24521668225997426e-04,0.00000000000000000e+00,-1.24521668225997426e-04,2.04368625066697618e-03,0.00000000000000000e+00,-2.04368625066697618e-03,3.96077057090769946e+00,3.96077057090769946e+00,8.11202898937947503e-01,8.05371846295713678e-01,2.43242945399998689e+00,0,1,0,ok,local phi scan best endpoint
98,5098,256,8.39999999999999969e-01,free_ricci,sum_channel,voro_radical,voro_radical_fixed_topology,1,1,1.16633662767627863e-01,1.11731495605534761e-01,-4.90216716209310177e-03,7.73090330136696618e-02,8.39071338038484585e-12,-7.73090330052789432e-02,1.18382482555538682e-01,1.15379184350837022e-01,-3.00329820470165987e-03,5.45320712232077898e-01,5.48667426437179240e-11,-5.45320712177211120e-01,9.47034015354800260e+01,9.01321966705402479e-09,-9.47034015264668056e+01,1.45103736748586065e-01,2.56213125089261733e-10,-1.45103736492372931e-01,4.32711435039509651e-01,4.49833409560810447e-10,-4.32711434589676258e-01,1.24521668225997426e-04,4.79883516630947948e+00,4.79871064464125308e+00,2.04368625066697618e-03,7.08582138887225543e-01,7.06538452636558567e-01,3.96077057090769946e+00,5.32155840399739510e+00,8.11202898937947503e-01,9.19789635165767394e-01,2.61852438000005350e-01,1,1,1,ok,converged: max_abs_K < tol
98,5098,256,8.39999999999999969e-01,post_voro_surgery,topology,voro_radical,post_surgery_nonradical,1,1,1.16633662767627863e-01,1.42553047722045412e-01,2.59193849544175486e-02,7.73090330136696618e-02,6.52809569576995319e-02,-1.20280760559701300e-02,1.18382482555538682e-01,1.51400146757823179e-01,3.30176642022844968e-02,5.45320712232077898e-01,4.71157732593668555e-01,-7.41629796384093432e-02,9.47034015354800260e+01,7.12862781434263866e+01,-2.34171233920536395e+01,1.45103736748586065e-01,1.29967342122457696e-01,-1.51363946261283688e-02,4.32711435039509651e-01,3.41846166569851173e-01,-9.08652684696584778e-02,1.24521668225997426e-04,1.24521668225997426e-04,0.00000000000000000e+00,2.04368625066697618e-03,2.04368625066697618e-03,0.00000000000000000e+00,3.96077057090769946e+00,3.96077057090769946e+00,8.11202898937947503e-01,8.43719604623582087e-01,8.22030116540000222e+01,1,0,0,ok,light topology surgery; no longer radical
98,5098,256,8.39999999999999969e-01,radius_label_swap,sum_channel,voro_radical,voro_radical_rebuilt,1,1,1.16633662767627863e-01,1.16631844584608166e-01,-1.81818301969727258e-06,7.73090330136696618e-02,7.73061296820904964e-02,-2.90333157916544682e-06,1.18382482555538682e-01,1.18382546876885222e-01,6.43213465406633489e-08,5.45320712232077898e-01,5.45300196549565963e-01,-2.05156825119345854e-05,9.47034015354800260e+01,9.47017819515912578e+01,-1.61958388876826120e-03,1.45103736748586065e-01,1.45101374454287391e-01,-2.36229429867451657e-06,4.32711435039509651e-01,4.32710675260173872e-01,-7.59779335779420251e-07,1.24521668225997426e-04,1.23863201625931679e-04,-6.58466600065747221e-07,2.04368625066697618e-03,2.04368625066697618e-03,0.00000000000000000e+00,3.96077057090769946e+00,3.96077057090769946e+00,8.11202898937947503e-01,8.11210402086792848e-01,8.30221994800001539e+00,1,0,0,ok,radius labels permuted; distribution exactly preserved
98,5098,256,8.39999999999999969e-01,shape_descent,shape_channel,voro_radical,voro_radical_rebuilt,1,1,1.16633662767627863e-01,1.16629746822142166e-01,-3.91594548569684786e-06,7.73090330136696618e-02,7.73090330136696618e-02,0.00000000000000000e+00,1.18382482555538682e-01,1.18475890642452120e-01,9.34080869134379377e-05,5.45320712232077898e-01,5.45320712232077898e-01,0.00000000000000000e+00,9.47034015354800260e+01,9.47034015354800260e+01,0.00000000000000000e+00,1.45103736748586065e-01,1.45103736748586065e-01,0.00000000000000000e+00,4.32711435039509651e-01,4.32711435039509651e-01,0.00000000000000000e+00,1.24521668225997426e-04,1.24877390366443235e-04,3.55722140445808785e-07,2.04368625066697618e-03,2.04368625066697618e-03,0.00000000000000000e+00,3.96077057090769946e+00,3.96077057090769946e+00,8.11202898937947503e-01,8.11202898937947503e-01,7.66635411100003239e+00,0,0,0,ok,stochastic coordinate shape descent
99,5099,256,8.39999999999999969e-01,bounded_ricci_du010,sum_channel,voro_radical,voro_radical_fixed_topology,1,1,1.15678290663793079e-01,1.11229494765620385e-01,-4.44879589817269439e-03,7.46281377240783778e-02,6.28167739239759160e-02,-1.18113638001024618e-02,1.10508662853850428e-01,1.09180694069214046e-01,-1.32796878463638246e-03,5.67004709788901384e-01,4.77968391026904194e-01,-8.90363187619971908e-02,1.36931466743639390e+02,1.01818492193457473e+02,-3.51129745501819173e+01,1.54148070599795073e-01,1.33661763431544317e-01,-2.04863071682507558e-02,6.06663788152244976e-01,5.08008151782647466e-01,-9.86556363695975103e-02,1.56549728085709041e-05,3.37944225019071523e-02,3.37787675290985787e-02,9.16683795660677703e-04,5.13179105431535998e-02,5.04012267474929221e-02,3.96077057090769946e+00,3.84268819845545417e+00,7.83528042249906687e-01,8.26319576036532277e-01,1.65967178000016702e-01,1,1,1,ok,relative_bounded_ricci
99,5099,256,8.39999999999999969e-01,box_shear_aspect,shape_channel,voro_radical,voro_radical_rebuilt,1,1,1.15678290663793079e-01,1.15678290663793079e-01,0.00000000000000000e+00,7.46281377240783778e-02,7.46281377240783778e-02,0.00000000000000000e+00,1.10508662853850428e-01,1.10508662853850428e-01,0.00000000000000000e+00,5.67004709788901384e-01,5.67004709788901384e-01,0.00000000000000000e+00,1.36931466743639390e+02,1.36931466743639390e+02,0.00000000000000000e+00,1.54148070599795073e-01,1.54148070599795073e-01,0.00000000000000000e+00,6.06663788152244976e-01,6.06663788152244976e-01,0.00000000000000000e+00,1.56549728085709041e-05,1.56549728085709041e-05,0.00000000000000000e+00,9.16683795660677703e-04,9.16683795660677703e-04,0.00000000000000000e+00,3.96077057090769946e+00,3.96077057090769946e+00,7.83528042249906687e-01,7.83528042249906687e-01,5.44463993499999788e+00,0,0,0,ok,aspect-only box strain; shear omitted for rectangular voro++ container
99,5099,256,8.39999999999999969e-01,compression_step,coupled,voro_radical,voro_radical_rebuilt,1,1,1.15678290663793079e-01,1.15678290663793079e-01,0.00000000000000000e+00,7.46281377240783778e-02,7.46281377240783778e-02,0.00000000000000000e+00,1.10508662853850428e-01,1.10508662853850442e-01,1.38777878078144568e-17,5.67004709788901384e-01,5.67004709788901384e-01,0.00000000000000000e+00,1.36931466743639390e+02,1.36931466743639390e+02,0.00000000000000000e+00,1.54148070599795073e-01,1.54148070599795073e-01,0.00000000000000000e+00,6.06663788152244976e-01,6.06663788152244976e-01,0.00000000000000000e+00,1.56549728085709041e-05,0.00000000000000000e+00,-1.56549728085709041e-05,9.16683795660677703e-04,0.00000000000000000e+00,-9.16683795660677703e-04,3.96077057090769946e+00,3.96077057090769946e+00,7.83528042249906687e-01,7.83528042249906687e-01,2.51335367000001497e+00,0,0,0,ok,local phi scan best endpoint
99,5099,256,8.39999999999999969e-01,free_ricci,sum_channel,voro_radical,voro_radical_fixed_topology,1,1,1.15678290663793079e-01,1.03377134199122631e-01,-1.23011564646704485e-02,7.46281377240783778e-02,6.89287823109847933e-12,-7.46281377171855026e-02,1.10508662853850428e-01,1.05750145078000221e-01,-4.75851777585020730e-03,5.67004709788901384e-01,4.79106180783189537e-11,-5.67004709740990820e-01,1.36931466743639390e+02,8.40644310783262444e-09,-1.36931466735232959e+02,1.54148070599795073e-01,2.26318961366896776e-10,-1.54148070373476109e-01,6.06663788152244976e-01,4.55579238037547620e-10,-6.06663787696665735e-01,1.56549728085709041e-05,3.77089461512182922e+00,3.77087896014902046e+00,9.16683795660677703e-04,5.29394310100357979e-01,5.28477626304697301e-01,3.96077057090769946e+00,4.64405732373885094e+00,7.83528042249906687e-01,9.28481226274615601e-01,2.21111624000002394e-01,1,1,1,ok,converged: max_abs_K < tol
99,5099,256,8.39999999999999969e-01,post_voro_surgery,topology,voro_radical,post_surgery_nonradical,1,1,1.15678290663793079e-01,1.35690195522299412e-01,2.00119048585063325e-02,7.46281377240783778e-02,6.75572282331274726e-02,-7.07090949095090515e-03,1.10508662853850428e-01,1.40324592909888246e-01,2.98159300560378177e-02,5.67004709788901384e-01,4.74409181709699701e-01,-9.25955280792016833e-02,1.36931466743639390e+02,8.26264238193504355e+01,-5.43050429242889550e+01,1.54148070599795073e-01,1.38066831438861531e-01,-1.60812391609335414e-02,6.06663788152244976e-01,3.85499820943108085e-01,-2.21163967209136891e-01,1.56549728085709041e-05,1.56549728085709041e-05,0.00000000000000000e+00,9.16683795660677703e-04,9.16683795660677703e-04,0.00000000000000000e+00,3.96077057090769946e+00,3.96077057090769946e+00,7.83528042249906687e-01,8.40450866381849071e-01,7.64064306799999713e+01,1,0,0,ok,light topology surgery; no longer radical
99,5099,256,8.39999999999999969e-01,radius_label_swap,sum_channel,voro_radical,voro_radical_rebuilt,1,1,1.15678290663793079e-01,1.15420004503943074e-01,-2.58286159850004693e-04,7.46281377240783778e-02,7.42073347261814481e-02,-4.20802997896929654e-04,1.10508662853850428e-01,1.10434503903863446e-01,-7.41589499869826918e-05,5.67004709788901384e-01,5.63056808730617253e-01,-3.94790105828413118e-03,1.36931466743639390e+02,1.36421147840442586e+02,-5.10318903196804285e-01,1.54148070599795073e-01,1.53391697314987335e-01,-7.56373284807737578e-04,6.06663788152244976e-01,6.06699556311706023e-01,3.57681594610470555e-05,1.56549728085709041e-05,1.55746867106203309e-05,-8.02860979505731591e-08,9.16683795660677703e-04,9.16683795660677703e-04,0.00000000000000000e+00,3.96077057090769946e+00,3.96077057090769946e+00,7.83528042249906687e-01,7.84820705531241392e-01,8.85878065899999001e+00,1,1,1,ok,radius labels permuted; distribution exactly preserved
99,5099,256,8.39999999999999969e-01,shape_descent,shape_channel,voro_radical,voro_radical_rebuilt,1,1,1.15678290663793079e-01,1.15658930350813371e-01,-1.93603129797076390e-05,7.46281377240783778e-02,7.46281377240783916e-02,1.38777878078144568e-17,1.10508662853850428e-01,1.10507063148730156e-01,-1.59970512027263201e-06,5.67004709788901384e-01,5.67004709788901384e-01,0.00000000000000000e+00,1.36931466743639390e+02,1.36931466743639390e+02,0.00000000000000000e+00,1.54148070599795073e-01,1.54148070599795073e-01,0.00000000000000000e+00,6.06663788152244976e-01,6.06663788152244976e-01,0.00000000000000000e+00,1.56549728085709041e-05,1.56936017261368065e-05,3.86289175659024057e-08,9.16683795660677703e-04,9.16683795660677703e-04,0.00000000000000000e+00,3.96077057090769946e+00,3.96077057090769946e+00,7.83528042249906687e-01,7.83528042249906687e-01,7.59406403399998453e+00,0,1,0,ok,stochastic coordinate shape descent
100,5100,256,8.39999999999999969e-01,bounded_ricci_du010,sum_channel,voro_radical,voro_radical_fixed_topology,1,1,1.17308223562772249e-01,1.11193643067365636e-01,-6.11458049540661297e-03,7.61705670213948527e-02,5.68727916817951748e-02,-1.92977753395996779e-02,1.14146049873876318e-01,1.12690413465414058e-01,-1.45563640846226028e-03,5.59104758239955868e-01,4.15194591176564320e-01,-1.43910167063391548e-01,1.22284917003141516e+02,8.35519106673544627e+01,-3.87330063357870529e+01,1.46318040053391135e-01,1.14758803227093822e-01,-3.15592368262973128e-02,5.67216827491373254e-01,4.68753431478520277e-01,-9.84633960128529773e-02,5.39902067264692641e-06,1.21814727507902357e-01,1.21809328487229709e-01,4.64771236499572638e-04,1.05542596230383978e-01,1.05077824993884406e-01,3.96077057090769946e+00,4.15319004031917860e+00,7.97329929871820609e-01,8.60053231216278746e-01,1.51706515999990188e-01,1,1,1,ok,relative_bounded_ricci
100,5100,256,8.39999999999999969e-01,box_shear_aspect,shape_channel,voro_radical,voro_radical_rebuilt,1,1,1.17308223562772249e-01,1.17308223562772249e-01,0.00000000000000000e+00,7.61705670213948527e-02,7.61705670213948527e-02,0.00000000000000000e+00,1.14146049873876318e-01,1.14146049873876318e-01,0.00000000000000000e+00,5.59104758239955868e-01,5.59104758239955868e-01,0.00000000000000000e+00,1.22284917003141516e+02,1.22284917003141516e+02,0.00000000000000000e+00,1.46318040053391135e-01,1.46318040053391135e-01,0.00000000000000000e+00,5.67216827491373254e-01,5.67216827491373254e-01,0.00000000000000000e+00,5.39902067264692641e-06,5.39902067264692641e-06,0.00000000000000000e+00,4.64771236499572638e-04,4.64771236499572638e-04,0.00000000000000000e+00,3.96077057090769946e+00,3.96077057090769946e+00,7.97329929871820609e-01,7.97329929871820609e-01,4.77569563100007599e+00,0,0,0,ok,aspect-only box strain; shear omitted for rectangular voro++ container
100,5100,256,8.39999999999999969e-01,compression_step,coupled,voro_radical,voro_radical_rebuilt,1,1,1.17308223562772249e-01,1.17308176700760644e-01,-4.68620116045315172e-08,7.61705670213948527e-02,7.61705670213948804e-02,2.77555756156289135e-17,1.14146049873876318e-01,1.14146511537030107e-01,4.61663153789038105e-07,5.59104758239955868e-01,5.59104758239955868e-01,0.00000000000000000e+00,1.22284917003141516e+02,1.22284917003141516e+02,0.00000000000000000e+00,1.46318040053391135e-01,1.46318040053391135e-01,0.00000000000000000e+00,5.67216827491373254e-01,5.67216827491373254e-01,0.00000000000000000e+00,5.39902067264692641e-06,5.37539179128469603e-06,-2.36288813622303819e-08,4.64771236499572638e-04,4.63737056828783523e-04,-1.03417967078911488e-06,3.96077057090769946e+00,3.96077057090769946e+00,7.97329929871820609e-01,7.97329929871820609e-01,1.23879655400003230e+00,0,0,0,ok,local phi scan best endpoint
100,5100,256,8.39999999999999969e-01,free_ricci,sum_channel,voro_radical,voro_radical_fixed_topology,1,1,1.17308223562772249e-01,1.08650663440282277e-01,-8.65756012248997120e-03,7.61705670213948527e-02,9.31310674109545546e-12,-7.61705670120817468e-02,1.14146049873876318e-01,1.11275478101806435e-01,-2.87057177206988257e-03,5.59104758239955868e-01,6.05222201856566077e-11,-5.59104758179433614e-01,1.22284917003141516e+02,9.66926834364946554e-09,-1.22284916993472251e+02,1.46318040053391135e-01,2.81545606436391058e-10,-1.46318039771845515e-01,5.67216827491373254e-01,4.50930840735092489e-10,-5.67216827040442406e-01,5.39902067264692641e-06,3.69789787708049822e+00,3.69789247805982546e+00,4.64771236499572638e-04,5.07838342783811791e-01,5.07373571547312219e-01,3.96077057090769946e+00,5.20727164204652215e+00,7.97329929871820609e-01,9.26734739675433628e-01,1.91350326000019777e-01,1,1,1,ok,converged: max_abs_K < tol
100,5100,256,8.39999999999999969e-01,post_voro_surgery,topology,voro_radical,post_surgery_nonradical,1,1,1.17308223562772249e-01,1.38641944479920287e-01,2.13337209171480385e-02,7.61705670213948527e-02,6.29911923585232264e-02,-1.31793746628716263e-02,1.14146049873876318e-01,1.43684154419385368e-01,2.95381045455090502e-02,5.59104758239955868e-01,4.63796074955239834e-01,-9.53086832847160337e-02,1.22284917003141516e+02,7.24432131332457914e+01,-4.98417038698957242e+01,1.46318040053391135e-01,1.26846348963425393e-01,-1.94716910899657425e-02,5.67216827491373254e-01,3.62342365584405302e-01,-2.04874461906967953e-01,5.39902067264692641e-06,5.39902067264692641e-06,0.00000000000000000e+00,4.64771236499572638e-04,4.64771236499572638e-04,0.00000000000000000e+00,3.96077057090769946e+00,3.96077057090769946e+00,7.97329929871820609e-01,8.34764607519004054e-01,5.78105583369999749e+01,1,0,0,ok,light topology surgery; no longer radical
100,5100,256,8.39999999999999969e-01,radius_label_swap,sum_channel,voro_radical,voro_radical_rebuilt,1,1,1.17308223562772249e-01,1.17308223562772249e-01,0.00000000000000000e+00,7.61705670213948527e-02,7.61705670213948527e-02,0.00000000000000000e+00,1.14146049873876318e-01,1.14146049873876318e-01,0.00000000000000000e+00,5.59104758239955868e-01,5.59104758239955868e-01,0.00000000000000000e+00,1.22284917003141516e+02,1.22284917003141516e+02,0.00000000000000000e+00,1.46318040053391135e-01,1.46318040053391135e-01,0.00000000000000000e+00,5.67216827491373254e-01,5.67216827491373254e-01,0.00000000000000000e+00,5.39902067264692641e-06,5.39902067264692641e-06,0.00000000000000000e+00,4.64771236499572638e-04,4.64771236499572638e-04,0.00000000000000000e+00,3.96077057090769946e+00,3.96077057090769946e+00,7.97329929871820609e-01,7.97329929871820609e-01,9.09324496499993984e+00,0,0,0,ok,radius labels permuted; distribution exactly preserved
100,5100,256,8.39999999999999969e-01,shape_descent,shape_channel,voro_radical,voro_radical_rebuilt,1,1,1.17308223562772249e-01,1.17325540129086123e-01,1.73165663138741266e-05,7.61705670213948527e-02,7.61705670213948527e-02,0.00000000000000000e+00,1.14146049873876318e-01,1.14190462814036983e-01,4.44129401606652152e-05,5.59104758239955868e-01,5.59104758239955868e-01,0.00000000000000000e+00,1.22284917003141516e+02,1.22284917003141516e+02,0.00000000000000000e+00,1.46318040053391135e-01,1.46318040053391135e-01,0.00000000000000000e+00,5.67216827491373254e-01,5.67216827491373254e-01,0.00000000000000000e+00,5.39902067264692641e-06,5.39895096975294687e-06,-6.97028939795408305e-11,4.64771236499572638e-04,4.64771236499572638e-04,0.00000000000000000e+00,3.96077057090769946e+00,3.96077057090769946e+00,7.97329929871820609e-01,7.97329929871820609e-01,7.32576130699999339e+00,0,0,0,ok,stochastic coordinate shape descent
101,5101,256,8.39999999999999969e-01,bounded_ricci_du010,sum_channel,voro_radical,voro_radical_fixed_topology,1,1,1.28958754398915521e-01,1.23886489548956188e-01,-5.07226484995933202e-03,7.60426622906600624e-02,5.93819680140942330e-02,-1.66606942765658295e-02,1.27119737037197811e-01,1.25741151610453433e-01,-1.37858542674437756e-03,5.48521275439187828e-01,4.26712595102600123e-01,-1.21808680336587705e-01,1.19767151804875198e+02,8.44144365781306192e+01,-3.53527152267445786e+01,1.47182976679040900e-01,1.20036008936071123e-01,-2.71469677429697770e-02,5.53024332733480062e-01,4.57983834994702466e-01,-9.50404977387775962e-02,2.23659564606780437e-03,1.12292523452269283e-01,1.10055927806201478e-01,9.19952770613763349e-03,9.94633717700352804e-02,9.02638440638976469e-02,3.96077057090769946e+00,4.03464279019013450e+00,7.81404368081905276e-01,8.38094401064190309e-01,1.58684103000041432e-01,1,1,1,ok,relative_bounded_ricci
101,5101,256,8.39999999999999969e-01,box_shear_aspect,shape_channel,voro_radical,voro_radical_rebuilt,1,1,1.28958754398915521e-01,1.28958754398915521e-01,0.00000000000000000e+00,7.60426622906600624e-02,7.60426622906600624e-02,0.00000000000000000e+00,1.27119737037197811e-01,1.27119737037197811e-01,0.00000000000000000e+00,5.48521275439187828e-01,5.48521275439187828e-01,0.00000000000000000e+00,1.19767151804875198e+02,1.19767151804875198e+02,0.00000000000000000e+00,1.47182976679040900e-01,1.47182976679040900e-01,0.00000000000000000e+00,5.53024332733480062e-01,5.53024332733480062e-01,0.00000000000000000e+00,2.23659564606780437e-03,2.23659564606780437e-03,0.00000000000000000e+00,9.19952770613763349e-03,9.19952770613763349e-03,0.00000000000000000e+00,3.96077057090769946e+00,3.96077057090769946e+00,7.81404368081905276e-01,7.81404368081905276e-01,4.22431125299999621e+00,0,0,0,ok,aspect-only box strain; shear omitted for rectangular voro++ container
101,5101,256,8.39999999999999969e-01,compression_step,coupled,voro_radical,voro_radical_rebuilt,1,1,1.28958754398915521e-01,1.29052358376657877e-01,9.36039777423569586e-05,7.60426622906600624e-02,7.44959054217975147e-02,-1.54675686886254771e-03,1.27119737037197811e-01,1.27982991923223016e-01,8.63254886025205392e-04,5.48521275439187828e-01,5.37074853505859706e-01,-1.14464219333281214e-02,1.19767151804875198e+02,8.79692504631778860e+01,-3.17979013416973118e+01,1.47182976679040900e-01,1.43724887155553788e-01,-3.45808952348711229e-03,5.53024332733480062e-01,3.97642421046755790e-01,-1.55381911686724272e-01,2.23659564606780437e-03,0.00000000000000000e+00,-2.23659564606780437e-03,9.19952770613763349e-03,0.00000000000000000e+00,-9.19952770613763349e-03,3.96077057090769946e+00,3.96077057090769946e+00,7.81404368081905276e-01,7.83754341831784385e-01,1.85350698599995667e+00,1,0,0,ok,local phi scan best endpoint
101,5101,256,8.39999999999999969e-01,free_ricci,sum_channel,voro_radical,voro_radical_fixed_topology,1,1,1.28958754398915521e-01,1.20016475996055180e-01,-8.94227840286034026e-03,7.60426622906600624e-02,6.43076084143962542e-12,-7.60426622842293037e-02,1.27119737037197811e-01,1.23244162492422649e-01,-3.87557454477516217e-03,5.48521275439187828e-01,4.59686457781291096e-11,-5.48521275393219154e-01,1.19767151804875198e+02,8.35246853615335281e-09,-1.19767151796522725e+02,1.47182976679040900e-01,2.18538341164643730e-10,-1.47182976460502546e-01,5.53024332733480062e-01,4.56997063556561796e-10,-5.53024332276482955e-01,2.23659564606780437e-03,4.41656062693817120e+00,4.41432403129210371e+00,9.19952770613763349e-03,5.71894186067380961e-01,5.62694658361243327e-01,3.96077057090769946e+00,4.74455340727284636e+00,7.81404368081905276e-01,9.27577571918313915e-01,1.67376436000040485e-01,1,1,1,ok,converged: max_abs_K < tol
101,5101,256,8.39999999999999969e-01,post_voro_surgery,topology,voro_radical,post_surgery_nonradical,1,1,1.28958754398915521e-01,1.39284681703914670e-01,1.03259273049991496e-02,7.60426622906600624e-02,6.65562276134952779e-02,-9.48643467716478450e-03,1.27119737037197811e-01,1.44273966980021567e-01,1.71542299428237566e-02,5.48521275439187828e-01,4.78711680629736402e-01,-6.98095948094514251e-02,1.19767151804875198e+02,7.27548697368082458e+01,-4.70122820680669520e+01,1.47182976679040900e-01,1.32692009315484860e-01,-1.44909673635560399e-02,5.53024332733480062e-01,3.40161293658297725e-01,-2.12863039075182336e-01,2.23659564606780437e-03,2.23659564606780437e-03,0.00000000000000000e+00,9.19952770613763349e-03,9.19952770613763349e-03,0.00000000000000000e+00,3.96077057090769946e+00,3.96077057090769946e+00,7.81404368081905276e-01,8.15831016362571271e-01,8.00466996610000479e+01,1,0,0,ok,light topology surgery; no longer radical
101,5101,256,8.39999999999999969e-01,radius_label_swap,sum_channel,voro_radical,voro_radical_rebuilt,1,1,1.28958754398915521e-01,1.28957348555625295e-01,-1.40584329022530596e-06,7.60426622906600624e-02,7.60515675474049135e-02,8.90525674485109775e-06,1.27119737037197811e-01,1.27122328218961467e-01,2.59118176365591424e-06,5.48521275439187828e-01,5.48523430770219256e-01,2.15533103142817595e-06,1.19767151804875198e+02,1.19777611533061474e+02,1.04597281862766067e-02,1.47182976679040900e-01,1.47199418221140771e-01,1.64415420998709205e-05,5.53024332733480062e-01,5.53021059732035081e-01,-3.27300144498110512e-06,2.23659564606780437e-03,2.24821692075660674e-03,1.16212746888023737e-05,9.19952770613763349e-03,9.19952770613763349e-03,0.00000000000000000e+00,3.96077057090769946e+00,3.96077057090769946e+00,7.81404368081905276e-01,7.81390147091276188e-01,8.37390833500001008e+00,0,0,0,ok,radius labels permuted; distribution exactly preserved
101,5101,256,8.39999999999999969e-01,shape_descent,shape_channel,voro_radical,voro_radical_rebuilt,1,1,1.28958754398915521e-01,1.28951648232183275e-01,-7.10616673224584439e-06,7.60426622906600624e-02,7.60426622906600624e-02,0.00000000000000000e+00,1.27119737037197811e-01,1.27111740567682874e-01,-7.99646951493704350e-06,5.48521275439187828e-01,5.48521275439187828e-01,0.00000000000000000e+00,1.19767151804875198e+02,1.19767151804875198e+02,0.00000000000000000e+00,1.47182976679040900e-01,1.47182976679040900e-01,0.00000000000000000e+00,5.53024332733480062e-01,5.53024332733480062e-01,0.00000000000000000e+00,2.23659564606780437e-03,2.32870262903142828e-03,9.21069829636239103e-05,9.19952770613763349e-03,9.19952770613763349e-03,0.00000000000000000e+00,3.96077057090769946e+00,3.96077057090769946e+00,7.81404368081905276e-01,7.81404368081905276e-01,7.28759673000001840e+00,0,1,0,ok,stochastic coordinate shape descent
102,5102,256,8.39999999999999969e-01,bounded_ricci_du010,sum_channel,voro_radical,voro_radical_fixed_topology,1,1,1.19058294937581410e-01,1.13421554954127521e-01,-5.63673998345388949e-03,7.89885657612669212e-02,6.14560833277412108e-02,-1.75324824335257104e-02,1.17727924945535731e-01,1.16205259199992486e-01,-1.52266574554324463e-03,5.66880778169664867e-01,4.38531411646782276e-01,-1.28349366522882591e-01,1.02179731659209722e+02,7.01276987809350345e+01,-3.20520328782746873e+01,1.46142672288588432e-01,1.17255460038929352e-01,-2.88872122496590805e-02,4.70453163170490574e-01,3.81687433378960106e-01,-8.87657297915304677e-02,1.60708874164151413e-06,9.58290760844272144e-02,9.58274689956855746e-02,2.95995039407692673e-04,1.01862483410977145e-01,1.01566488371569452e-01,3.96077057090769946e+00,3.78532329345751561e+00,7.91113414058145281e-01,8.48986892754154843e-01,1.57454016000087904e-01,1,1,1,ok,relative_bounded_ricci
102,5102,256,8.39999999999999969e-01,box_shear_aspect,shape_channel,voro_radical,voro_radical_rebuilt,1,1,1.19058294937581410e-01,1.19058294937581410e-01,0.00000000000000000e+00,7.89885657612669212e-02,7.89885657612669212e-02,0.00000000000000000e+00,1.17727924945535731e-01,1.17727924945535731e-01,0.00000000000000000e+00,5.66880778169664867e-01,5.66880778169664867e-01,0.00000000000000000e+00,1.02179731659209722e+02,1.02179731659209722e+02,0.00000000000000000e+00,1.46142672288588432e-01,1.46142672288588432e-01,0.00000000000000000e+00,4.70453163170490574e-01,4.70453163170490574e-01,0.00000000000000000e+00,1.60708874164151413e-06,1.60708874164151413e-06,0.00000000000000000e+00,2.95995039407692673e-04,2.95995039407692673e-04,0.00000000000000000e+00,3.96077057090769946e+00,3.96077057090769946e+00,7.91113414058145281e-01,7.91113414058145281e-01,4.34031118400002924e+00,0,0,0,ok,aspect-only box strain; shear omitted for rectangular voro++ container
102,5102,256,8.39999999999999969e-01,compression_step,coupled,voro_radical,voro_radical_rebuilt,1,1,1.19058294937581410e-01,1.19058294937581369e-01,-4.16333634234433703e-17,7.89885657612669212e-02,7.89885657612669490e-02,2.77555756156289135e-17,1.17727924945535731e-01,1.17727924945535675e-01,-5.55111512312578270e-17,5.66880778169664867e-01,5.66880778169664867e-01,0.00000000000000000e+00,1.02179731659209722e+02,1.02179731659209722e+02,0.00000000000000000e+00,1.46142672288588432e-01,1.46142672288588432e-01,0.00000000000000000e+00,4.70453163170490574e-01,4.70453163170490574e-01,0.00000000000000000e+00,1.60708874164151413e-06,0.00000000000000000e+00,-1.60708874164151413e-06,2.95995039407692673e-04,0.00000000000000000e+00,-2.95995039407692673e-04,3.96077057090769946e+00,3.96077057090769946e+00,7.91113414058145281e-01,7.91113414058145281e-01,1.87948911499995575e+00,0,1,0,ok,local phi scan best endpoint
102,5102,256,8.39999999999999969e-01,free_ricci,sum_channel,voro_radical,voro_radical_fixed_topology,1,1,1.19058294937581410e-01,1.09928070777628825e-01,-9.13022415995258518e-03,7.89885657612669212e-02,7.81024903316144619e-12,-7.89885657534566687e-02,1.17727924945535731e-01,1.13314136843647315e-01,-4.41378810188841619e-03,5.66880778169664867e-01,5.23400924633783446e-11,-5.66880778117324735e-01,1.02179731659209722e+02,8.72691074011308386e-09,-1.02179731650482807e+02,1.46142672288588432e-01,2.44807665068273519e-10,-1.46142672043780758e-01,4.70453163170490574e-01,4.58913289168107399e-10,-4.70453162711577277e-01,1.60708874164151413e-06,3.47822414710635330e+00,3.47822254001761166e+00,2.95995039407692673e-04,5.17494430391114646e-01,5.17198435351706953e-01,3.96077057090769946e+00,4.24558148957820691e+00,7.91113414058145281e-01,9.23324246967113682e-01,2.02064361999987341e-01,1,1,1,ok,converged: max_abs_K < tol
102,5102,256,8.39999999999999969e-01,post_voro_surgery,topology,voro_radical,post_surgery_nonradical,1,1,1.19058294937581410e-01,1.36274755973775835e-01,1.72164610361944248e-02,7.89885657612669212e-02,6.85819753470789106e-02,-1.04065904141880106e-02,1.17727924945535731e-01,1.42471450138933281e-01,2.47435251933975503e-02,5.66880778169664867e-01,4.95436100285613135e-01,-7.14446778840517327e-02,1.02179731659209722e+02,7.19324945723103468e+01,-3.02472370868993750e+01,1.46142672288588432e-01,1.33595230684561056e-01,-1.25474416040273762e-02,4.70453163170490574e-01,3.29700733885585517e-01,-1.40752429284905056e-01,1.60708874164151413e-06,1.60708874164151413e-06,0.00000000000000000e+00,2.95995039407692673e-04,2.95995039407692673e-04,0.00000000000000000e+00,3.96077057090769946e+00,3.96077057090769946e+00,7.91113414058145281e-01,8.27854591393508477e-01,6.80356196420000288e+01,1,0,0,ok,light topology surgery; no longer radical
102,5102,256,8.39999999999999969e-01,radius_label_swap,sum_channel,voro_radical,voro_radical_rebuilt,1,1,1.19058294937581410e-01,1.19058294937581410e-01,0.00000000000000000e+00,7.89885657612669212e-02,7.89885657612669212e-02,0.00000000000000000e+00,1.17727924945535731e-01,1.17727924945535731e-01,0.00000000000000000e+00,5.66880778169664867e-01,5.66880778169664867e-01,0.00000000000000000e+00,1.02179731659209722e+02,1.02179731659209722e+02,0.00000000000000000e+00,1.46142672288588432e-01,1.46142672288588432e-01,0.00000000000000000e+00,4.70453163170490574e-01,4.70453163170490574e-01,0.00000000000000000e+00,1.60708874164151413e-06,1.60708874164151413e-06,0.00000000000000000e+00,2.95995039407692673e-04,2.95995039407692673e-04,0.00000000000000000e+00,3.96077057090769946e+00,3.96077057090769946e+00,7.91113414058145281e-01,7.91113414058145281e-01,6.55016078599999219e+00,0,0,0,ok,radius labels permuted; distribution exactly preserved
102,5102,256,8.39999999999999969e-01,shape_descent,shape_channel,voro_radical,voro_radical_rebuilt,1,1,1.19058294937581410e-01,1.19009287763485891e-01,-4.90071740955194679e-05,7.89885657612669212e-02,7.89885657612669212e-02,0.00000000000000000e+00,1.17727924945535731e-01,1.17673246789576927e-01,-5.46781559588038757e-05,5.66880778169664867e-01,5.66880778169664867e-01,0.00000000000000000e+00,1.02179731659209722e+02,1.02179731659209722e+02,0.00000000000000000e+00,1.46142672288588432e-01,1.46142672288588432e-01,0.00000000000000000e+00,4.70453163170490574e-01,4.70453163170490574e-01,0.00000000000000000e+00,1.60708874164151413e-06,1.60707046036861056e-06,-1.82812729035674573e-11,2.95995039407692673e-04,2.95995039407692673e-04,0.00000000000000000e+00,3.96077057090769946e+00,3.96077057090769946e+00,7.91113414058145281e-01,7.91113414058145281e-01,7.06220001200006209e+00,0,1,0,ok,stochastic coordinate shape descent
103,5103,256,8.39999999999999969e-01,bounded_ricci_du010,sum_channel,voro_radical,voro_radical_fixed_topology,1,1,1.22658505571046947e-01,1.18962382929647045e-01,-3.69612264139990154e-03,7.54975812973284061e-02,6.21305953080677834e-02,-1.33669859892606227e-02,1.22334789843575209e-01,1.21460397432343187e-01,-8.74392411232022271e-04,5.49701826773939306e-01,4.51561694113999879e-01,-9.81401326599394275e-02,1.10360190604140314e+02,8.77702864579112543e+01,-2.25899041462290597e+01,1.46142585819080795e-01,1.24735317459423845e-01,-2.14072683596569502e-02,5.12280416941239825e-01,4.62587068330131024e-01,-4.96933486111088007e-02,7.31219687907721258e-05,4.45392084033132615e-02,4.44660864345224893e-02,1.69936169662010528e-03,6.53512828562607950e-02,6.36519211596406898e-02,3.96077057090769946e+00,3.99674899341849477e+00,7.91480431622924252e-01,8.36459423303318017e-01,1.29205587999990712e-01,1,1,1,ok,relative_bounded_ricci
103,5103,256,8.39999999999999969e-01,box_shear_aspect,shape_channel,voro_radical,voro_radical_rebuilt,1,1,1.22658505571046947e-01,1.22658505571046947e-01,0.00000000000000000e+00,7.54975812973284061e-02,7.54975812973284061e-02,0.00000000000000000e+00,1.22334789843575209e-01,1.22334789843575209e-01,0.00000000000000000e+00,5.49701826773939306e-01,5.49701826773939306e-01,0.00000000000000000e+00,1.10360190604140314e+02,1.10360190604140314e+02,0.00000000000000000e+00,1.46142585819080795e-01,1.46142585819080795e-01,0.00000000000000000e+00,5.12280416941239825e-01,5.12280416941239825e-01,0.00000000000000000e+00,7.31219687907721258e-05,7.31219687907721258e-05,0.00000000000000000e+00,1.69936169662010528e-03,1.69936169662010528e-03,0.00000000000000000e+00,3.96077057090769946e+00,3.96077057090769946e+00,7.91480431622924252e-01,7.91480431622924252e-01,4.18660633799993320e+00,0,0,0,ok,aspect-only box strain; shear omitted for rectangular voro++ container
103,5103,256,8.39999999999999969e-01,compression_step,coupled,voro_radical,voro_radical_rebuilt,1,1,1.22658505571046947e-01,1.22658505571046975e-01,2.77555756156289135e-17,7.54975812973284061e-02,7.54975812973283783e-02,-2.77555756156289135e-17,1.22334789843575209e-01,1.22334789843575265e-01,5.55111512312578270e-17,5.49701826773939306e-01,5.49701826773939306e-01,0.00000000000000000e+00,1.10360190604140314e+02,1.10360190604140314e+02,0.00000000000000000e+00,1.46142585819080795e-01,1.46142585819080795e-01,0.00000000000000000e+00,5.12280416941239825e-01,5.12280416941239825e-01,0.00000000000000000e+00,7.31219687907721258e-05,0.00000000000000000e+00,-7.31219687907721258e-05,1.69936169662010528e-03,0.00000000000000000e+00,-1.69936169662010528e-03,3.96077057090769946e+00,3.96077057090769946e+00,7.91480431622924252e-01,7.91480431622924252e-01,1.54345942099996591e+00,1,0,0,ok,local phi scan best endpoint
103,5103,256,8.39999999999999969e-01,free_ricci,sum_channel,voro_radical,voro_radical_fixed_topology,1,1,1.22658505571046947e-01,1.16565144724949318e-01,-6.09336084609762851e-03,7.54975812973284061e-02,7.69391793441716896e-12,-7.54975812896344911e-02,1.22334789843575209e-01,1.19890191136329635e-01,-2.44459870724557382e-03,5.49701826773939306e-01,5.18225579882812920e-11,-5.49701826722116760e-01,1.10360190604140314e+02,8.64391840209285130e-09,-1.10360190595496391e+02,1.46142585819080795e-01,2.42269822044439756e-10,-1.46142585576810979e-01,5.12280416941239825e-01,4.56095672656332651e-10,-5.12280416485144108e-01,7.31219687907721258e-05,3.43587248579166049e+00,3.43579936382286988e+00,1.69936169662010528e-03,4.91310413764321829e-01,4.89611052067701724e-01,3.96077057090769946e+00,5.24689780321016386e+00,7.91480431622924252e-01,9.19880417633081815e-01,1.60911091000002671e-01,1,1,1,ok,converged: max_abs_K < tol
103,5103,256,8.39999999999999969e-01,post_voro_surgery,topology,voro_radical,post_surgery_nonradical,1,1,1.22658505571046947e-01,1.35214058972420975e-01,1.25555534013740283e-02,7.54975812973284061e-02,6.91204727929026902e-02,-6.37710850442571586e-03,1.22334789843575209e-01,1.41206749775204948e-01,1.88719599316297393e-02,5.49701826773939306e-01,4.95142705370712644e-01,-5.45591214032266625e-02,1.10360190604140314e+02,8.05061794079376938e+01,-2.98540111962026202e+01,1.46142585819080795e-01,1.33827056235981262e-01,-1.23155295830995326e-02,5.12280416941239825e-01,3.89175392535195896e-01,-1.23105024406043928e-01,7.31219687907721258e-05,7.31219687907721258e-05,0.00000000000000000e+00,1.69936169662010528e-03,1.69936169662010528e-03,0.00000000000000000e+00,3.96077057090769946e+00,3.96077057090769946e+00,7.91480431622924252e-01,8.16320937649999356e-01,5.46094122869999410e+01,1,0,0,ok,light topology surgery; no longer radical
103,5103,256,8.39999999999999969e-01,radius_label_swap,sum_channel,voro_radical,voro_radical_rebuilt,1,1,1.22658505571046947e-01,1.22658505571046947e-01,0.00000000000000000e+00,7.54975812973284061e-02,7.54975812973284061e-02,0.00000000000000000e+00,1.22334789843575209e-01,1.22334789843575209e-01,0.00000000000000000e+00,5.49701826773939306e-01,5.49701826773939306e-01,0.00000000000000000e+00,1.10360190604140314e+02,1.10360190604140314e+02,0.00000000000000000e+00,1.46142585819080795e-01,1.46142585819080795e-01,0.00000000000000000e+00,5.12280416941239825e-01,5.12280416941239825e-01,0.00000000000000000e+00,7.31219687907721258e-05,7.31219687907721258e-05,0.00000000000000000e+00,1.69936169662010528e-03,1.69936169662010528e-03,0.00000000000000000e+00,3.96077057090769946e+00,3.96077057090769946e+00,7.91480431622924252e-01,7.91480431622924252e-01,1.00319616660000293e+01,0,0,0,ok,radius labels permuted; distribution exactly preserved
103,5103,256,8.39999999999999969e-01,shape_descent,shape_channel,voro_radical,voro_radical_rebuilt,1,1,1.22658505571046947e-01,1.22651109284261137e-01,-7.39628678581016885e-06,7.54975812973284061e-02,7.54975812973284061e-02,0.00000000000000000e+00,1.22334789843575209e-01,1.22267716285815078e-01,-6.70735577601305755e-05,5.49701826773939306e-01,5.49701826773939306e-01,0.00000000000000000e+00,1.10360190604140314e+02,1.10360190604140314e+02,0.00000000000000000e+00,1.46142585819080795e-01,1.46142585819080795e-01,0.00000000000000000e+00,5.12280416941239825e-01,5.12280416941239825e-01,0.00000000000000000e+00,7.31219687907721258e-05,7.32912640837292905e-05,1.69295292957164683e-07,1.69936169662010528e-03,1.69936169662010528e-03,0.00000000000000000e+00,3.96077057090769946e+00,3.96077057090769946e+00,7.91480431622924252e-01,7.91480431622924252e-01,5.90758119800000259e+00,0,1,0,ok,stochastic coordinate shape descent
104,5104,256,8.39999999999999969e-01,bounded_ricci_du010,sum_channel,voro_radical,voro_radical_fixed_topology,1,1,1.16590342466625030e-01,1.11179197083067616e-01,-5.41114538355741415e-03,7.20051500430210628e-02,5.58842452126741968e-02,-1.61209048303468661e-02,1.12755702373952937e-01,1.11402819766360475e-01,-1.35288260759246215e-03,5.18419847392483590e-01,4.01029253460197799e-01,-1.17390593932285792e-01,1.04100056171875622e+02,7.55320713374561024e+01,-2.85679848344195193e+01,1.37266158702392338e-01,1.11986857388487321e-01,-2.52793013139050171e-02,5.09393312334182058e-01,4.32150640172492273e-01,-7.72426721616897849e-02,4.70419199903423225e-05,9.69671511878992393e-02,9.69201092679088938e-02,1.39839837574085024e-03,1.12013587659505642e-01,1.10615189283764792e-01,3.96077057090769946e+00,3.94144276998529008e+00,8.29725770442300448e-01,8.77213959627080264e-01,1.22048123000013220e-01,1,1,1,ok,relative_bounded_ricci
104,5104,256,8.39999999999999969e-01,box_shear_aspect,shape_channel,voro_radical,voro_radical_rebuilt,1,1,1.16590342466625030e-01,1.16590342466625030e-01,0.00000000000000000e+00,7.20051500430210628e-02,7.20051500430210628e-02,0.00000000000000000e+00,1.12755702373952937e-01,1.12755702373952937e-01,0.00000000000000000e+00,5.18419847392483590e-01,5.18419847392483590e-01,0.00000000000000000e+00,1.04100056171875622e+02,1.04100056171875622e+02,0.00000000000000000e+00,1.37266158702392338e-01,1.37266158702392338e-01,0.00000000000000000e+00,5.09393312334182058e-01,5.09393312334182058e-01,0.00000000000000000e+00,4.70419199903423225e-05,4.70419199903423225e-05,0.00000000000000000e+00,1.39839837574085024e-03,1.39839837574085024e-03,0.00000000000000000e+00,3.96077057090769946e+00,3.96077057090769946e+00,8.29725770442300448e-01,8.29725770442300448e-01,4.12996051799996167e+00,0,0,0,ok,aspect-only box strain; shear omitted for rectangular voro++ container
104,5104,256,8.39999999999999969e-01,compression_step,coupled,voro_radical,voro_radical_rebuilt,1,1,1.16590342466625030e-01,1.16850182817275716e-01,2.59840350650686336e-04,7.20051500430210628e-02,7.17444729748839966e-02,-2.60677068137066259e-04,1.12755702373952937e-01,1.12853020789445660e-01,9.73184154927225764e-05,5.18419847392483590e-01,5.13804130737734566e-01,-4.61571665474902471e-03,1.04100056171875622e+02,1.05204887764141901e+02,1.10483159226627947e+00,1.37266158702392338e-01,1.38535947268973114e-01,1.26978856658077621e-03,5.09393312334182058e-01,5.10762373087487398e-01,1.36906075330534005e-03,4.70419199903423225e-05,0.00000000000000000e+00,-4.70419199903423225e-05,1.39839837574085024e-03,0.00000000000000000e+00,-1.39839837574085024e-03,3.96077057090769946e+00,3.96077057090769946e+00,8.29725770442300448e-01,8.26875969191901539e-01,1.76574316800008546e+00,1,0,0,ok,local phi scan best endpoint
104,5104,256,8.39999999999999969e-01,free_ricci,sum_channel,voro_radical,voro_radical_fixed_topology,1,1,1.16590342466625030e-01,1.05892151062297948e-01,-1.06981914043270815e-02,7.20051500430210628e-02,6.56938132227438534e-12,-7.20051500364516789e-02,1.12755702373952937e-01,1.08790019664313509e-01,-3.96568270963942870e-03,5.18419847392483590e-01,4.71062663232051878e-11,-5.18419847345377272e-01,1.04100056171875622e+02,7.87769425345826391e-09,-1.04100056163997934e+02,1.37266158702392338e-01,2.20077896616659119e-10,-1.37266158482314438e-01,5.09393312334182058e-01,4.29207408196633149e-10,-5.09393311904974611e-01,4.70419199903423225e-05,3.79690923521811019e+00,3.79686219329811969e+00,1.39839837574085024e-03,4.83724549075561061e-01,4.82326150699820211e-01,3.96077057090769946e+00,4.32812508576657251e+00,8.29725770442300448e-01,9.33178970857722057e-01,1.63868651000029786e-01,1,1,1,ok,converged: max_abs_K < tol
104,5104,256,8.39999999999999969e-01,post_voro_surgery,topology,voro_radical,post_surgery_nonradical,1,1,1.16590342466625030e-01,1.37325158893121746e-01,2.07348164264967161e-02,7.20051500430210628e-02,6.60106127825042938e-02,-5.99453726051676905e-03,1.12755702373952937e-01,1.41398832703584026e-01,2.86431303296310891e-02,5.18419847392483590e-01,4.58710456111424414e-01,-5.97093912810591765e-02,1.04100056171875622e+02,7.23921763037750452e+01,-3.17078798681005765e+01,1.37266158702392338e-01,1.33048510766628908e-01,-4.21764793576343000e-03,5.09393312334182058e-01,3.36124670575584650e-01,-1.73268641758597408e-01,4.70419199903423225e-05,4.70419199903423225e-05,0.00000000000000000e+00,1.39839837574085024e-03,1.39839837574085024e-03,0.00000000000000000e+00,3.96077057090769946e+00,3.96077057090769946e+00,8.29725770442300448e-01,8.39812242366905659e-01,8.28952552929999911e+01,1,0,0,ok,light topology surgery; no longer radical
104,5104,256,8.39999999999999969e-01,radius_label_swap,sum_channel,voro_radical,voro_radical_rebuilt,1,1,1.16590342466625030e-01,1.16278859708546178e-01,-3.11482758078851507e-04,7.20051500430210628e-02,7.19614772968814043e-02,-4.36727461396585470e-05,1.12755702373952937e-01,1.12911546840416904e-01,1.55844466463966880e-04,5.18419847392483590e-01,5.17979169824381636e-01,-4.40677568101954797e-04,1.04100056171875622e+02,1.04591738693389573e+02,4.91682521513951087e-01,1.37266158702392338e-01,1.38033065739922217e-01,7.66907037529879210e-04,5.09393312334182058e-01,5.09390052919445502e-01,-3.25941473655610991e-06,4.70419199903423225e-05,4.66318275022497007e-05,-4.10092488092621743e-07,1.39839837574085024e-03,1.39839837574085024e-03,0.00000000000000000e+00,3.96077057090769946e+00,3.96077057090769946e+00,8.29725770442300448e-01,8.29723130445924051e-01,8.07809068300002764e+00,1,0,0,ok,radius labels permuted; distribution exactly preserved
104,5104,256,8.39999999999999969e-01,shape_descent,shape_channel,voro_radical,voro_radical_rebuilt,1,1,1.16590342466625030e-01,1.16560318668919374e-01,-3.00237977056555527e-05,7.20051500430210628e-02,7.20051500430210628e-02,0.00000000000000000e+00,1.12755702373952937e-01,1.12769097041320376e-01,1.33946673674389949e-05,5.18419847392483590e-01,5.18419847392483590e-01,0.00000000000000000e+00,1.04100056171875622e+02,1.04100056171875622e+02,0.00000000000000000e+00,1.37266158702392338e-01,1.37266158702392338e-01,0.00000000000000000e+00,5.09393312334182058e-01,5.09393312334182058e-01,0.00000000000000000e+00,4.70419199903423225e-05,4.70419192322591578e-05,-7.58083164656159908e-13,1.39839837574085024e-03,1.39839837574085024e-03,0.00000000000000000e+00,3.96077057090769946e+00,3.96077057090769946e+00,8.29725770442300448e-01,8.29725770442300448e-01,5.98392168799989577e+00,0,0,0,ok,stochastic coordinate shape descent
105,5105,256,8.39999999999999969e-01,bounded_ricci_du010,sum_channel,voro_radical,voro_radical_fixed_topology,1,1,1.19142575715852420e-01,1.12235960550148547e-01,-6.90661516570387213e-03,7.32722880725149989e-02,5.20608374274046867e-02,-2.12114506451103121e-02,1.15082262219512413e-01,1.13460067521504476e-01,-1.62219469800793659e-03,5.32336672258609256e-01,3.79115162065789157e-01,-1.53221510192820098e-01,9.77503753771736967e+01,6.09400503778209384e+01,-3.68103249993527584e+01,1.43150459533136404e-01,1.08520881256413862e-01,-3.46295782767225419e-02,4.57086852563365342e-01,3.48998492693443407e-01,-1.08088359869921935e-01,3.56067410333624505e-04,1.40189340550019442e-01,1.39833273139685826e-01,3.72423299544522024e-03,1.12336348090109173e-01,1.08612115094663952e-01,3.96077057090769946e+00,4.04327490487697361e+00,8.06395032468662509e-01,8.71328481797045140e-01,1.12666055000090637e-01,1,1,1,ok,relative_bounded_ricci
105,5105,256,8.39999999999999969e-01,box_shear_aspect,shape_channel,voro_radical,voro_radical_rebuilt,1,1,1.19142575715852420e-01,1.19142561254423518e-01,-1.44614289016020692e-08,7.32722880725149989e-02,7.32722880725149989e-02,0.00000000000000000e+00,1.15082262219512413e-01,1.15082246744712846e-01,-1.54747995667614546e-08,5.32336672258609256e-01,5.32336672258609256e-01,0.00000000000000000e+00,9.77503753771736967e+01,9.77503753771736967e+01,0.00000000000000000e+00,1.43150459533136404e-01,1.43150459533136404e-01,0.00000000000000000e+00,4.57086852563365342e-01,4.57086852563365342e-01,0.00000000000000000e+00,3.56067410333624505e-04,3.56055624288945495e-04,-1.17860446790097988e-08,3.72423299544522024e-03,3.72369910907366375e-03,-5.33886371556491213e-07,3.96077057090769946e+00,3.96077057090769946e+00,8.06395032468662509e-01,8.06395032468662509e-01,3.70927616799997395e+00,0,1,0,ok,aspect-only box strain; shear omitted for rectangular voro++ container
105,5105,256,8.39999999999999969e-01,compression_step,coupled,voro_radical,voro_radical_rebuilt,1,1,1.19142575715852420e-01,1.19142575715852420e-01,0.00000000000000000e+00,7.32722880725149989e-02,7.32722880725149711e-02,-2.77555756156289135e-17,1.15082262219512413e-01,1.15082262219512343e-01,-6.93889390390722838e-17,5.32336672258609256e-01,5.32336672258609256e-01,0.00000000000000000e+00,9.77503753771736967e+01,9.77503753771736967e+01,0.00000000000000000e+00,1.43150459533136404e-01,1.43150459533136404e-01,0.00000000000000000e+00,4.57086852563365342e-01,4.57086852563365342e-01,0.00000000000000000e+00,3.56067410333624505e-04,0.00000000000000000e+00,-3.56067410333624505e-04,3.72423299544522024e-03,0.00000000000000000e+00,-3.72423299544522024e-03,3.96077057090769946e+00,3.96077057090769946e+00,8.06395032468662509e-01,8.06395032468662509e-01,1.36728649299993776e+00,1,1,1,ok,local phi scan best endpoint
105,5105,256,8.39999999999999969e-01,free_ricci,sum_channel,voro_radical,voro_radical_fixed_topology,1,1,1.19142575715852420e-01,1.09647821368597242e-01,-9.49475434725517708e-03,7.32722880725149989e-02,7.14581128093380976e-12,-7.32722880653691871e-02,1.15082262219512413e-01,1.12466702811349364e-01,-2.61555940816304844e-03,5.32336672258609256e-01,4.77254161711364403e-11,-5.32336672210883877e-01,9.77503753771736967e+01,7.77335835862203648e-09,-9.77503753694003450e+01,1.43150459533136404e-01,2.21831992313952069e-10,-1.43150459311304407e-01,4.57086852563365342e-01,4.01998183056028975e-10,-4.57086852161367185e-01,3.56067410333624505e-04,3.50547934762296443e+00,3.50512328021263064e+00,3.72423299544522024e-03,5.34429064009318111e-01,5.30704831013872891e-01,3.96077057090769946e+00,5.02657192982156431e+00,8.06395032468662509e-01,9.26181360313706459e-01,1.55058017000101245e-01,1,1,1,ok,converged: max_abs_K < tol
105,5105,256,8.39999999999999969e-01,post_voro_surgery,topology,voro_radical,post_surgery_nonradical,1,1,1.19142575715852420e-01,1.49150128426421752e-01,3.00075527105693324e-02,7.32722880725149989e-02,6.62760712493861426e-02,-6.99621682312885629e-03,1.15082262219512413e-01,1.54302174252579749e-01,3.92199120330673362e-02,5.32336672258609256e-01,4.96504598637360961e-01,-3.58320736212482949e-02,9.77503753771736967e+01,8.46292834361454567e+01,-1.31210919410282401e+01,1.43150459533136404e-01,1.40669891299460559e-01,-2.48056823367584500e-03,4.57086852563365342e-01,3.88358333558059932e-01,-6.87285190053054107e-02,3.56067410333624505e-04,3.56067410333624505e-04,0.00000000000000000e+00,3.72423299544522024e-03,3.72423299544522024e-03,0.00000000000000000e+00,3.96077057090769946e+00,3.96077057090769946e+00,8.06395032468662509e-01,8.20452635537244457e-01,7.18816120459999865e+01,1,0,0,ok,light topology surgery; no longer radical
105,5105,256,8.39999999999999969e-01,radius_label_swap,sum_channel,voro_radical,voro_radical_rebuilt,1,1,1.19142575715852420e-01,1.19142575715852420e-01,0.00000000000000000e+00,7.32722880725149989e-02,7.32722880725149989e-02,0.00000000000000000e+00,1.15082262219512413e-01,1.15082262219512413e-01,0.00000000000000000e+00,5.32336672258609256e-01,5.32336672258609256e-01,0.00000000000000000e+00,9.77503753771736967e+01,9.77503753771736967e+01,0.00000000000000000e+00,1.43150459533136404e-01,1.43150459533136404e-01,0.00000000000000000e+00,4.57086852563365342e-01,4.57086852563365342e-01,0.00000000000000000e+00,3.56067410333624505e-04,3.56067410333624505e-04,0.00000000000000000e+00,3.72423299544522024e-03,3.72423299544522024e-03,0.00000000000000000e+00,3.96077057090769946e+00,3.96077057090769946e+00,8.06395032468662509e-01,8.06395032468662509e-01,8.65724106599998322e+00,0,0,0,ok,radius labels permuted; distribution exactly preserved
105,5105,256,8.39999999999999969e-01,shape_descent,shape_channel,voro_radical,voro_radical_rebuilt,1,1,1.19142575715852420e-01,1.19115556487625687e-01,-2.70192282267323058e-05,7.32722880725149989e-02,7.32722880725149711e-02,-2.77555756156289135e-17,1.15082262219512413e-01,1.14963738846947328e-01,-1.18523372565085272e-04,5.32336672258609256e-01,5.32336672258609256e-01,0.00000000000000000e+00,9.77503753771736967e+01,9.77503753771736967e+01,0.00000000000000000e+00,1.43150459533136404e-01,1.43150459533136404e-01,0.00000000000000000e+00,4.57086852563365342e-01,4.57086852563365342e-01,0.00000000000000000e+00,3.56067410333624505e-04,3.58687306294572445e-04,2.61989596094793983e-06,3.72423299544522024e-03,3.72423299544522024e-03,0.00000000000000000e+00,3.96077057090769946e+00,3.96077057090769946e+00,8.06395032468662509e-01,8.06395032468662509e-01,4.83701239599997734e+00,1,1,1,ok,stochastic coordinate shape descent
106,5106,256,8.39999999999999969e-01,bounded_ricci_du010,sum_channel,voro_radical,voro_radical_fixed_topology,1,1,1.22902505581813648e-01,1.18085072973445407e-01,-4.81743260836824116e-03,6.90130239542252194e-02,5.28195121653368960e-02,-1.61935117888883234e-02,1.21425068860885679e-01,1.20152879699561552e-01,-1.27218916132412763e-03,5.14564613230489298e-01,3.91912352815810050e-01,-1.22652260414679248e-01,1.12488095031086772e+02,7.92221988114496583e+01,-3.32658962196371135e+01,1.48678979592659993e-01,1.21443464865222575e-01,-2.72355147274374182e-02,5.14246278113266064e-01,4.24216586228744530e-01,-9.00296918845215344e-02,3.79359152438258360e-03,1.30376592204289515e-01,1.26583000679906937e-01,9.75348119277308356e-03,8.98335773298679641e-02,8.00800961370948805e-02,3.96077057090769946e+00,4.02167618260236637e+00,8.24185003692513130e-01,8.76527916523885176e-01,2.46381240999994588e-01,1,1,1,ok,relative_bounded_ricci
106,5106,256,8.39999999999999969e-01,box_shear_aspect,shape_channel,voro_radical,voro_radical_rebuilt,1,1,1.22902505581813648e-01,1.22902211565574140e-01,-2.94016239507643995e-07,6.90130239542252194e-02,6.90130239542252333e-02,1.38777878078144568e-17,1.21425068860885679e-01,1.21425702251392861e-01,6.33390507182030049e-07,5.14564613230489298e-01,5.14564613230489298e-01,0.00000000000000000e+00,1.12488095031086772e+02,1.12488095031086772e+02,0.00000000000000000e+00,1.48678979592659993e-01,1.48678979592659993e-01,0.00000000000000000e+00,5.14246278113266064e-01,5.14246278113266064e-01,0.00000000000000000e+00,3.79359152438258360e-03,3.78290394464117757e-03,-1.06875797414060329e-05,9.75348119277308356e-03,9.73000376979182846e-03,-2.34774229812551027e-05,3.96077057090769946e+00,3.96077057090769946e+00,8.24185003692513130e-01,8.24185003692513130e-01,4.47875534800004971e+00,0,0,0,ok,aspect-only box strain; shear omitted for rectangular voro++ container
106,5106,256,8.39999999999999969e-01,compression_step,coupled,voro_radical,voro_radical_rebuilt,1,1,1.22902505581813648e-01,1.22902505581813745e-01,9.71445146547011973e-17,6.90130239542252194e-02,6.90130239542252194e-02,0.00000000000000000e+00,1.21425068860885679e-01,1.21425068860885693e-01,1.38777878078144568e-17,5.14564613230489298e-01,5.14564613230489298e-01,0.00000000000000000e+00,1.12488095031086772e+02,1.12488095031086772e+02,0.00000000000000000e+00,1.48678979592659993e-01,1.48678979592659993e-01,0.00000000000000000e+00,5.14246278113266064e-01,5.14246278113266064e-01,0.00000000000000000e+00,3.79359152438258360e-03,0.00000000000000000e+00,-3.79359152438258360e-03,9.75348119277308356e-03,0.00000000000000000e+00,-9.75348119277308356e-03,3.96077057090769946e+00,3.96077057090769946e+00,8.24185003692513130e-01,8.24185003692513130e-01,1.65366464400005952e+00,0,0,0,ok,local phi scan best endpoint
106,5106,256,8.39999999999999969e-01,free_ricci,sum_channel,voro_radical,voro_radical_fixed_topology,1,1,1.22902505581813648e-01,1.16592773382910006e-01,-6.30973219890364201e-03,6.90130239542252194e-02,5.37326364922269837e-12,-6.90130239488519620e-02,1.21425068860885679e-01,1.19164458562362074e-01,-2.26061029852360484e-03,5.14564613230489298e-01,3.76624347459413485e-11,-5.14564613192826870e-01,1.12488095031086772e+02,5.85527222952827502e-09,-1.12488095025231502e+02,1.48678979592659993e-01,1.71065736832114775e-10,-1.48678979421594248e-01,5.14246278113266064e-01,3.29913623988565649e-10,-5.14246277783352412e-01,3.79359152438258360e-03,4.83412026989149890e+00,4.83032667836711660e+00,9.75348119277308356e-03,5.98059540946559665e-01,5.88306059753786581e-01,3.96077057090769946e+00,4.56296490978311198e+00,8.24185003692513130e-01,9.32839694461372160e-01,2.87297657999943112e-01,1,1,1,ok,converged: max_abs_K < tol
106,5106,256,8.39999999999999969e-01,post_voro_surgery,topology,voro_radical,post_surgery_nonradical,1,1,1.22902505581813648e-01,1.48442759472671298e-01,2.55402538908576504e-02,6.90130239542252194e-02,6.59444323557508982e-02,-3.06859159847432117e-03,1.21425068860885679e-01,1.55910365887143909e-01,3.44852970262582298e-02,5.14564613230489298e-01,4.94673881305655372e-01,-1.98907319248339265e-02,1.12488095031086772e+02,8.41680729692027967e+01,-2.83200220618839751e+01,1.48678979592659993e-01,1.41817975408969399e-01,-6.86100418369059439e-03,5.14246278113266064e-01,3.80449330063207469e-01,-1.33796948050058595e-01,3.79359152438258360e-03,3.79359152438258360e-03,0.00000000000000000e+00,9.75348119277308356e-03,9.75348119277308356e-03,0.00000000000000000e+00,3.96077057090769946e+00,3.96077057090769946e+00,8.24185003692513130e-01,8.50272128909296043e-01,7.66134908830000541e+01,1,0,0,ok,light topology surgery; no longer radical
106,5106,256,8.39999999999999969e-01,radius_label_swap,sum_channel,voro_radical,voro_radical_rebuilt,1,1,1.22902505581813648e-01,1.22901162938417408e-01,-1.34264339624046158e-06,6.90130239542252194e-02,6.90106729360866339e-02,-2.35101813858551445e-06,1.21425068860885679e-01,1.21424561749509177e-01,-5.07111376502056288e-07,5.14564613230489298e-01,5.14552339639409162e-01,-1.22735910801363701e-05,1.12488095031086772e+02,1.12486483499004592e+02,-1.61153208217967858e-03,1.48678979592659993e-01,1.48676311242496445e-01,-2.66835016354827204e-06,5.14246278113266064e-01,5.14246939116130841e-01,6.61002864776882859e-07,3.79359152438258360e-03,3.78794533792769497e-03,-5.64618645488863119e-06,9.75348119277308356e-03,9.75348119277308356e-03,0.00000000000000000e+00,3.96077057090769946e+00,3.96077057090769946e+00,8.24185003692513130e-01,8.24192442960630101e-01,6.44692613899997014e+00,1,1,1,ok,radius labels permuted; distribution exactly preserved
106,5106,256,8.39999999999999969e-01,shape_descent,shape_channel,voro_radical,voro_radical_rebuilt,1,1,1.22902505581813648e-01,1.22887788057086833e-01,-1.47175247268149789e-05,6.90130239542252194e-02,6.90130239542252194e-02,0.00000000000000000e+00,1.21425068860885679e-01,1.21404408346783746e-01,-2.06605141019333693e-05,5.14564613230489298e-01,5.14564613230489298e-01,0.00000000000000000e+00,1.12488095031086772e+02,1.12488095031086772e+02,0.00000000000000000e+00,1.48678979592659993e-01,1.48678979592659993e-01,0.00000000000000000e+00,5.14246278113266064e-01,5.14246278113266064e-01,0.00000000000000000e+00,3.79359152438258360e-03,3.92444953623724297e-03,1.30858011854659371e-04,9.75348119277308356e-03,9.75348119277308356e-03,0.00000000000000000e+00,3.96077057090769946e+00,3.96077057090769946e+00,8.24185003692513130e-01,8.24185003692513130e-01,6.51543053199998212e+00,0,1,0,ok,stochastic coordinate shape descent
107,5107,256,8.39999999999999969e-01,bounded_ricci_du010,sum_channel,voro_radical,voro_radical_fixed_topology,1,1,1.19815434776889426e-01,1.14336233827987230e-01,-5.47920094890219644e-03,6.72059918857377953e-02,4.91284899330522926e-02,-1.80775019526855027e-02,1.18684060606664588e-01,1.16965405704282890e-01,-1.71865490238169716e-03,4.92240868314364921e-01,3.58826277647123382e-01,-1.33414590667241539e-01,8.39330937373261605e+01,5.64052111662511066e+01,-2.75278825710750539e+01,1.39696996261319151e-01,1.09792612477131152e-01,-2.99043837841879989e-02,3.88112619160199512e-01,3.09819548568700143e-01,-7.82930705914993696e-02,5.66179224175617293e-04,1.19712455146799818e-01,1.19146275922624195e-01,5.18381865616701631e-03,1.32053409510815234e-01,1.26869590854648218e-01,3.96077057090769946e+00,3.92146376214924519e+00,8.30938027762731068e-01,8.83874108083088861e-01,1.50463281000043025e-01,1,1,1,ok,relative_bounded_ricci
107,5107,256,8.39999999999999969e-01,box_shear_aspect,shape_channel,voro_radical,voro_radical_rebuilt,1,1,1.19815434776889426e-01,1.19815434776889426e-01,0.00000000000000000e+00,6.72059918857377953e-02,6.72059918857377953e-02,0.00000000000000000e+00,1.18684060606664588e-01,1.18684060606664588e-01,0.00000000000000000e+00,4.92240868314364921e-01,4.92240868314364921e-01,0.00000000000000000e+00,8.39330937373261605e+01,8.39330937373261605e+01,0.00000000000000000e+00,1.39696996261319151e-01,1.39696996261319151e-01,0.00000000000000000e+00,3.88112619160199512e-01,3.88112619160199512e-01,0.00000000000000000e+00,5.66179224175617293e-04,5.66179224175617293e-04,0.00000000000000000e+00,5.18381865616701631e-03,5.18381865616701631e-03,0.00000000000000000e+00,3.96077057090769946e+00,3.96077057090769946e+00,8.30938027762731068e-01,8.30938027762731068e-01,4.40283201599993390e+00,0,0,0,ok,aspect-only box strain; shear omitted for rectangular voro++ container
107,5107,256,8.39999999999999969e-01,compression_step,coupled,voro_radical,voro_radical_rebuilt,1,1,1.19815434776889426e-01,1.19815434776889440e-01,1.38777878078144568e-17,6.72059918857377953e-02,6.72059918857377675e-02,-2.77555756156289135e-17,1.18684060606664588e-01,1.18684060606664560e-01,-2.77555756156289135e-17,4.92240868314364921e-01,4.92240868314364921e-01,0.00000000000000000e+00,8.39330937373261605e+01,8.39330937373261605e+01,0.00000000000000000e+00,1.39696996261319151e-01,1.39696996261319151e-01,0.00000000000000000e+00,3.88112619160199512e-01,3.88112619160199512e-01,0.00000000000000000e+00,5.66179224175617293e-04,0.00000000000000000e+00,-5.66179224175617293e-04,5.18381865616701631e-03,0.00000000000000000e+00,-5.18381865616701631e-03,3.96077057090769946e+00,3.96077057090769946e+00,8.30938027762731068e-01,8.30938027762731068e-01,1.85656904100005704e+00,1,1,1,ok,local phi scan best endpoint
107,5107,256,8.39999999999999969e-01,free_ricci,sum_channel,voro_radical,voro_radical_fixed_topology,1,1,1.19815434776889426e-01,1.12312409908334535e-01,-7.50302486855489170e-03,6.72059918857377953e-02,5.62433167306724513e-12,-6.72059918801134609e-02,1.18684060606664588e-01,1.15207896798532050e-01,-3.47616380813253745e-03,4.92240868314364921e-01,4.01896870301851834e-11,-4.92240868274175236e-01,8.39330937373261605e+01,6.63188275682539987e-09,-8.39330937306942815e+01,1.39696996261319151e-01,1.85921351365028937e-10,-1.39696996075397789e-01,3.88112619160199512e-01,3.70748409825276021e-10,-3.88112618789451080e-01,5.66179224175617293e-04,3.94581846184340268e+00,3.94525228261922711e+00,5.18381865616701631e-03,5.79097034734683325e-01,5.73913216078516308e-01,3.96077057090769946e+00,3.85867898670390375e+00,8.30938027762731068e-01,9.19726504302723735e-01,1.59210412999982509e-01,1,1,1,ok,converged: max_abs_K < tol
107,5107,256,8.39999999999999969e-01,post_voro_surgery,topology,voro_radical,post_surgery_nonradical,1,1,1.19815434776889426e-01,1.38949689654483344e-01,1.91342548775939175e-02,6.72059918857377953e-02,6.29936496166746962e-02,-4.21234226906309905e-03,1.18684060606664588e-01,1.44543896405184585e-01,2.58598357985199978e-02,4.92240868314364921e-01,4.56852892749841755e-01,-3.53879755645231664e-02,8.39330937373261605e+01,7.13755863067220560e+01,-1.25575074306041046e+01,1.39696996261319151e-01,1.35377953704722914e-01,-4.31904255659623648e-03,3.88112619160199512e-01,3.17251823234879438e-01,-7.08607959253200748e-02,5.66179224175617293e-04,5.66179224175617293e-04,0.00000000000000000e+00,5.18381865616701631e-03,5.18381865616701631e-03,0.00000000000000000e+00,3.96077057090769946e+00,3.96077057090769946e+00,8.30938027762731068e-01,8.45006061962470745e-01,7.30603794379999272e+01,1,0,0,ok,light topology surgery; no longer radical
107,5107,256,8.39999999999999969e-01,radius_label_swap,sum_channel,voro_radical,voro_radical_rebuilt,1,1,1.19815434776889426e-01,1.19778416906625371e-01,-3.70178702640555635e-05,6.72059918857377953e-02,6.71585735868688860e-02,-4.74182988689092477e-05,1.18684060606664588e-01,1.18675580495781655e-01,-8.48011088293298965e-06,4.92240868314364921e-01,4.91875201722833111e-01,-3.65666591531810248e-04,8.39330937373261605e+01,8.38656051162704443e+01,-6.74886210557161803e-02,1.39696996261319151e-01,1.39586096716786012e-01,-1.10899544533138439e-04,3.88112619160199512e-01,3.88121502931171924e-01,8.88377097241210834e-06,5.66179224175617293e-04,5.68559824519327653e-04,2.38060034371035973e-06,5.18381865616701631e-03,5.18381865616701631e-03,0.00000000000000000e+00,3.96077057090769946e+00,3.96077057090769946e+00,8.30938027762731068e-01,8.31063726924739288e-01,8.28958187900002486e+00,1,1,1,ok,radius labels permuted; distribution exactly preserved
107,5107,256,8.39999999999999969e-01,shape_descent,shape_channel,voro_radical,voro_radical_rebuilt,1,1,1.19815434776889426e-01,1.19708776725507948e-01,-1.06658051381477992e-04,6.72059918857377953e-02,6.72059918857377953e-02,0.00000000000000000e+00,1.18684060606664588e-01,1.18547511082175858e-01,-1.36549524488729923e-04,4.92240868314364921e-01,4.92240868314364921e-01,0.00000000000000000e+00,8.39330937373261605e+01,8.39330937373261605e+01,0.00000000000000000e+00,1.39696996261319151e-01,1.39696996261319151e-01,0.00000000000000000e+00,3.88112619160199512e-01,3.88112619160199512e-01,0.00000000000000000e+00,5.66179224175617293e-04,5.76539501317409287e-04,1.03602771417919941e-05,5.18381865616701631e-03,5.18381865616701631e-03,0.00000000000000000e+00,3.96077057090769946e+00,3.96077057090769946e+00,8.30938027762731068e-01,8.30938027762731068e-01,6.86139140299997052e+00,0,1,0,ok,stochastic coordinate shape descent
108,5108,256,8.39999999999999969e-01,bounded_ricci_du010,sum_channel,voro_radical,voro_radical_fixed_topology,1,1,1.18462388033690511e-01,1.13976072990203403e-01,-4.48631504348710741e-03,6.96193355350441800e-02,5.39948472197942508e-02,-1.56244883152499292e-02,1.17918773612810779e-01,1.16713984951649488e-01,-1.20478866116129069e-03,5.22163712095611188e-01,4.02311758540708775e-01,-1.19851953554902413e-01,9.32349600748810019e+01,6.77830933314238848e+01,-2.54518667434571171e+01,1.42913955247658042e-01,1.17103991826511669e-01,-2.58099634211463730e-02,4.31866055522489578e-01,3.65896882939546864e-01,-6.59691725829427145e-02,8.38789354544201826e-05,8.63122369079169643e-02,8.62283579724625465e-02,1.83936622458769072e-03,9.33913465600273440e-02,9.15519803354396533e-02,3.96077057090769946e+00,4.05795924267569585e+00,8.06344262390503497e-01,8.56427809175580812e-01,1.47461356999997406e-01,1,1,1,ok,relative_bounded_ricci
108,5108,256,8.39999999999999969e-01,box_shear_aspect,shape_channel,voro_radical,voro_radical_rebuilt,1,1,1.18462388033690511e-01,1.18462388033690511e-01,0.00000000000000000e+00,6.96193355350441800e-02,6.96193355350441800e-02,0.00000000000000000e+00,1.17918773612810779e-01,1.17918773612810779e-01,0.00000000000000000e+00,5.22163712095611188e-01,5.22163712095611188e-01,0.00000000000000000e+00,9.32349600748810019e+01,9.32349600748810019e+01,0.00000000000000000e+00,1.42913955247658042e-01,1.42913955247658042e-01,0.00000000000000000e+00,4.31866055522489578e-01,4.31866055522489578e-01,0.00000000000000000e+00,8.38789354544201826e-05,8.38789354544201826e-05,0.00000000000000000e+00,1.83936622458769072e-03,1.83936622458769072e-03,0.00000000000000000e+00,3.96077057090769946e+00,3.96077057090769946e+00,8.06344262390503497e-01,8.06344262390503497e-01,4.44356545600010122e+00,0,0,0,ok,aspect-only box strain; shear omitted for rectangular voro++ container
108,5108,256,8.39999999999999969e-01,compression_step,coupled,voro_radical,voro_radical_rebuilt,1,1,1.18462388033690511e-01,1.18462388033690469e-01,-4.16333634234433703e-17,6.96193355350441800e-02,6.96193355350441800e-02,0.00000000000000000e+00,1.17918773612810779e-01,1.17918773612810793e-01,1.38777878078144568e-17,5.22163712095611188e-01,5.22163712095611188e-01,0.00000000000000000e+00,9.32349600748810019e+01,9.32349600748810019e+01,0.00000000000000000e+00,1.42913955247658042e-01,1.42913955247658042e-01,0.00000000000000000e+00,4.31866055522489578e-01,4.31866055522489578e-01,0.00000000000000000e+00,8.38789354544201826e-05,0.00000000000000000e+00,-8.38789354544201826e-05,1.83936622458769072e-03,0.00000000000000000e+00,-1.83936622458769072e-03,3.96077057090769946e+00,3.96077057090769946e+00,8.06344262390503497e-01,8.06344262390503497e-01,1.93192289200010237e+00,0,0,0,ok,local phi scan best endpoint
108,5108,256,8.39999999999999969e-01,free_ricci,sum_channel,voro_radical,voro_radical_fixed_topology,1,1,1.18462388033690511e-01,1.12148487448779491e-01,-6.31390058491101969e-03,6.96193355350441800e-02,7.93779851152604563e-12,-6.96193355271063768e-02,1.17918773612810779e-01,1.14686997935026777e-01,-3.23177567778400177e-03,5.22163712095611188e-01,5.16852863706033946e-11,-5.22163712043925865e-01,9.32349600748810019e+01,8.18179425170763480e-09,-9.32349600666992018e+01,1.42913955247658042e-01,2.37388212901711417e-10,-1.42913955010269822e-01,4.31866055522489578e-01,3.99815420639669406e-10,-4.31866055122674175e-01,8.38789354544201826e-05,3.98002380652274113e+00,3.97993992758728687e+00,1.83936622458769072e-03,5.32695685970410171e-01,5.30856319745822480e-01,3.96077057090769946e+00,5.02809915194263635e+00,8.06344262390503497e-01,9.12232726213458189e-01,2.47125408999977481e-01,1,1,1,ok,converged: max_abs_K < tol
108,5108,256,8.39999999999999969e-01,post_voro_surgery,topology,voro_radical,post_surgery_nonradical,1,1,1.18462388033690511e-01,1.35454016689249057e-01,1.69916286555585466e-02,6.96193355350441800e-02,6.05429038365896816e-02,-9.07643169845449849e-03,1.17918773612810779e-01,1.42108423033407510e-01,2.41896494205967316e-02,5.22163712095611188e-01,4.45693124898834225e-01,-7.64705871967769624e-02,9.32349600748810019e+01,6.92792956128967603e+01,-2.39556644619842416e+01,1.42913955247658042e-01,1.28576685137780700e-01,-1.43372701098773425e-02,4.31866055522489578e-01,3.32761276206009760e-01,-9.91047793164798185e-02,8.38789354544201826e-05,8.38789354544201826e-05,0.00000000000000000e+00,1.83936622458769072e-03,1.83936622458769072e-03,0.00000000000000000e+00,3.96077057090769946e+00,3.96077057090769946e+00,8.06344262390503497e-01,8.38756501951281930e-01,7.53893554059999360e+01,1,0,0,ok,light topology surgery; no longer radical
108,5108,256,8.39999999999999969e-01,radius_label_swap,sum_channel,voro_radical,voro_radical_rebuilt,1,1,1.18462388033690511e-01,1.18462388033690511e-01,0.00000000000000000e+00,6.96193355350441800e-02,6.96193355350441800e-02,0.00000000000000000e+00,1.17918773612810779e-01,1.17918773612810779e-01,0.00000000000000000e+00,5.22163712095611188e-01,5.22163712095611188e-01,0.00000000000000000e+00,9.32349600748810019e+01,9.32349600748810019e+01,0.00000000000000000e+00,1.42913955247658042e-01,1.42913955247658042e-01,0.00000000000000000e+00,4.31866055522489578e-01,4.31866055522489578e-01,0.00000000000000000e+00,8.38789354544201826e-05,8.38789354544201826e-05,0.00000000000000000e+00,1.83936622458769072e-03,1.83936622458769072e-03,0.00000000000000000e+00,3.96077057090769946e+00,3.96077057090769946e+00,8.06344262390503497e-01,8.06344262390503497e-01,6.42650127800004611e+00,0,0,0,ok,radius labels permuted; distribution exactly preserved
108,5108,256,8.39999999999999969e-01,shape_descent,shape_channel,voro_radical,voro_radical_rebuilt,1,1,1.18462388033690511e-01,1.18365491825242197e-01,-9.68962084483132591e-05,6.96193355350441800e-02,6.96193355350441800e-02,0.00000000000000000e+00,1.17918773612810779e-01,1.17731097706157375e-01,-1.87675906653403390e-04,5.22163712095611188e-01,5.22163712095611188e-01,0.00000000000000000e+00,9.32349600748810019e+01,9.32349600748810019e+01,0.00000000000000000e+00,1.42913955247658042e-01,1.42913955247658042e-01,0.00000000000000000e+00,4.31866055522489578e-01,4.31866055522489578e-01,0.00000000000000000e+00,8.38789354544201826e-05,8.38788268988863172e-05,-1.08555533865403037e-10,1.83936622458769072e-03,1.83936622458769072e-03,0.00000000000000000e+00,3.96077057090769946e+00,3.96077057090769946e+00,8.06344262390503497e-01,8.06344262390503497e-01,6.64155039599995689e+00,0,1,0,ok,stochastic coordinate shape descent
109,5109,256,8.39999999999999969e-01,bounded_ricci_du010,sum_channel,voro_radical,voro_radical_fixed_topology,1,1,1.16113863743096554e-01,1.11351959405677284e-01,-4.76190433741927044e-03,7.00019808065004689e-02,5.15287853812163368e-02,-1.84731954252841321e-02,1.17746817971222564e-01,1.16169638035147627e-01,-1.57717993607493778e-03,5.06568131741790606e-01,3.70615417569096495e-01,-1.35952714172694111e-01,8.79983906331209909e+01,5.96042679879899140e+01,-2.83941226451310769e+01,1.38604147969037167e-01,1.08836538640155897e-01,-2.97676093288812699e-02,4.17184744635535176e-01,3.37613514317990915e-01,-7.95712303175442615e-02,1.15955991578575200e-04,9.71541650288852421e-02,9.70382090373066719e-02,2.53719969455934447e-03,1.03998509725091948e-01,1.01461310030532603e-01,3.96077057090769946e+00,4.05993360467713771e+00,8.21925562410646293e-01,8.76077411157179742e-01,1.97755048999965766e-01,1,1,1,ok,relative_bounded_ricci
109,5109,256,8.39999999999999969e-01,box_shear_aspect,shape_channel,voro_radical,voro_radical_rebuilt,1,1,1.16113863743096554e-01,1.16113863743096554e-01,0.00000000000000000e+00,7.00019808065004689e-02,7.00019808065004689e-02,0.00000000000000000e+00,1.17746817971222564e-01,1.17746817971222564e-01,0.00000000000000000e+00,5.06568131741790606e-01,5.06568131741790606e-01,0.00000000000000000e+00,8.79983906331209909e+01,8.79983906331209909e+01,0.00000000000000000e+00,1.38604147969037167e-01,1.38604147969037167e-01,0.00000000000000000e+00,4.17184744635535176e-01,4.17184744635535176e-01,0.00000000000000000e+00,1.15955991578575200e-04,1.15955991578575200e-04,0.00000000000000000e+00,2.53719969455934447e-03,2.53719969455934447e-03,0.00000000000000000e+00,3.96077057090769946e+00,3.96077057090769946e+00,8.21925562410646293e-01,8.21925562410646293e-01,5.05154593899999327e+00,0,0,0,ok,aspect-only box strain; shear omitted for rectangular voro++ container
109,5109,256,8.39999999999999969e-01,compression_step,coupled,voro_radical,voro_radical_rebuilt,1,1,1.16113863743096554e-01,1.16113863743096554e-01,0.00000000000000000e+00,7.00019808065004689e-02,7.00019808065004828e-02,1.38777878078144568e-17,1.17746817971222564e-01,1.17746817971222564e-01,0.00000000000000000e+00,5.06568131741790606e-01,5.06568131741790606e-01,0.00000000000000000e+00,8.79983906331209909e+01,8.79983906331209909e+01,0.00000000000000000e+00,1.38604147969037167e-01,1.38604147969037167e-01,0.00000000000000000e+00,4.17184744635535176e-01,4.17184744635535176e-01,0.00000000000000000e+00,1.15955991578575200e-04,0.00000000000000000e+00,-1.15955991578575200e-04,2.53719969455934447e-03,0.00000000000000000e+00,-2.53719969455934447e-03,3.96077057090769946e+00,3.96077057090769946e+00,8.21925562410646293e-01,8.21925562410646293e-01,1.49642623800002639e+00,0,0,0,ok,local phi scan best endpoint
109,5109,256,8.39999999999999969e-01,free_ricci,sum_channel,voro_radical,voro_radical_fixed_topology,1,1,1.16113863743096554e-01,1.10687350143517063e-01,-5.42651359957949109e-03,7.00019808065004689e-02,6.74734021411003994e-12,-7.00019807997531301e-02,1.17746817971222564e-01,1.14179181222508225e-01,-3.56763674871433956e-03,5.06568131741790606e-01,4.71759668779552816e-11,-5.06568131694614676e-01,8.79983906331209909e+01,8.09473225479787474e-09,-8.79983906250262606e+01,1.38604147969037167e-01,2.18239908285128135e-10,-1.38604147750797269e-01,4.17184744635535176e-01,4.55009082883871165e-10,-4.17184744180526090e-01,1.15955991578575200e-04,3.48418368744143825e+00,3.48406773144985982e+00,2.53719969455934447e-03,4.91407031353552348e-01,4.88869831658993004e-01,3.96077057090769946e+00,5.31186767538661364e+00,8.21925562410646293e-01,9.17925327928539203e-01,2.51768023999943580e-01,1,1,1,ok,converged: max_abs_K < tol
109,5109,256,8.39999999999999969e-01,post_voro_surgery,topology,voro_radical,post_surgery_nonradical,1,1,1.16113863743096554e-01,1.34249949434422006e-01,1.81360856913254515e-02,7.00019808065004689e-02,6.34776008971939532e-02,-6.52437990930651579e-03,1.17746817971222564e-01,1.42292460410157667e-01,2.45456424389351030e-02,5.06568131741790606e-01,4.48813412377765730e-01,-5.77547193640248757e-02,8.79983906331209909e+01,7.90992794527146117e+01,-8.89911118040637916e+00,1.38604147969037167e-01,1.33112908723587969e-01,-5.49123924544919761e-03,4.17184744635535176e-01,3.82124351578221833e-01,-3.50603930573133438e-02,1.15955991578575200e-04,1.15955991578575200e-04,0.00000000000000000e+00,2.53719969455934447e-03,2.53719969455934447e-03,0.00000000000000000e+00,3.96077057090769946e+00,3.96077057090769946e+00,8.21925562410646293e-01,8.50134435235043506e-01,6.43340010370000073e+01,1,0,0,ok,light topology surgery; no longer radical
109,5109,256,8.39999999999999969e-01,radius_label_swap,sum_channel,voro_radical,voro_radical_rebuilt,1,1,1.16113863743096554e-01,1.16113863743096554e-01,0.00000000000000000e+00,7.00019808065004689e-02,7.00019808065004689e-02,0.00000000000000000e+00,1.17746817971222564e-01,1.17746817971222564e-01,0.00000000000000000e+00,5.06568131741790606e-01,5.06568131741790606e-01,0.00000000000000000e+00,8.79983906331209909e+01,8.79983906331209909e+01,0.00000000000000000e+00,1.38604147969037167e-01,1.38604147969037167e-01,0.00000000000000000e+00,4.17184744635535176e-01,4.17184744635535176e-01,0.00000000000000000e+00,1.15955991578575200e-04,1.15955991578575200e-04,0.00000000000000000e+00,2.53719969455934447e-03,2.53719969455934447e-03,0.00000000000000000e+00,3.96077057090769946e+00,3.96077057090769946e+00,8.21925562410646293e-01,8.21925562410646293e-01,8.56704528299997037e+00,0,0,0,ok,radius labels permuted; distribution exactly preserved
109,5109,256,8.39999999999999969e-01,shape_descent,shape_channel,voro_radical,voro_radical_rebuilt,1,1,1.16113863743096554e-01,1.16082138049441910e-01,-3.17256936546439494e-05,7.00019808065004689e-02,7.00019808065004689e-02,0.00000000000000000e+00,1.17746817971222564e-01,1.17722171765498054e-01,-2.46462057245100397e-05,5.06568131741790606e-01,5.06568131741790606e-01,0.00000000000000000e+00,8.79983906331209909e+01,8.79983906331209909e+01,0.00000000000000000e+00,1.38604147969037167e-01,1.38604147969037167e-01,0.00000000000000000e+00,4.17184744635535176e-01,4.17184744635535176e-01,0.00000000000000000e+00,1.15955991578575200e-04,1.17628209343556385e-04,1.67221776498118467e-06,2.53719969455934447e-03,2.53719969455934447e-03,0.00000000000000000e+00,3.96077057090769946e+00,3.96077057090769946e+00,8.21925562410646293e-01,8.21925562410646293e-01,6.86751681999999164e+00,0,1,0,ok,stochastic coordinate shape descent
110,5110,256,8.39999999999999969e-01,bounded_ricci_du010,sum_channel,voro_radical,voro_radical_fixed_topology,1,1,1.16659442847274211e-01,1.11447858119271381e-01,-5.21158472800282990e-03,6.86888687266882236e-02,5.11829806114526484e-02,-1.75058881152355753e-02,1.15512987289427604e-01,1.14024858236559654e-01,-1.48812905286795083e-03,5.04274134381937356e-01,3.72830964620658678e-01,-1.31443169761278678e-01,9.16196396449153951e+01,6.03893134858272234e+01,-3.12303261590881718e+01,1.35103208533832342e-01,1.06190031896798570e-01,-2.89131766370337717e-02,4.51086230508757458e-01,3.53473582613463844e-01,-9.76126478952936139e-02,6.96345147847663886e-06,1.00265682101462486e-01,1.00258718649984008e-01,5.20813324682567469e-04,1.38256055111006582e-01,1.37735241786324014e-01,3.96077057090769946e+00,4.03287600522744594e+00,8.09432918682014169e-01,8.65104517405646756e-01,1.98278018999985761e-01,1,1,1,ok,relative_bounded_ricci
110,5110,256,8.39999999999999969e-01,box_shear_aspect,shape_channel,voro_radical,voro_radical_rebuilt,1,1,1.16659442847274211e-01,1.16659442847274211e-01,0.00000000000000000e+00,6.86888687266882236e-02,6.86888687266882236e-02,0.00000000000000000e+00,1.15512987289427604e-01,1.15512987289427604e-01,0.00000000000000000e+00,5.04274134381937356e-01,5.04274134381937356e-01,0.00000000000000000e+00,9.16196396449153951e+01,9.16196396449153951e+01,0.00000000000000000e+00,1.35103208533832342e-01,1.35103208533832342e-01,0.00000000000000000e+00,4.51086230508757458e-01,4.51086230508757458e-01,0.00000000000000000e+00,6.96345147847663886e-06,6.96345147847663886e-06,0.00000000000000000e+00,5.20813324682567469e-04,5.20813324682567469e-04,0.00000000000000000e+00,3.96077057090769946e+00,3.96077057090769946e+00,8.09432918682014169e-01,8.09432918682014169e-01,4.90438692600002923e+00,0,0,0,ok,aspect-only box strain; shear omitted for rectangular voro++ container
110,5110,256,8.39999999999999969e-01,compression_step,coupled,voro_radical,voro_radical_rebuilt,1,1,1.16659442847274211e-01,1.16659442847274294e-01,8.32667268468867405e-17,6.86888687266882236e-02,6.86888687266882236e-02,0.00000000000000000e+00,1.15512987289427604e-01,1.15512987289427563e-01,-4.16333634234433703e-17,5.04274134381937356e-01,5.04274134381937356e-01,0.00000000000000000e+00,9.16196396449153951e+01,9.16196396449153951e+01,0.00000000000000000e+00,1.35103208533832342e-01,1.35103208533832342e-01,0.00000000000000000e+00,4.51086230508757458e-01,4.51086230508757458e-01,0.00000000000000000e+00,6.96345147847663886e-06,0.00000000000000000e+00,-6.96345147847663886e-06,5.20813324682567469e-04,0.00000000000000000e+00,-5.20813324682567469e-04,3.96077057090769946e+00,3.96077057090769946e+00,8.09432918682014169e-01,8.09432918682014169e-01,2.10906891199999791e+00,0,1,0,ok,local phi scan best endpoint
110,5110,256,8.39999999999999969e-01,free_ricci,sum_channel,voro_radical,voro_radical_fixed_topology,1,1,1.16659442847274211e-01,1.08630409557838106e-01,-8.02903328943610495e-03,6.86888687266882236e-02,6.23906695569675031e-12,-6.86888687204491588e-02,1.15512987289427604e-01,1.11108322601846193e-01,-4.40466468758141105e-03,5.04274134381937356e-01,4.47645403888483384e-11,-5.04274134337172830e-01,9.16196396449153951e+01,7.24073242798279636e-09,-9.16196396376746662e+01,1.35103208533832342e-01,2.06374502052259159e-10,-1.35103208327457841e-01,4.51086230508757458e-01,4.29127511479625130e-10,-4.51086230079629946e-01,6.96345147847663886e-06,3.10351321280945580e+00,3.10350624935797725e+00,5.20813324682567469e-04,4.53634672449488630e-01,4.53113859124806062e-01,3.96077057090769946e+00,4.65543551137709599e+00,8.09432918682014169e-01,9.32621582887848133e-01,1.90762431000052857e-01,1,1,1,ok,converged: max_abs_K < tol
110,5110,256,8.39999999999999969e-01,post_voro_surgery,topology,voro_radical,post_surgery_nonradical,1,1,1.16659442847274211e-01,1.34554261664071029e-01,1.78948188167968175e-02,6.86888687266882236e-02,6.24383415412457440e-02,-6.25052718544247959e-03,1.15512987289427604e-01,1.40442453601241052e-01,2.49294663118134474e-02,5.04274134381937356e-01,4.45893291061168984e-01,-5.83808433207683719e-02,9.16196396449153951e+01,6.30598188410901628e+01,-2.85598208038252324e+01,1.35103208533832342e-01,1.25998278074561959e-01,-9.10493045927038280e-03,4.51086230508757458e-01,2.95261978595854013e-01,-1.55824251912903444e-01,6.96345147847663886e-06,6.96345147847663886e-06,0.00000000000000000e+00,5.20813324682567469e-04,5.20813324682567469e-04,0.00000000000000000e+00,3.96077057090769946e+00,3.96077057090769946e+00,8.09432918682014169e-01,8.38076614232915462e-01,8.33620833269999366e+01,1,0,0,ok,light topology surgery; no longer radical
110,5110,256,8.39999999999999969e-01,radius_label_swap,sum_channel,voro_radical,voro_radical_rebuilt,1,1,1.16659442847274211e-01,1.16659442847274211e-01,0.00000000000000000e+00,6.86888687266882236e-02,6.86888687266882236e-02,0.00000000000000000e+00,1.15512987289427604e-01,1.15512987289427604e-01,0.00000000000000000e+00,5.04274134381937356e-01,5.04274134381937356e-01,0.00000000000000000e+00,9.16196396449153951e+01,9.16196396449153951e+01,0.00000000000000000e+00,1.35103208533832342e-01,1.35103208533832342e-01,0.00000000000000000e+00,4.51086230508757458e-01,4.51086230508757458e-01,0.00000000000000000e+00,6.96345147847663886e-06,6.96345147847663886e-06,0.00000000000000000e+00,5.20813324682567469e-04,5.20813324682567469e-04,0.00000000000000000e+00,3.96077057090769946e+00,3.96077057090769946e+00,8.09432918682014169e-01,8.09432918682014169e-01,8.24442307499998606e+00,0,0,0,ok,radius labels permuted; distribution exactly preserved
110,5110,256,8.39999999999999969e-01,shape_descent,shape_channel,voro_radical,voro_radical_rebuilt,1,1,1.16659442847274211e-01,1.16586945442677101e-01,-7.24974045971105152e-05,6.86888687266882236e-02,6.86888687266882236e-02,0.00000000000000000e+00,1.15512987289427604e-01,1.15498382536898495e-01,-1.46047525291098657e-05,5.04274134381937356e-01,5.04274134381937356e-01,0.00000000000000000e+00,9.16196396449153951e+01,9.16196396449153951e+01,0.00000000000000000e+00,1.35103208533832342e-01,1.35103208533832342e-01,0.00000000000000000e+00,4.51086230508757458e-01,4.51086230508757458e-01,0.00000000000000000e+00,6.96345147847663886e-06,6.96333369957703214e-06,-1.17778899606710817e-10,5.20813324682567469e-04,5.20813324682567469e-04,0.00000000000000000e+00,3.96077057090769946e+00,3.96077057090769946e+00,8.09432918682014169e-01,8.09432918682014169e-01,6.97428831500008073e+00,0,1,0,ok,stochastic coordinate shape descent
111,5111,256,8.39999999999999969e-01,bounded_ricci_du010,sum_channel,voro_radical,voro_radical_fixed_topology,1,1,1.23040157444959372e-01,1.18029998094899294e-01,-5.01015935006007829e-03,7.13413882054313858e-02,5.56773558217479592e-02,-1.56640323836834267e-02,1.21645861932076785e-01,1.20118779057299882e-01,-1.52708287477690274e-03,5.11508453959792830e-01,3.97887896823112541e-01,-1.13620557136680289e-01,1.14640403144576510e+02,8.41699212555521399e+01,-3.04704818890243700e+01,1.43805251012103286e-01,1.18051150867878513e-01,-2.57541001442247730e-02,5.39779533973558823e-01,4.62629694721381712e-01,-7.71498392521771104e-02,1.85058354606417081e-04,1.06092713875378664e-01,1.05907655520772248e-01,2.46276074294859981e-03,8.84177119366240660e-02,8.59549511936754662e-02,3.96077057090769946e+00,3.92577021887762134e+00,8.41266160441853317e-01,8.86066557142599742e-01,1.25648542000021735e-01,1,1,1,ok,relative_bounded_ricci
111,5111,256,8.39999999999999969e-01,box_shear_aspect,shape_channel,voro_radical,voro_radical_rebuilt,1,1,1.23040157444959372e-01,1.23040157444959372e-01,0.00000000000000000e+00,7.13413882054313858e-02,7.13413882054313858e-02,0.00000000000000000e+00,1.21645861932076785e-01,1.21645861932076785e-01,0.00000000000000000e+00,5.11508453959792830e-01,5.11508453959792830e-01,0.00000000000000000e+00,1.14640403144576510e+02,1.14640403144576510e+02,0.00000000000000000e+00,1.43805251012103286e-01,1.43805251012103286e-01,0.00000000000000000e+00,5.39779533973558823e-01,5.39779533973558823e-01,0.00000000000000000e+00,1.85058354606417081e-04,1.85058354606417081e-04,0.00000000000000000e+00,2.46276074294859981e-03,2.46276074294859981e-03,0.00000000000000000e+00,3.96077057090769946e+00,3.96077057090769946e+00,8.41266160441853317e-01,8.41266160441853317e-01,5.28579397400005746e+00,0,0,0,ok,aspect-only box strain; shear omitted for rectangular voro++ container
111,5111,256,8.39999999999999969e-01,compression_step,coupled,voro_radical,voro_radical_rebuilt,1,1,1.23040157444959372e-01,1.23217897539689258e-01,1.77740094729886278e-04,7.13413882054313858e-02,7.08542177623007891e-02,-4.87170443130596764e-04,1.21645861932076785e-01,1.21850152530148886e-01,2.04290598072101592e-04,5.11508453959792830e-01,5.08962022145502568e-01,-2.54643181429026200e-03,1.14640403144576510e+02,1.15003267569580657e+02,3.62864425004147506e-01,1.43805251012103286e-01,1.43465197306865300e-01,-3.40053705237985948e-04,5.39779533973558823e-01,5.42318593274807359e-01,2.53905930124853629e-03,1.85058354606417081e-04,0.00000000000000000e+00,-1.85058354606417081e-04,2.46276074294859981e-03,0.00000000000000000e+00,-2.46276074294859981e-03,3.96077057090769946e+00,3.96077057090769946e+00,8.41266160441853317e-01,8.40305515757546084e-01,1.78120207199992819e+00,1,0,0,ok,local phi scan best endpoint
111,5111,256,8.39999999999999969e-01,free_ricci,sum_channel,voro_radical,voro_radical_fixed_topology,1,1,1.23040157444959372e-01,1.14248425969581680e-01,-8.79173147537769262e-03,7.13413882054313858e-02,7.02914122685967567e-12,-7.13413881984022447e-02,1.21645861932076785e-01,1.17589706748103387e-01,-4.05615518397339780e-03,5.11508453959792830e-01,4.86074227134733788e-11,-5.11508453911185379e-01,1.14640403144576510e+02,8.00458307009535025e-09,-1.14640403136571933e+02,1.43805251012103286e-01,2.26341616636806177e-10,-1.43805250785761674e-01,5.39779533973558823e-01,4.33244824805848440e-10,-5.39779533540314049e-01,1.85058354606417081e-04,4.73934383992153574e+00,4.73915878156692916e+00,2.46276074294859981e-03,4.60541535927708523e-01,4.58078775184759923e-01,3.96077057090769946e+00,5.05684237324915742e+00,8.41266160441853317e-01,9.29998264934802976e-01,1.59861545000012484e-01,1,1,1,ok,converged: max_abs_K < tol
111,5111,256,8.39999999999999969e-01,post_voro_surgery,topology,voro_radical,post_surgery_nonradical,1,1,1.23040157444959372e-01,1.47101207339931039e-01,2.40610498949716672e-02,7.13413882054313858e-02,6.70395692377797614e-02,-4.30181896765162441e-03,1.21645861932076785e-01,1.52633305786415291e-01,3.09874438543385061e-02,5.11508453959792830e-01,4.96828101002697475e-01,-1.46803529570953550e-02,1.14640403144576510e+02,8.54711966861377164e+01,-2.91692064584387936e+01,1.43805251012103286e-01,1.37192867289190223e-01,-6.61238372291306220e-03,5.39779533973558823e-01,4.06712478651354292e-01,-1.33067055322204530e-01,1.85058354606417081e-04,1.85058354606417081e-04,0.00000000000000000e+00,2.46276074294859981e-03,2.46276074294859981e-03,0.00000000000000000e+00,3.96077057090769946e+00,3.96077057090769946e+00,8.41266160441853317e-01,8.45110797600153840e-01,7.62076215820000016e+01,1,0,0,ok,light topology surgery; no longer radical
111,5111,256,8.39999999999999969e-01,radius_label_swap,sum_channel,voro_radical,voro_radical_rebuilt,1,1,1.23040157444959372e-01,1.23040157444959372e-01,0.00000000000000000e+00,7.13413882054313858e-02,7.13413882054313858e-02,0.00000000000000000e+00,1.21645861932076785e-01,1.21645861932076785e-01,0.00000000000000000e+00,5.11508453959792830e-01,5.11508453959792830e-01,0.00000000000000000e+00,1.14640403144576510e+02,1.14640403144576510e+02,0.00000000000000000e+00,1.43805251012103286e-01,1.43805251012103286e-01,0.00000000000000000e+00,5.39779533973558823e-01,5.39779533973558823e-01,0.00000000000000000e+00,1.85058354606417081e-04,1.85058354606417081e-04,0.00000000000000000e+00,2.46276074294859981e-03,2.46276074294859981e-03,0.00000000000000000e+00,3.96077057090769946e+00,3.96077057090769946e+00,8.41266160441853317e-01,8.41266160441853317e-01,8.86650842599999578e+00,0,0,0,ok,radius labels permuted; distribution exactly preserved
111,5111,256,8.39999999999999969e-01,shape_descent,shape_channel,voro_radical,voro_radical_rebuilt,1,1,1.23040157444959372e-01,1.23041312033032410e-01,1.15458807303792099e-06,7.13413882054313858e-02,7.13413882054314136e-02,2.77555756156289135e-17,1.21645861932076785e-01,1.21640089112965324e-01,-5.77281911146032556e-06,5.11508453959792830e-01,5.11508453959792830e-01,0.00000000000000000e+00,1.14640403144576510e+02,1.14640403144576510e+02,0.00000000000000000e+00,1.43805251012103286e-01,1.43805251012103286e-01,0.00000000000000000e+00,5.39779533973558823e-01,5.39779533973558823e-01,0.00000000000000000e+00,1.85058354606417081e-04,1.86953734918838036e-04,1.89538031242095445e-06,2.46276074294859981e-03,2.46276074294859981e-03,0.00000000000000000e+00,3.96077057090769946e+00,3.96077057090769946e+00,8.41266160441853317e-01,8.41266160441853317e-01,7.09897962499996993e+00,0,1,0,ok,stochastic coordinate shape descent
112,5112,256,8.39999999999999969e-01,bounded_ricci_du010,sum_channel,voro_radical,voro_radical_fixed_topology,1,1,1.25050595144752169e-01,1.20201303603001727e-01,-4.84929154175044175e-03,7.83983151160564523e-02,6.02769928460655316e-02,-1.81213222699909207e-02,1.21974586401227963e-01,1.20763980118998360e-01,-1.21060628222960376e-03,5.66993513747691913e-01,4.34940761456597713e-01,-1.32052752291094200e-01,1.12771724568641517e+02,7.35199541047402931e+01,-3.92517704639012237e+01,1.51932074069193540e-01,1.22019276514671773e-01,-2.99127975545217667e-02,5.05558152621515156e-01,3.87925627357056602e-01,-1.17632525264458554e-01,2.75761845487205179e-03,1.13324812308821063e-01,1.10567193853949017e-01,8.82902541036001409e-03,8.22702203188003800e-02,7.34411949084403659e-02,3.96077057090769946e+00,3.89470760046067621e+00,7.82418022083003373e-01,8.43186026670802335e-01,1.07052135999992970e-01,1,1,1,ok,relative_bounded_ricci
112,5112,256,8.39999999999999969e-01,box_shear_aspect,shape_channel,voro_radical,voro_radical_rebuilt,1,1,1.25050595144752169e-01,1.25046594558090168e-01,-4.00058666200076019e-06,7.83983151160564523e-02,7.83983151160564662e-02,1.38777878078144568e-17,1.21974586401227963e-01,1.21971470104817306e-01,-3.11629641065735985e-06,5.66993513747691913e-01,5.66993513747691913e-01,0.00000000000000000e+00,1.12771724568641517e+02,1.12771724568641517e+02,0.00000000000000000e+00,1.51932074069193540e-01,1.51932074069193540e-01,0.00000000000000000e+00,5.05558152621515156e-01,5.05558152621515156e-01,0.00000000000000000e+00,2.75761845487205179e-03,2.75151034902526006e-03,-6.10810584679172958e-06,8.82902541036001409e-03,8.71410281208717663e-03,-1.14922598272837462e-04,3.96077057090769946e+00,3.96077057090769946e+00,7.82418022083003373e-01,7.82418022083003373e-01,4.98365011300006699e+00,0,1,0,ok,aspect-only box strain; shear omitted for rectangular voro++ container
112,5112,256,8.39999999999999969e-01,compression_step,coupled,voro_radical,voro_radical_rebuilt,1,1,1.25050595144752169e-01,1.25050595144752391e-01,2.22044604925031308e-16,7.83983151160564523e-02,7.83983151160564662e-02,1.38777878078144568e-17,1.21974586401227963e-01,1.21974586401228005e-01,4.16333634234433703e-17,5.66993513747691913e-01,5.66993513747691913e-01,0.00000000000000000e+00,1.12771724568641517e+02,1.12771724568641517e+02,0.00000000000000000e+00,1.51932074069193540e-01,1.51932074069193540e-01,0.00000000000000000e+00,5.05558152621515156e-01,5.05558152621515156e-01,0.00000000000000000e+00,2.75761845487205179e-03,0.00000000000000000e+00,-2.75761845487205179e-03,8.82902541036001409e-03,0.00000000000000000e+00,-8.82902541036001409e-03,3.96077057090769946e+00,3.96077057090769946e+00,7.82418022083003373e-01,7.82418022083003373e-01,2.10552378099998805e+00,0,0,0,ok,local phi scan best endpoint
112,5112,256,8.39999999999999969e-01,free_ricci,sum_channel,voro_radical,voro_radical_fixed_topology,1,1,1.25050595144752169e-01,1.16566307601405419e-01,-8.48428754334674962e-03,7.83983151160564523e-02,7.10651258821669269e-12,-7.83983151089499425e-02,1.21974586401227963e-01,1.19457951524694711e-01,-2.51663487653325246e-03,5.66993513747691913e-01,5.09010003882671045e-11,-5.66993513696790963e-01,1.12771724568641517e+02,9.17346358905626586e-09,-1.12771724559468055e+02,1.51932074069193540e-01,2.42320172955292813e-10,-1.51932073826873376e-01,5.05558152621515156e-01,4.69653679737633490e-10,-5.05558152151861506e-01,2.75761845487205179e-03,4.21121644131084594e+00,4.20845882285597384e+00,8.82902541036001409e-03,5.06368412202735652e-01,4.97539386792375637e-01,3.96077057090769946e+00,4.99586989388566316e+00,7.82418022083003373e-01,9.23501200089971164e-01,1.18884268999977394e-01,1,1,1,ok,converged: max_abs_K < tol
112,5112,256,8.39999999999999969e-01,post_voro_surgery,topology,voro_radical,post_surgery_nonradical,1,1,1.25050595144752169e-01,1.35493047815385959e-01,1.04424526706337895e-02,7.83983151160564523e-02,6.98389122767854587e-02,-8.55940283927099366e-03,1.21974586401227963e-01,1.39489529660801720e-01,1.75149432595737564e-02,5.66993513747691913e-01,5.00986220120759773e-01,-6.60072936269321398e-02,1.12771724568641517e+02,7.45044278133267568e+01,-3.82672967553147600e+01,1.51932074069193540e-01,1.35512715336596617e-01,-1.64193587325969226e-02,5.05558152621515156e-01,3.41025926400931267e-01,-1.64532226220583888e-01,2.75761845487205179e-03,2.75761845487205179e-03,0.00000000000000000e+00,8.82902541036001409e-03,8.82902541036001409e-03,0.00000000000000000e+00,3.96077057090769946e+00,3.96077057090769946e+00,7.82418022083003373e-01,8.21969321449463219e-01,7.90975248260000399e+01,1,0,0,ok,light topology surgery; no longer radical
112,5112,256,8.39999999999999969e-01,radius_label_swap,sum_channel,voro_radical,voro_radical_rebuilt,1,1,1.25050595144752169e-01,1.25036623042064615e-01,-1.39721026875538890e-05,7.83983151160564523e-02,7.83931323849033634e-02,-5.18273115308887089e-06,1.21974586401227963e-01,1.21971732082399240e-01,-2.85431882872388965e-06,5.66993513747691913e-01,5.67032946969708851e-01,3.94332220169379966e-05,1.12771724568641517e+02,1.12782221175249219e+02,1.04966066077025744e-02,1.51932074069193540e-01,1.51945296763636634e-01,1.32226944430935411e-05,5.05558152621515156e-01,5.05567622773923642e-01,9.47015240848614326e-06,2.75761845487205179e-03,2.72944093752812205e-03,-2.81775173439297380e-05,8.82902541036001409e-03,8.82902541036001409e-03,0.00000000000000000e+00,3.96077057090769946e+00,3.96077057090769946e+00,7.82418022083003373e-01,7.82418022083003373e-01,9.08484815999997863e+00,1,1,1,ok,radius labels permuted; distribution exactly preserved
112,5112,256,8.39999999999999969e-01,shape_descent,shape_channel,voro_radical,voro_radical_rebuilt,1,1,1.25050595144752169e-01,1.25101186882557031e-01,5.05917378048614808e-05,7.83983151160564523e-02,7.83983151160564523e-02,0.00000000000000000e+00,1.21974586401227963e-01,1.22017596494024064e-01,4.30100927961002411e-05,5.66993513747691913e-01,5.66993513747691913e-01,0.00000000000000000e+00,1.12771724568641517e+02,1.12771724568641517e+02,0.00000000000000000e+00,1.51932074069193540e-01,1.51932074069193540e-01,0.00000000000000000e+00,5.05558152621515156e-01,5.05558152621515156e-01,0.00000000000000000e+00,2.75761845487205179e-03,2.85548878312210557e-03,9.78703282500537758e-05,8.82902541036001409e-03,8.82902541036001409e-03,0.00000000000000000e+00,3.96077057090769946e+00,3.96077057090769946e+00,7.82418022083003373e-01,7.82418022083003373e-01,4.76675842499992086e+00,0,0,0,ok,stochastic coordinate shape descent
113,5113,256,8.39999999999999969e-01,bounded_ricci_du010,sum_channel,voro_radical,voro_radical_fixed_topology,1,1,1.19988535689126041e-01,1.14706286801210200e-01,-5.28224888791584135e-03,7.69186674444246876e-02,5.84984461042504233e-02,-1.84202213401742643e-02,1.18644871686171854e-01,1.17043937681700252e-01,-1.60093400447160195e-03,5.53909649630520362e-01,4.20614963358497185e-01,-1.33294686272023177e-01,1.08175437950896196e+02,6.99592869028809474e+01,-3.82161510480152486e+01,1.49528947178635491e-01,1.19278349420113713e-01,-3.02505977585217772e-02,4.90338462996781355e-01,3.73906159289386586e-01,-1.16432303707394769e-01,9.56296370263702111e-04,1.05177278768513946e-01,1.04220982398250242e-01,6.21840073992974141e-03,1.02128141399322026e-01,9.59097406593922841e-02,3.96077057090769946e+00,3.87255642193936911e+00,7.94095308746769701e-01,8.51956743711490327e-01,1.55686199000001579e-01,1,1,1,ok,relative_bounded_ricci
113,5113,256,8.39999999999999969e-01,box_shear_aspect,shape_channel,voro_radical,voro_radical_rebuilt,1,1,1.19988535689126041e-01,1.19991080394471303e-01,2.54470534526152203e-06,7.69186674444246876e-02,7.69186674444246599e-02,-2.77555756156289135e-17,1.18644871686171854e-01,1.18650124876236163e-01,5.25319006430824409e-06,5.53909649630520362e-01,5.53909649630520362e-01,0.00000000000000000e+00,1.08175437950896196e+02,1.08175437950896196e+02,0.00000000000000000e+00,1.49528947178635491e-01,1.49528947178635491e-01,0.00000000000000000e+00,4.90338462996781355e-01,4.90338462996781355e-01,0.00000000000000000e+00,9.56296370263702111e-04,9.53415987570740996e-04,-2.88038269296111461e-06,6.21840073992974141e-03,6.30301639685182380e-03,8.46156569220823940e-05,3.96077057090769946e+00,3.96077057090769946e+00,7.94095308746769701e-01,7.94095308746769701e-01,3.39939879400003520e+00,1,0,0,ok,aspect-only box strain; shear omitted for rectangular voro++ container
113,5113,256,8.39999999999999969e-01,compression_step,coupled,voro_radical,voro_radical_rebuilt,1,1,1.19988535689126041e-01,1.19988535689126027e-01,-1.38777878078144568e-17,7.69186674444246876e-02,7.69186674444246321e-02,-5.55111512312578270e-17,1.18644871686171854e-01,1.18644871686171868e-01,1.38777878078144568e-17,5.53909649630520362e-01,5.53909649630520362e-01,0.00000000000000000e+00,1.08175437950896196e+02,1.08175437950896196e+02,0.00000000000000000e+00,1.49528947178635491e-01,1.49528947178635491e-01,0.00000000000000000e+00,4.90338462996781355e-01,4.90338462996781355e-01,0.00000000000000000e+00,9.56296370263702111e-04,0.00000000000000000e+00,-9.56296370263702111e-04,6.21840073992974141e-03,0.00000000000000000e+00,-6.21840073992974141e-03,3.96077057090769946e+00,3.96077057090769946e+00,7.94095308746769701e-01,7.94095308746769701e-01,1.13547164500005238e+00,1,0,0,ok,local phi scan best endpoint
113,5113,256,8.39999999999999969e-01,free_ricci,sum_channel,voro_radical,voro_radical_fixed_topology,1,1,1.19988535689126041e-01,1.12352230770820530e-01,-7.63630491830551150e-03,7.69186674444246876e-02,8.01495844175692661e-12,-7.69186674364097239e-02,1.18644871686171854e-01,1.14817064716160239e-01,-3.82780697001161574e-03,5.53909649630520362e-01,5.33739274688400881e-11,-5.53909649577146390e-01,1.08175437950896196e+02,8.44559462977211767e-09,-1.08175437942450600e+02,1.49528947178635491e-01,2.46091275038808076e-10,-1.49528946932544204e-01,4.90338462996781355e-01,4.58828860234884702e-10,-4.90338462537952491e-01,9.56296370263702111e-04,3.83621464129782419e+00,3.83525834492756035e+00,6.21840073992974141e-03,5.68683862823103903e-01,5.62465462083174161e-01,3.96077057090769946e+00,3.84688497061227874e+00,7.94095308746769701e-01,9.24382538744787152e-01,1.32531675999985055e-01,1,1,1,ok,converged: max_abs_K < tol
113,5113,256,8.39999999999999969e-01,post_voro_surgery,topology,voro_radical,post_surgery_nonradical,1,1,1.19988535689126041e-01,1.42388894972187346e-01,2.24003592830613052e-02,7.69186674444246876e-02,6.69869434640174288e-02,-9.93172398040725879e-03,1.18644871686171854e-01,1.49005671341723211e-01,3.03607996555513571e-02,5.53909649630520362e-01,4.87505681859341733e-01,-6.64039677711786291e-02,1.08175437950896196e+02,7.44343792247748439e+01,-3.37410587261213522e+01,1.49528947178635491e-01,1.37300905474513679e-01,-1.22280417041218115e-02,4.90338462996781355e-01,3.32699296269172329e-01,-1.57639166727609026e-01,9.56296370263702111e-04,9.56296370263702111e-04,0.00000000000000000e+00,6.21840073992974141e-03,6.21840073992974141e-03,0.00000000000000000e+00,3.96077057090769946e+00,3.96077057090769946e+00,7.94095308746769701e-01,8.34213669755974552e-01,7.09469842949999929e+01,1,0,0,ok,light topology surgery; no longer radical
113,5113,256,8.39999999999999969e-01,radius_label_swap,sum_channel,voro_radical,voro_radical_rebuilt,1,1,1.19988535689126041e-01,1.19989197075213341e-01,6.61386087300042114e-07,7.69186674444246876e-02,7.69200722026330413e-02,1.40475820835372911e-06,1.18644871686171854e-01,1.18645037871930425e-01,1.66185758571080200e-07,5.53909649630520362e-01,5.53915797223107242e-01,6.14759258688035715e-06,1.08175437950896196e+02,1.08176631042899658e+02,1.19309200346151556e-03,1.49528947178635491e-01,1.49530518441668675e-01,1.57126303318433358e-06,4.90338462996781355e-01,4.90339272579579655e-01,8.09582798300123585e-07,9.56296370263702111e-04,9.56999093239145181e-04,7.02722975443070309e-07,6.21840073992974141e-03,6.21840073992974141e-03,0.00000000000000000e+00,3.96077057090769946e+00,3.96077057090769946e+00,7.94095308746769701e-01,7.94095308746769701e-01,6.26545556099995338e+00,0,0,0,ok,radius labels permuted; distribution exactly preserved
113,5113,256,8.39999999999999969e-01,shape_descent,shape_channel,voro_radical,voro_radical_rebuilt,1,1,1.19988535689126041e-01,1.19961627174653973e-01,-2.69085144720682123e-05,7.69186674444246876e-02,7.69186674444246876e-02,0.00000000000000000e+00,1.18644871686171854e-01,1.18626935527845020e-01,-1.79361583268339286e-05,5.53909649630520362e-01,5.53909649630520362e-01,0.00000000000000000e+00,1.08175437950896196e+02,1.08175437950896196e+02,0.00000000000000000e+00,1.49528947178635491e-01,1.49528947178635491e-01,0.00000000000000000e+00,4.90338462996781355e-01,4.90338462996781355e-01,0.00000000000000000e+00,9.56296370263702111e-04,9.68434597539690476e-04,1.21382272759883647e-05,6.21840073992974141e-03,6.21840073992974141e-03,0.00000000000000000e+00,3.96077057090769946e+00,3.96077057090769946e+00,7.94095308746769701e-01,7.94095308746769701e-01,4.79746921900004963e+00,0,1,0,ok,stochastic coordinate shape descent
114,5114,256,8.39999999999999969e-01,bounded_ricci_du010,sum_channel,voro_radical,voro_radical_fixed_topology,1,1,1.26777377990749257e-01,1.21595473641309779e-01,-5.18190434943947842e-03,8.09747090733325681e-02,6.33318220032299400e-02,-1.76428870701026280e-02,1.23510586049391330e-01,1.22227647066019629e-01,-1.28293898337170087e-03,5.88666559419709801e-01,4.61216606882744129e-01,-1.27449952536965672e-01,1.42872926611459775e+02,1.03165985403934954e+02,-3.97069412075248209e+01,1.61520944365264818e-01,1.32438201878538775e-01,-2.90827424867260431e-02,6.10238424277400493e-01,5.18618059993069647e-01,-9.16203642843308463e-02,4.38439473959486561e-04,9.86356581081251765e-02,9.81972186341656950e-02,4.64138995635043905e-03,9.45755046585445847e-02,8.99341147021941456e-02,3.96077057090769946e+00,4.00093680597416945e+00,7.91664395926501951e-01,8.53199164913533981e-01,2.15220261000013124e-01,1,1,1,ok,relative_bounded_ricci
114,5114,256,8.39999999999999969e-01,box_shear_aspect,shape_channel,voro_radical,voro_radical_rebuilt,1,1,1.26777377990749257e-01,1.26777377990749257e-01,0.00000000000000000e+00,8.09747090733325681e-02,8.09747090733325681e-02,0.00000000000000000e+00,1.23510586049391330e-01,1.23510586049391330e-01,0.00000000000000000e+00,5.88666559419709801e-01,5.88666559419709801e-01,0.00000000000000000e+00,1.42872926611459775e+02,1.42872926611459775e+02,0.00000000000000000e+00,1.61520944365264818e-01,1.61520944365264818e-01,0.00000000000000000e+00,6.10238424277400493e-01,6.10238424277400493e-01,0.00000000000000000e+00,4.38439473959486561e-04,4.38439473959486561e-04,0.00000000000000000e+00,4.64138995635043905e-03,4.64138995635043905e-03,0.00000000000000000e+00,3.96077057090769946e+00,3.96077057090769946e+00,7.91664395926501951e-01,7.91664395926501951e-01,4.89270584400003372e+00,0,0,0,ok,aspect-only box strain; shear omitted for rectangular voro++ container
114,5114,256,8.39999999999999969e-01,compression_step,coupled,voro_radical,voro_radical_rebuilt,1,1,1.26777377990749257e-01,1.26777377990749174e-01,-8.32667268468867405e-17,8.09747090733325681e-02,8.09747090733325542e-02,-1.38777878078144568e-17,1.23510586049391330e-01,1.23510586049391316e-01,-1.38777878078144568e-17,5.88666559419709801e-01,5.88666559419709801e-01,0.00000000000000000e+00,1.42872926611459775e+02,1.42872926611459775e+02,0.00000000000000000e+00,1.61520944365264818e-01,1.61520944365264818e-01,0.00000000000000000e+00,6.10238424277400493e-01,6.10238424277400493e-01,0.00000000000000000e+00,4.38439473959486561e-04,0.00000000000000000e+00,-4.38439473959486561e-04,4.64138995635043905e-03,0.00000000000000000e+00,-4.64138995635043905e-03,3.96077057090769946e+00,3.96077057090769946e+00,7.91664395926501951e-01,7.91664395926501951e-01,1.27865290199997617e+00,1,1,1,ok,local phi scan best endpoint
114,5114,256,8.39999999999999969e-01,free_ricci,sum_channel,voro_radical,voro_radical_fixed_topology,1,1,1.26777377990749257e-01,1.17557101932466102e-01,-9.22027605828315555e-03,8.09747090733325681e-02,7.14980037944740715e-12,-8.09747090661827734e-02,1.23510586049391330e-01,1.20604987215853124e-01,-2.90559883353820603e-03,5.88666559419709801e-01,4.90465804928179154e-11,-5.88666559370663256e-01,1.42872926611459775e+02,8.41573816633029640e-09,-1.42872926603044050e+02,1.61520944365264818e-01,2.30623373958264935e-10,-1.61520944134641437e-01,6.10238424277400493e-01,4.48996986830382841e-10,-6.10238423828403542e-01,4.38439473959486561e-04,4.96851509945808889e+00,4.96807665998412951e+00,4.64138995635043905e-03,7.04514032035418625e-01,6.99872642079068186e-01,3.96077057090769946e+00,4.93762345588358986e+00,7.91664395926501951e-01,9.25813150377180594e-01,2.20620778000011342e-01,1,1,1,ok,converged: max_abs_K < tol
114,5114,256,8.39999999999999969e-01,post_voro_surgery,topology,voro_radical,post_surgery_nonradical,1,1,1.26777377990749257e-01,1.49296015020714407e-01,2.25186370299651495e-02,8.09747090733325681e-02,6.53483456495928122e-02,-1.56263634237397558e-02,1.23510586049391330e-01,1.57983105591778861e-01,3.44725195423875308e-02,5.88666559419709801e-01,4.68872631581292221e-01,-1.19793927838417580e-01,1.42872926611459775e+02,7.23965173345215192e+01,-7.04764092769382557e+01,1.61520944365264818e-01,1.30414551432863207e-01,-3.11063929324016109e-02,6.10238424277400493e-01,3.47073228008179635e-01,-2.63165196269220858e-01,4.38439473959486561e-04,4.38439473959486561e-04,0.00000000000000000e+00,4.64138995635043905e-03,4.64138995635043905e-03,0.00000000000000000e+00,3.96077057090769946e+00,3.96077057090769946e+00,7.91664395926501951e-01,8.60081237894188999e-01,6.82697703649999994e+01,1,0,0,ok,light topology surgery; no longer radical
114,5114,256,8.39999999999999969e-01,radius_label_swap,sum_channel,voro_radical,voro_radical_rebuilt,1,1,1.26777377990749257e-01,1.26725351086974442e-01,-5.20269037748155583e-05,8.09747090733325681e-02,8.09752278905026962e-02,5.18817170128138550e-07,1.23510586049391330e-01,1.23444924066617001e-01,-6.56619827743287754e-05,5.88666559419709801e-01,5.88342477492766469e-01,-3.24081926943331489e-04,1.42872926611459775e+02,1.42782920596285635e+02,-9.00060151741399750e-02,1.61520944365264818e-01,1.61373420071434098e-01,-1.47524293830719744e-04,6.10238424277400493e-01,6.10305713858571686e-01,6.72895811711926584e-05,4.38439473959486561e-04,4.39071313617549002e-04,6.31839658062440836e-07,4.64138995635043905e-03,4.64138995635043905e-03,0.00000000000000000e+00,3.96077057090769946e+00,3.96077057090769946e+00,7.91664395926501951e-01,7.91664395926501951e-01,6.69274463199997172e+00,0,1,0,ok,radius labels permuted; distribution exactly preserved
114,5114,256,8.39999999999999969e-01,shape_descent,shape_channel,voro_radical,voro_radical_rebuilt,1,1,1.26777377990749257e-01,1.26761299904385866e-01,-1.60780863633913640e-05,8.09747090733325681e-02,8.09747090733325681e-02,0.00000000000000000e+00,1.23510586049391330e-01,1.23482384108043880e-01,-2.82019413474499103e-05,5.88666559419709801e-01,5.88666559419709801e-01,0.00000000000000000e+00,1.42872926611459775e+02,1.42872926611459775e+02,0.00000000000000000e+00,1.61520944365264818e-01,1.61520944365264818e-01,0.00000000000000000e+00,6.10238424277400493e-01,6.10238424277400493e-01,0.00000000000000000e+00,4.38439473959486561e-04,4.45298628111909982e-04,6.85915415242342079e-06,4.64138995635043905e-03,4.64138995635043905e-03,0.00000000000000000e+00,3.96077057090769946e+00,3.96077057090769946e+00,7.91664395926501951e-01,7.91664395926501951e-01,7.12242905400000836e+00,0,1,0,ok,stochastic coordinate shape descent
115,5115,256,8.39999999999999969e-01,bounded_ricci_du010,sum_channel,voro_radical,voro_radical_fixed_topology,1,1,1.16580413584918441e-01,1.11764031896295857e-01,-4.81638168862258409e-03,7.44337646696338479e-02,5.59146730363708350e-02,-1.85190916332630129e-02,1.16286205295082476e-01,1.14968963496288504e-01,-1.31724179879397219e-03,5.28403839239581785e-01,3.96920459453042718e-01,-1.31483379786539067e-01,1.09429885158793056e+02,7.74412057326321701e+01,-3.19886794261608856e+01,1.47015816803841431e-01,1.17516155181062107e-01,-2.94996616227793246e-02,5.04288395488705188e-01,4.25630730536897262e-01,-7.86576649518079263e-02,7.38077654893742386e-04,1.11784003347331573e-01,1.11045925692437833e-01,5.42139964638010952e-03,9.58447013642773626e-02,9.04233017178972531e-02,3.96077057090769946e+00,4.02952045067797915e+00,8.08804700994247283e-01,8.65245262296824635e-01,1.20183127000018430e-01,1,1,1,ok,relative_bounded_ricci
115,5115,256,8.39999999999999969e-01,box_shear_aspect,shape_channel,voro_radical,voro_radical_rebuilt,1,1,1.16580413584918441e-01,1.16580413584918441e-01,0.00000000000000000e+00,7.44337646696338479e-02,7.44337646696338479e-02,0.00000000000000000e+00,1.16286205295082476e-01,1.16286205295082476e-01,0.00000000000000000e+00,5.28403839239581785e-01,5.28403839239581785e-01,0.00000000000000000e+00,1.09429885158793056e+02,1.09429885158793056e+02,0.00000000000000000e+00,1.47015816803841431e-01,1.47015816803841431e-01,0.00000000000000000e+00,5.04288395488705188e-01,5.04288395488705188e-01,0.00000000000000000e+00,7.38077654893742386e-04,7.38077654893742386e-04,0.00000000000000000e+00,5.42139964638010952e-03,5.42139964638010952e-03,0.00000000000000000e+00,3.96077057090769946e+00,3.96077057090769946e+00,8.08804700994247283e-01,8.08804700994247283e-01,3.41711573800000679e+00,0,0,0,ok,aspect-only box strain; shear omitted for rectangular voro++ container
115,5115,256,8.39999999999999969e-01,compression_step,coupled,voro_radical,voro_radical_rebuilt,1,1,1.16580413584918441e-01,1.16580413584918330e-01,-1.11022302462515654e-16,7.44337646696338479e-02,7.44337646696338617e-02,1.38777878078144568e-17,1.16286205295082476e-01,1.16286205295082518e-01,4.16333634234433703e-17,5.28403839239581785e-01,5.28403839239581785e-01,0.00000000000000000e+00,1.09429885158793056e+02,1.09429885158793056e+02,0.00000000000000000e+00,1.47015816803841431e-01,1.47015816803841431e-01,0.00000000000000000e+00,5.04288395488705188e-01,5.04288395488705188e-01,0.00000000000000000e+00,7.38077654893742386e-04,0.00000000000000000e+00,-7.38077654893742386e-04,5.42139964638010952e-03,0.00000000000000000e+00,-5.42139964638010952e-03,3.96077057090769946e+00,3.96077057090769946e+00,8.08804700994247283e-01,8.08804700994247283e-01,1.23964752599999883e+00,0,0,0,ok,local phi scan best endpoint
115,5115,256,8.39999999999999969e-01,free_ricci,sum_channel,voro_radical,voro_radical_fixed_topology,1,1,1.16580413584918441e-01,1.09926458056433751e-01,-6.65395552848468963e-03,7.44337646696338479e-02,8.11002311520716019e-12,-7.44337646615238213e-02,1.16286205295082476e-01,1.12773113579265880e-01,-3.51309171581659641e-03,5.28403839239581785e-01,5.39118192428616506e-11,-5.28403839185670021e-01,1.09429885158793056e+02,9.17436514972919072e-09,-1.09429885149618684e+02,1.47015816803841431e-01,2.53683348979816933e-10,-1.47015816550158079e-01,5.04288395488705188e-01,4.67300450595185679e-10,-5.04288395021404767e-01,7.38077654893742386e-04,3.75280568488514188e+00,3.75206760723024813e+00,5.42139964638010952e-03,4.54697610927601747e-01,4.49276211281221638e-01,3.96077057090769946e+00,5.11998827028521397e+00,8.08804700994247283e-01,9.24441814885431978e-01,1.21145912999963912e-01,1,1,1,ok,converged: max_abs_K < tol
115,5115,256,8.39999999999999969e-01,post_voro_surgery,topology,voro_radical,post_surgery_nonradical,1,1,1.16580413584918441e-01,1.38950289408455080e-01,2.23698758235366391e-02,7.44337646696338479e-02,6.75456107066792349e-02,-6.88815396295461291e-03,1.16286205295082476e-01,1.47005966625951334e-01,3.07197613308688583e-02,5.28403839239581785e-01,4.70811549403968743e-01,-5.75922898356130419e-02,1.09429885158793056e+02,7.25424543885633852e+01,-3.68874307702296704e+01,1.47015816803841431e-01,1.34656476184302931e-01,-1.23593406195385003e-02,5.04288395488705188e-01,3.29453274770196258e-01,-1.74835120718508930e-01,7.38077654893742386e-04,7.38077654893742386e-04,0.00000000000000000e+00,5.42139964638010952e-03,5.42139964638010952e-03,0.00000000000000000e+00,3.96077057090769946e+00,3.96077057090769946e+00,8.08804700994247283e-01,8.29946387724595502e-01,6.41613546119999683e+01,1,0,0,ok,light topology surgery; no longer radical
115,5115,256,8.39999999999999969e-01,radius_label_swap,sum_channel,voro_radical,voro_radical_rebuilt,1,1,1.16580413584918441e-01,1.16637122906468993e-01,5.67093215505520831e-05,7.44337646696338479e-02,7.44259395582049926e-02,-7.82511142885522482e-06,1.16286205295082476e-01,1.16240496437909180e-01,-4.57088571732960913e-05,5.28403839239581785e-01,5.28039969142649168e-01,-3.63870096932616960e-04,1.09429885158793056e+02,1.09361438191897292e+02,-6.84469668957632393e-02,1.47015816803841431e-01,1.46935530654986518e-01,-8.02861488549133639e-05,5.04288395488705188e-01,5.04204394651057042e-01,-8.40008376481460317e-05,7.38077654893742386e-04,7.34026468060649303e-04,-4.05118683309308326e-06,5.42139964638010952e-03,5.42139964638010952e-03,0.00000000000000000e+00,3.96077057090769946e+00,3.96077057090769946e+00,8.08804700994247283e-01,8.08817926614708416e-01,6.30133621099992070e+00,1,1,1,ok,radius labels permuted; distribution exactly preserved
115,5115,256,8.39999999999999969e-01,shape_descent,shape_channel,voro_radical,voro_radical_rebuilt,1,1,1.16580413584918441e-01,1.16556605628666307e-01,-2.38079562521337218e-05,7.44337646696338479e-02,7.44337646696338479e-02,0.00000000000000000e+00,1.16286205295082476e-01,1.16244234939284027e-01,-4.19703557984485442e-05,5.28403839239581785e-01,5.28403839239581785e-01,0.00000000000000000e+00,1.09429885158793056e+02,1.09429885158793056e+02,0.00000000000000000e+00,1.47015816803841431e-01,1.47015816803841431e-01,0.00000000000000000e+00,5.04288395488705188e-01,5.04288395488705188e-01,0.00000000000000000e+00,7.38077654893742386e-04,7.62807860002551381e-04,2.47302051088089947e-05,5.42139964638010952e-03,5.42139964638010952e-03,0.00000000000000000e+00,3.96077057090769946e+00,3.96077057090769946e+00,8.08804700994247283e-01,8.08804700994247283e-01,5.06374749799999790e+00,0,1,0,ok,stochastic coordinate shape descent
116,5116,256,8.39999999999999969e-01,bounded_ricci_du010,sum_channel,voro_radical,voro_radical_fixed_topology,1,1,1.18141307461077497e-01,1.13772988752480445e-01,-4.36831870859705207e-03,7.01151242761128557e-02,5.42283394482931808e-02,-1.58867848278196749e-02,1.18296576412838708e-01,1.16728895084080811e-01,-1.56768132875789723e-03,5.09848808146879717e-01,3.92126287941935825e-01,-1.17722520204943892e-01,1.10425484788011460e+02,8.08743839276652920e+01,-2.95511008603461676e+01,1.40201184400233325e-01,1.14059496685170403e-01,-2.61416877150629223e-02,5.30836363591040694e-01,4.56071958953705392e-01,-7.47644046373353022e-02,1.36301304480345191e-03,8.89544259939890197e-02,8.75914129491855709e-02,7.45878238164499052e-03,8.33102257932480939e-02,7.58514434116031033e-02,3.96077057090769946e+00,3.75745052021964998e+00,8.05127270859943400e-01,8.53784042153145517e-01,1.42266576999986682e-01,1,1,1,ok,relative_bounded_ricci
116,5116,256,8.39999999999999969e-01,box_shear_aspect,shape_channel,voro_radical,voro_radical_rebuilt,1,1,1.18141307461077497e-01,1.18138248958217451e-01,-3.05850286004549776e-06,7.01151242761128557e-02,7.01151242761128557e-02,0.00000000000000000e+00,1.18296576412838708e-01,1.18292852633903905e-01,-3.72377893480269062e-06,5.09848808146879717e-01,5.09848808146879717e-01,0.00000000000000000e+00,1.10425484788011460e+02,1.10425484788011460e+02,0.00000000000000000e+00,1.40201184400233325e-01,1.40201184400233325e-01,0.00000000000000000e+00,5.30836363591040694e-01,5.30836363591040694e-01,0.00000000000000000e+00,1.36301304480345191e-03,1.36036987037785133e-03,-2.64317442560057202e-06,7.45878238164499052e-03,7.61956488777970620e-03,1.60782506134715675e-04,3.96077057090769946e+00,3.96077057090769946e+00,8.05127270859943400e-01,8.05127270859943400e-01,3.66865838000001077e+00,0,1,0,ok,aspect-only box strain; shear omitted for rectangular voro++ container
116,5116,256,8.39999999999999969e-01,compression_step,coupled,voro_radical,voro_radical_rebuilt,1,1,1.18141307461077497e-01,1.18141307461077524e-01,2.77555756156289135e-17,7.01151242761128557e-02,7.01151242761128557e-02,0.00000000000000000e+00,1.18296576412838708e-01,1.18296576412838680e-01,-2.77555756156289135e-17,5.09848808146879717e-01,5.09848808146879717e-01,0.00000000000000000e+00,1.10425484788011460e+02,1.10425484788011460e+02,0.00000000000000000e+00,1.40201184400233325e-01,1.40201184400233325e-01,0.00000000000000000e+00,5.30836363591040694e-01,5.30836363591040694e-01,0.00000000000000000e+00,1.36301304480345191e-03,0.00000000000000000e+00,-1.36301304480345191e-03,7.45878238164499052e-03,0.00000000000000000e+00,-7.45878238164499052e-03,3.96077057090769946e+00,3.96077057090769946e+00,8.05127270859943400e-01,8.05127270859943400e-01,1.37765041700004076e+00,0,1,0,ok,local phi scan best endpoint
116,5116,256,8.39999999999999969e-01,free_ricci,sum_channel,voro_radical,voro_radical_fixed_topology,1,1,1.18141307461077497e-01,1.11514161416182020e-01,-6.62714604489547665e-03,7.01151242761128557e-02,5.28898274107734684e-12,-7.01151242708238781e-02,1.18296576412838708e-01,1.14227291337100384e-01,-4.06928507573832421e-03,5.09848808146879717e-01,3.62530312401187534e-11,-5.09848808110626717e-01,1.10425484788011460e+02,6.12888693368085084e-09,-1.10425484781882574e+02,1.40201184400233325e-01,1.69491214137575068e-10,-1.40201184230742099e-01,5.30836363591040694e-01,3.34255180213297957e-10,-5.30836363256785515e-01,1.36301304480345191e-03,3.68626886035000245e+00,3.68490584730519899e+00,7.45878238164499052e-03,5.74194891502247895e-01,5.66736109120602904e-01,3.96077057090769946e+00,4.28072181313057154e+00,8.05127270859943400e-01,9.18161187667651313e-01,1.46830033000014737e-01,1,1,1,ok,converged: max_abs_K < tol
116,5116,256,8.39999999999999969e-01,post_voro_surgery,topology,voro_radical,post_surgery_nonradical,1,1,1.18141307461077497e-01,1.34178113709594315e-01,1.60368062485168189e-02,7.01151242761128557e-02,6.21398643799149566e-02,-7.97525989619789905e-03,1.18296576412838708e-01,1.39022477333574423e-01,2.07259009207357153e-02,5.09848808146879717e-01,4.44053825939728086e-01,-6.57949822071516310e-02,1.10425484788011460e+02,6.56922821932958101e+01,-4.47332025947156495e+01,1.40201184400233325e-01,1.26904609176707511e-01,-1.32965752235258139e-02,5.30836363591040694e-01,3.12180534452381198e-01,-2.18655829138659497e-01,1.36301304480345191e-03,1.36301304480345191e-03,0.00000000000000000e+00,7.45878238164499052e-03,7.45878238164499052e-03,0.00000000000000000e+00,3.96077057090769946e+00,3.96077057090769946e+00,8.05127270859943400e-01,8.40331668296204537e-01,7.07581922790000135e+01,1,0,0,ok,light topology surgery; no longer radical
116,5116,256,8.39999999999999969e-01,radius_label_swap,sum_channel,voro_radical,voro_radical_rebuilt,1,1,1.18141307461077497e-01,1.17910581637033565e-01,-2.30725824043931382e-04,7.01151242761128557e-02,6.97821547872192471e-02,-3.32969488893608556e-04,1.18296576412838708e-01,1.18162087160163687e-01,-1.34489252675021320e-04,5.09848808146879717e-01,5.05195646351548566e-01,-4.65316179533115104e-03,1.10425484788011460e+02,1.09805785968217663e+02,-6.19698819793796929e-01,1.40201184400233325e-01,1.39235612318468788e-01,-9.65572081764537460e-04,5.30836363591040694e-01,5.30740825189083498e-01,-9.55384019571958731e-05,1.36301304480345191e-03,1.33675060484299822e-03,-2.62624399604536891e-05,7.45878238164499052e-03,7.45878238164499052e-03,0.00000000000000000e+00,3.96077057090769946e+00,3.96077057090769946e+00,8.05127270859943400e-01,8.07476109521201857e-01,7.67558074300006865e+00,1,1,1,ok,radius labels permuted; distribution exactly preserved
116,5116,256,8.39999999999999969e-01,shape_descent,shape_channel,voro_radical,voro_radical_rebuilt,1,1,1.18141307461077497e-01,1.18145443028696909e-01,4.13556761941213935e-06,7.01151242761128557e-02,7.01151242761128835e-02,2.77555756156289135e-17,1.18296576412838708e-01,1.18295066609109892e-01,-1.50980372881637237e-06,5.09848808146879717e-01,5.09848808146879717e-01,0.00000000000000000e+00,1.10425484788011460e+02,1.10425484788011460e+02,0.00000000000000000e+00,1.40201184400233325e-01,1.40201184400233325e-01,0.00000000000000000e+00,5.30836363591040694e-01,5.30836363591040694e-01,0.00000000000000000e+00,1.36301304480345191e-03,1.40820999489213840e-03,4.51969500886864953e-05,7.45878238164499052e-03,7.45878238164499052e-03,0.00000000000000000e+00,3.96077057090769946e+00,3.96077057090769946e+00,8.05127270859943400e-01,8.05127270859943400e-01,7.17419032800000878e+00,0,1,0,ok,stochastic coordinate shape descent
117,5117,256,8.39999999999999969e-01,bounded_ricci_du010,sum_channel,voro_radical,voro_radical_fixed_topology,1,1,1.24575490522405366e-01,1.20407974407591101e-01,-4.16751611481426532e-03,7.21215257584617714e-02,5.72157047463044827e-02,-1.49058210121572887e-02,1.23234752447099194e-01,1.22139541700273607e-01,-1.09521074682558672e-03,5.27379846913881067e-01,4.18476448532986711e-01,-1.08903398380894356e-01,1.10206466988391554e+02,7.69829191166362250e+01,-3.32235478717553292e+01,1.44483289959064787e-01,1.20412494286188776e-01,-2.40707956728760109e-02,5.16320776403466741e-01,4.13999538171585357e-01,-1.02321238231881384e-01,2.64831989972598826e-03,8.53659171480540407e-02,8.27175972483280564e-02,1.10216727234264678e-02,8.03509192818609996e-02,6.93292465584345319e-02,3.96077057090769946e+00,3.99752235777138054e+00,8.12593763375957678e-01,8.57740698069745400e-01,1.28625963999979831e-01,1,1,1,ok,relative_bounded_ricci
117,5117,256,8.39999999999999969e-01,box_shear_aspect,shape_channel,voro_radical,voro_radical_rebuilt,1,1,1.24575490522405366e-01,1.24574415750593068e-01,-1.07477181229831409e-06,7.21215257584617714e-02,7.21215257584617853e-02,1.38777878078144568e-17,1.23234752447099194e-01,1.23240960507488423e-01,6.20806038922894210e-06,5.27379846913881067e-01,5.27379846913881067e-01,0.00000000000000000e+00,1.10206466988391554e+02,1.10206466988391554e+02,0.00000000000000000e+00,1.44483289959064787e-01,1.44483289959064787e-01,0.00000000000000000e+00,5.16320776403466741e-01,5.16320776403466741e-01,0.00000000000000000e+00,2.64831989972598826e-03,2.63726138033265958e-03,-1.10585193933286814e-05,1.10216727234264678e-02,1.07910468092919931e-02,-2.30625914134474641e-04,3.96077057090769946e+00,3.96077057090769946e+00,8.12593763375957678e-01,8.12593763375957678e-01,5.85448898900006043e+00,0,0,0,ok,aspect-only box strain; shear omitted for rectangular voro++ container
117,5117,256,8.39999999999999969e-01,compression_step,coupled,voro_radical,voro_radical_rebuilt,1,1,1.24575490522405366e-01,1.24575490522405227e-01,-1.38777878078144568e-16,7.21215257584617714e-02,7.21215257584617853e-02,1.38777878078144568e-17,1.23234752447099194e-01,1.23234752447099249e-01,5.55111512312578270e-17,5.27379846913881067e-01,5.27379846913881067e-01,0.00000000000000000e+00,1.10206466988391554e+02,1.10206466988391554e+02,0.00000000000000000e+00,1.44483289959064787e-01,1.44483289959064787e-01,0.00000000000000000e+00,5.16320776403466741e-01,5.16320776403466741e-01,0.00000000000000000e+00,2.64831989972598826e-03,0.00000000000000000e+00,-2.64831989972598826e-03,1.10216727234264678e-02,0.00000000000000000e+00,-1.10216727234264678e-02,3.96077057090769946e+00,3.96077057090769946e+00,8.12593763375957678e-01,8.12593763375957678e-01,2.21236990900001729e+00,0,0,0,ok,local phi scan best endpoint
117,5117,256,8.39999999999999969e-01,free_ricci,sum_channel,voro_radical,voro_radical_fixed_topology,1,1,1.24575490522405366e-01,1.17672658039253877e-01,-6.90283248315148867e-03,7.21215257584617714e-02,6.37264758984998875e-12,-7.21215257520891190e-02,1.23234752447099194e-01,1.20504629962906729e-01,-2.73012248419246539e-03,5.27379846913881067e-01,4.59956467376043095e-11,-5.27379846867885416e-01,1.10206466988391554e+02,7.90064804452417044e-09,-1.10206466980490902e+02,1.44483289959064787e-01,2.15691996081674982e-10,-1.44483289743372795e-01,5.16320776403466741e-01,4.53912586137819993e-10,-5.16320775949554167e-01,2.64831989972598826e-03,4.10429919564268975e+00,4.10165087574296372e+00,1.10216727234264678e-02,5.81099021095075940e-01,5.70077348371649473e-01,3.96077057090769946e+00,4.62102120246041981e+00,8.12593763375957678e-01,9.13426013728494079e-01,3.01770450000049095e-01,1,1,1,ok,converged: max_abs_K < tol
117,5117,256,8.39999999999999969e-01,post_voro_surgery,topology,voro_radical,post_surgery_nonradical,1,1,1.24575490522405366e-01,1.39557498845948952e-01,1.49820083235435858e-02,7.21215257584617714e-02,6.03596016759333290e-02,-1.17619240825284424e-02,1.23234752447099194e-01,1.47025102439477501e-01,2.37903499923783068e-02,5.27379846913881067e-01,4.35146379568911168e-01,-9.22334673449698994e-02,1.10206466988391554e+02,6.68798164205666978e+01,-4.33266505678248564e+01,1.44483289959064787e-01,1.24935892358010364e-01,-1.95473976010544226e-02,5.16320776403466741e-01,3.28916231188127073e-01,-1.87404545215339668e-01,2.64831989972598826e-03,2.64831989972598826e-03,0.00000000000000000e+00,1.10216727234264678e-02,1.10216727234264678e-02,0.00000000000000000e+00,3.96077057090769946e+00,3.96077057090769946e+00,8.12593763375957678e-01,8.59473626024284343e-01,7.87317067010000073e+01,1,0,0,ok,light topology surgery; no longer radical
117,5117,256,8.39999999999999969e-01,radius_label_swap,sum_channel,voro_radical,voro_radical_rebuilt,1,1,1.24575490522405366e-01,1.24576602121345817e-01,1.11159894045087526e-06,7.21215257584617714e-02,7.21275724312924194e-02,6.04667283064797001e-06,1.23234752447099194e-01,1.23234699805803316e-01,-5.26412958778976758e-08,5.27379846913881067e-01,5.27413436850687756e-01,3.35899368066883142e-05,1.10206466988391554e+02,1.10208738028134817e+02,2.27103974326325897e-03,1.44483289959064787e-01,1.44486901707261695e-01,3.61174819690779358e-06,5.16320776403466741e-01,5.16320818177350649e-01,4.17738839075809665e-08,2.64831989972598826e-03,2.65069126592403816e-03,2.37136619804989221e-06,1.10216727234264678e-02,1.10216727234264678e-02,0.00000000000000000e+00,3.96077057090769946e+00,3.96077057090769946e+00,8.12593763375957678e-01,8.12578721028730078e-01,7.38766227300004630e+00,0,1,0,ok,radius labels permuted; distribution exactly preserved
117,5117,256,8.39999999999999969e-01,shape_descent,shape_channel,voro_radical,voro_radical_rebuilt,1,1,1.24575490522405366e-01,1.24605651224001204e-01,3.01607015958382796e-05,7.21215257584617714e-02,7.21215257584617714e-02,0.00000000000000000e+00,1.23234752447099194e-01,1.23268700138265089e-01,3.39476911658948000e-05,5.27379846913881067e-01,5.27379846913881067e-01,0.00000000000000000e+00,1.10206466988391554e+02,1.10206466988391554e+02,0.00000000000000000e+00,1.44483289959064787e-01,1.44483289959064787e-01,0.00000000000000000e+00,5.16320776403466741e-01,5.16320776403466741e-01,0.00000000000000000e+00,2.64831989972598826e-03,2.72772598498843052e-03,7.94060852624422532e-05,1.10216727234264678e-02,1.10216727234264678e-02,0.00000000000000000e+00,3.96077057090769946e+00,3.96077057090769946e+00,8.12593763375957678e-01,8.12593763375957678e-01,7.36081500799991773e+00,0,0,0,ok,stochastic coordinate shape descent
118,5118,256,8.39999999999999969e-01,bounded_ricci_du010,sum_channel,voro_radical,voro_radical_fixed_topology,1,1,1.21077731355848761e-01,1.15555749167719116e-01,-5.52198218812964547e-03,7.50766881048821194e-02,5.55072788363074471e-02,-1.95694092685746723e-02,1.20719296020337083e-01,1.19001734412092344e-01,-1.71756160824473869e-03,5.36261297274054138e-01,3.94664620122782583e-01,-1.41596677151271555e-01,9.24023096031064313e+01,5.75476673815292656e+01,-3.48546422215771656e+01,1.43232429052535803e-01,1.11254194492872008e-01,-3.19782345596637957e-02,4.26775237999982238e-01,3.13672313493471799e-01,-1.13102924506510438e-01,2.63336200813474178e-03,1.17314140214065721e-01,1.14680778205930978e-01,9.63267490166686002e-03,1.17245197850105898e-01,1.07612522948439038e-01,3.96077057090769946e+00,3.89433596881076749e+00,8.00476253054592690e-01,8.62381642430535056e-01,1.25617683999962537e-01,1,1,1,ok,relative_bounded_ricci
118,5118,256,8.39999999999999969e-01,box_shear_aspect,shape_channel,voro_radical,voro_radical_rebuilt,1,1,1.21077731355848761e-01,1.21077057337940885e-01,-6.74017907875690270e-07,7.50766881048821194e-02,7.50766881048821610e-02,4.16333634234433703e-17,1.20719296020337083e-01,1.20720884304749712e-01,1.58828441262914843e-06,5.36261297274054138e-01,5.36261297274054138e-01,0.00000000000000000e+00,9.24023096031064313e+01,9.24023096031064313e+01,0.00000000000000000e+00,1.43232429052535803e-01,1.43232429052535803e-01,0.00000000000000000e+00,4.26775237999982238e-01,4.26775237999982238e-01,0.00000000000000000e+00,2.63336200813474178e-03,2.62969384372061530e-03,-3.66816441412648464e-06,9.63267490166686002e-03,9.57319869692829784e-03,-5.94762047385621884e-05,3.96077057090769946e+00,3.96077057090769946e+00,8.00476253054592690e-01,8.00476253054592690e-01,3.52365446199996768e+00,0,0,0,ok,aspect-only box strain; shear omitted for rectangular voro++ container
118,5118,256,8.39999999999999969e-01,compression_step,coupled,voro_radical,voro_radical_rebuilt,1,1,1.21077731355848761e-01,1.21077731355848608e-01,-1.52655665885959024e-16,7.50766881048821194e-02,7.50766881048821610e-02,4.16333634234433703e-17,1.20719296020337083e-01,1.20719296020337041e-01,-4.16333634234433703e-17,5.36261297274054138e-01,5.36261297274054138e-01,0.00000000000000000e+00,9.24023096031064313e+01,9.24023096031064313e+01,0.00000000000000000e+00,1.43232429052535803e-01,1.43232429052535803e-01,0.00000000000000000e+00,4.26775237999982238e-01,4.26775237999982238e-01,0.00000000000000000e+00,2.63336200813474178e-03,0.00000000000000000e+00,-2.63336200813474178e-03,9.63267490166686002e-03,0.00000000000000000e+00,-9.63267490166686002e-03,3.96077057090769946e+00,3.96077057090769946e+00,8.00476253054592690e-01,8.00476253054592690e-01,1.36712588399996093e+00,0,1,0,ok,local phi scan best endpoint
118,5118,256,8.39999999999999969e-01,free_ricci,sum_channel,voro_radical,voro_radical_fixed_topology,1,1,1.21077731355848761e-01,1.13817750817412744e-01,-7.25998053843601721e-03,7.50766881048821194e-02,5.83168893741793096e-12,-7.50766880990504371e-02,1.20719296020337083e-01,1.16922335518664780e-01,-3.79696050167230292e-03,5.36261297274054138e-01,4.18021472487883395e-11,-5.36261297232252021e-01,9.24023096031064313e+01,6.81386813471557667e-09,-9.24023095962925680e+01,1.43232429052535803e-01,1.92220056043022274e-10,-1.43232428860315758e-01,4.26775237999982238e-01,3.86100963486152874e-10,-4.26775237613881253e-01,2.63336200813474178e-03,3.64918747488773176e+00,3.64655411287959685e+00,9.63267490166686002e-03,6.78559851340274411e-01,6.68927176438607551e-01,3.96077057090769946e+00,3.95224295296393224e+00,8.00476253054592690e-01,9.32618695879137483e-01,1.59840049000081308e-01,1,1,1,ok,converged: max_abs_K < tol
118,5118,256,8.39999999999999969e-01,post_voro_surgery,topology,voro_radical,post_surgery_nonradical,1,1,1.21077731355848761e-01,1.40000773737034262e-01,1.89230423811855009e-02,7.50766881048821194e-02,6.92566892926021332e-02,-5.81999881227998617e-03,1.20719296020337083e-01,1.48871894359403650e-01,2.81525983390665674e-02,5.36261297274054138e-01,4.96755085807945251e-01,-3.95062114661088870e-02,9.24023096031064313e+01,7.15058246851041019e+01,-2.08964849180023293e+01,1.43232429052535803e-01,1.32392379066115201e-01,-1.08400499864206024e-02,4.26775237999982238e-01,3.33227981626840919e-01,-9.35472563731413187e-02,2.63336200813474178e-03,2.63336200813474178e-03,0.00000000000000000e+00,9.63267490166686002e-03,9.63267490166686002e-03,0.00000000000000000e+00,3.96077057090769946e+00,3.96077057090769946e+00,8.00476253054592690e-01,8.32261992988916122e-01,6.61313333619999639e+01,1,0,0,ok,light topology surgery; no longer radical
118,5118,256,8.39999999999999969e-01,radius_label_swap,sum_channel,voro_radical,voro_radical_rebuilt,1,1,1.21077731355848761e-01,1.21080012200093498e-01,2.28084424473695702e-06,7.50766881048821194e-02,7.50762825056478511e-02,-4.05599234268305686e-07,1.20719296020337083e-01,1.20720050853785149e-01,7.54833448066150048e-07,5.36261297274054138e-01,5.36269083392519219e-01,7.78611846508070471e-06,9.24023096031064313e+01,9.24094395305219933e+01,7.12992741556206511e-03,1.43232429052535803e-01,1.43231023209408642e-01,-1.40584312716129922e-06,4.26775237999982238e-01,4.26822155305248807e-01,4.69173052665694534e-05,2.63336200813474178e-03,2.63282607476298530e-03,-5.35933371756478621e-07,9.63267490166686002e-03,9.63267490166686002e-03,0.00000000000000000e+00,3.96077057090769946e+00,3.96077057090769946e+00,8.00476253054592690e-01,8.00476253054592690e-01,8.22210051700005806e+00,1,0,0,ok,radius labels permuted; distribution exactly preserved
118,5118,256,8.39999999999999969e-01,shape_descent,shape_channel,voro_radical,voro_radical_rebuilt,1,1,1.21077731355848761e-01,1.21044017103351123e-01,-3.37142524976380420e-05,7.50766881048821194e-02,7.50766881048821194e-02,0.00000000000000000e+00,1.20719296020337083e-01,1.20667134843958523e-01,-5.21611763785595484e-05,5.36261297274054138e-01,5.36261297274054138e-01,0.00000000000000000e+00,9.24023096031064313e+01,9.24023096031064313e+01,0.00000000000000000e+00,1.43232429052535803e-01,1.43232429052535803e-01,0.00000000000000000e+00,4.26775237999982238e-01,4.26775237999982238e-01,0.00000000000000000e+00,2.63336200813474178e-03,2.74935813985784008e-03,1.15996131723098295e-04,9.63267490166686002e-03,9.63267490166686002e-03,0.00000000000000000e+00,3.96077057090769946e+00,3.96077057090769946e+00,8.00476253054592690e-01,8.00476253054592690e-01,4.93530175399996551e+00,0,1,0,ok,stochastic coordinate shape descent
119,5119,256,8.39999999999999969e-01,bounded_ricci_du010,sum_channel,voro_radical,voro_radical_fixed_topology,1,1,1.21823141007686375e-01,1.17947288438204942e-01,-3.87585256948143331e-03,6.79283208774814906e-02,5.43822142822896273e-02,-1.35461065951918633e-02,1.21950664101907649e-01,1.20585569541392004e-01,-1.36509456051564504e-03,4.98315332170488234e-01,3.93817739011688150e-01,-1.04497593158800084e-01,1.11257039087717530e+02,8.57421967568162415e+01,-2.55148423309012884e+01,1.38325550160634220e-01,1.15141227636792604e-01,-2.31843225238416162e-02,5.39645125030868367e-01,4.78562462034155867e-01,-6.10826629967125001e-02,4.87689286978561492e-03,1.29961094818867334e-01,1.25084201949081708e-01,1.09661491174399828e-02,1.42395420868236755e-01,1.31429271750796772e-01,3.96077057090769946e+00,4.04239408516100340e+00,8.16139279527406947e-01,8.57676277690631372e-01,2.53676589000065178e-01,1,1,1,ok,relative_bounded_ricci
119,5119,256,8.39999999999999969e-01,box_shear_aspect,shape_channel,voro_radical,voro_radical_rebuilt,1,1,1.21823141007686375e-01,1.21823141007686375e-01,0.00000000000000000e+00,6.79283208774814906e-02,6.79283208774814906e-02,0.00000000000000000e+00,1.21950664101907649e-01,1.21950664101907649e-01,0.00000000000000000e+00,4.98315332170488234e-01,4.98315332170488234e-01,0.00000000000000000e+00,1.11257039087717530e+02,1.11257039087717530e+02,0.00000000000000000e+00,1.38325550160634220e-01,1.38325550160634220e-01,0.00000000000000000e+00,5.39645125030868367e-01,5.39645125030868367e-01,0.00000000000000000e+00,4.87689286978561492e-03,4.87689286978561492e-03,0.00000000000000000e+00,1.09661491174399828e-02,1.09661491174399828e-02,0.00000000000000000e+00,3.96077057090769946e+00,3.96077057090769946e+00,8.16139279527406947e-01,8.16139279527406947e-01,4.19272341900000356e+00,0,0,0,ok,aspect-only box strain; shear omitted for rectangular voro++ container
119,5119,256,8.39999999999999969e-01,compression_step,coupled,voro_radical,voro_radical_rebuilt,1,1,1.21823141007686375e-01,1.22014844634617051e-01,1.91703626930675441e-04,6.79283208774814906e-02,6.81592645784914186e-02,2.30943701009928004e-04,1.21950664101907649e-01,1.22199924721766731e-01,2.49260619859081878e-04,4.98315332170488234e-01,5.00253811926240632e-01,1.93847975575239806e-03,1.11257039087717530e+02,1.12995988948052855e+02,1.73894986033532462e+00,1.38325550160634220e-01,1.39408983509271722e-01,1.08343334863750251e-03,5.39645125030868367e-01,5.44430884810401472e-01,4.78575977953310527e-03,4.87689286978561492e-03,0.00000000000000000e+00,-4.87689286978561492e-03,1.09661491174399828e-02,0.00000000000000000e+00,-1.09661491174399828e-02,3.96077057090769946e+00,3.96077057090769946e+00,8.16139279527406947e-01,8.13932513686827730e-01,1.67242556600001535e+00,0,0,0,ok,local phi scan best endpoint
119,5119,256,8.39999999999999969e-01,free_ricci,sum_channel,voro_radical,voro_radical_fixed_topology,1,1,1.21823141007686375e-01,1.16321016019844001e-01,-5.50212498784237447e-03,6.79283208774814906e-02,6.82617839493296277e-12,-6.79283208706553121e-02,1.21950664101907649e-01,1.18511824944199387e-01,-3.43883915770826221e-03,4.98315332170488234e-01,4.81092218924270605e-11,-4.98315332122378996e-01,1.11257039087717530e+02,8.71570041898456488e-09,-1.11257039079001828e+02,1.38325550160634220e-01,2.28981187737613639e-10,-1.38325549931653025e-01,5.39645125030868367e-01,4.63777792851691879e-10,-5.39645124567090573e-01,4.87689286978561492e-03,4.86913574902448243e+00,4.86425885615469689e+00,1.09661491174399828e-02,5.10669303517327755e-01,4.99703154399887772e-01,3.96077057090769946e+00,4.96811358247920953e+00,8.16139279527406947e-01,9.18437832222124273e-01,2.23486003000061828e-01,1,1,1,ok,converged: max_abs_K < tol
119,5119,256,8.39999999999999969e-01,post_voro_surgery,topology,voro_radical,post_surgery_nonradical,1,1,1.21823141007686375e-01,1.35283222507539519e-01,1.34600814998531437e-02,6.79283208774814906e-02,6.45353022672547211e-02,-3.39301861022676954e-03,1.21950664101907649e-01,1.39593818465254205e-01,1.76431543633465554e-02,4.98315332170488234e-01,4.71616848442124537e-01,-2.66984837283636978e-02,1.11257039087717530e+02,7.30181543246213067e+01,-3.82388847630962232e+01,1.38325550160634220e-01,1.30618647582726177e-01,-7.70690257790804245e-03,5.39645125030868367e-01,3.51031360299198181e-01,-1.88613764731670186e-01,4.87689286978561492e-03,4.87689286978561492e-03,0.00000000000000000e+00,1.09661491174399828e-02,1.09661491174399828e-02,0.00000000000000000e+00,3.96077057090769946e+00,3.96077057090769946e+00,8.16139279527406947e-01,8.19912243793088358e-01,7.41542127089999212e+01,1,0,0,ok,light topology surgery; no longer radical
119,5119,256,8.39999999999999969e-01,radius_label_swap,sum_channel,voro_radical,voro_radical_rebuilt,1,1,1.21823141007686375e-01,1.21823282325342799e-01,1.41317656424111426e-07,6.79283208774814906e-02,6.79314039346848031e-02,3.08305720331247812e-06,1.21950664101907649e-01,1.21951134787733215e-01,4.70685825565420046e-07,4.98315332170488234e-01,4.98317203483829074e-01,1.87131334083989742e-06,1.11257039087717530e+02,1.11256628728684618e+02,-4.10359032912310795e-04,1.38325550160634220e-01,1.38324298160323378e-01,-1.25200031084182761e-06,5.39645125030868367e-01,5.39647004255097151e-01,1.87922422878461504e-06,4.87689286978561492e-03,4.88285682178426356e-03,5.96395199864863806e-06,1.09661491174399828e-02,1.09661491174399828e-02,0.00000000000000000e+00,3.96077057090769946e+00,3.96077057090769946e+00,8.16139279527406947e-01,8.16126527547623937e-01,6.97249132900003588e+00,0,0,0,ok,radius labels permuted; distribution exactly preserved
119,5119,256,8.39999999999999969e-01,shape_descent,shape_channel,voro_radical,voro_radical_rebuilt,1,1,1.21823141007686375e-01,1.21852874384916030e-01,2.97333772296543009e-05,6.79283208774814906e-02,6.79283208774814906e-02,0.00000000000000000e+00,1.21950664101907649e-01,1.21989071522476025e-01,3.84074205683759828e-05,4.98315332170488234e-01,4.98315332170488234e-01,0.00000000000000000e+00,1.11257039087717530e+02,1.11257039087717530e+02,0.00000000000000000e+00,1.38325550160634220e-01,1.38325550160634220e-01,0.00000000000000000e+00,5.39645125030868367e-01,5.39645125030868367e-01,0.00000000000000000e+00,4.87689286978561492e-03,5.12840794464458540e-03,2.51515074858970483e-04,1.09661491174399828e-02,1.09661491174399828e-02,0.00000000000000000e+00,3.96077057090769946e+00,3.96077057090769946e+00,8.16139279527406947e-01,8.16139279527406947e-01,7.83272799700000633e+00,0,0,0,ok,stochastic coordinate shape descent
120,5120,256,8.39999999999999969e-01,bounded_ricci_du010,sum_channel,voro_radical,voro_radical_fixed_topology,1,1,1.19374841120461303e-01,1.14221429210807246e-01,-5.15341190965405704e-03,7.63579034714939597e-02,6.21779398420569743e-02,-1.41799636294369855e-02,1.14764494873869180e-01,1.13750393098914118e-01,-1.01410177495506182e-03,5.53856568884641853e-01,4.48871812714776552e-01,-1.04984756169865301e-01,1.15190926733049054e+02,8.68961234100307962e+01,-2.82948033230182574e+01,1.52524584044850975e-01,1.29398673015204746e-01,-2.31259110296462289e-02,5.14699055957159368e-01,4.42648148652581785e-01,-7.20509073045775827e-02,3.48337762780021650e-04,6.63424636738579876e-02,6.59941259110779638e-02,4.09772401906671746e-03,9.31549377781566434e-02,8.90572137590899260e-02,3.96077057090769946e+00,3.97851383488111843e+00,8.05762995087782374e-01,8.52038810268238911e-01,1.10873026000035679e-01,1,1,1,ok,relative_bounded_ricci
120,5120,256,8.39999999999999969e-01,box_shear_aspect,shape_channel,voro_radical,voro_radical_rebuilt,1,1,1.19374841120461303e-01,1.19374841120461303e-01,0.00000000000000000e+00,7.63579034714939597e-02,7.63579034714939597e-02,0.00000000000000000e+00,1.14764494873869180e-01,1.14764494873869180e-01,0.00000000000000000e+00,5.53856568884641853e-01,5.53856568884641853e-01,0.00000000000000000e+00,1.15190926733049054e+02,1.15190926733049054e+02,0.00000000000000000e+00,1.52524584044850975e-01,1.52524584044850975e-01,0.00000000000000000e+00,5.14699055957159368e-01,5.14699055957159368e-01,0.00000000000000000e+00,3.48337762780021650e-04,3.48337762780021650e-04,0.00000000000000000e+00,4.09772401906671746e-03,4.09772401906671746e-03,0.00000000000000000e+00,3.96077057090769946e+00,3.96077057090769946e+00,8.05762995087782374e-01,8.05762995087782374e-01,4.16271792999998524e+00,0,0,0,ok,aspect-only box strain; shear omitted for rectangular voro++ container
120,5120,256,8.39999999999999969e-01,compression_step,coupled,voro_radical,voro_radical_rebuilt,1,1,1.19374841120461303e-01,1.19374841120461164e-01,-1.38777878078144568e-16,7.63579034714939597e-02,7.63579034714939320e-02,-2.77555756156289135e-17,1.14764494873869180e-01,1.14764494873869194e-01,1.38777878078144568e-17,5.53856568884641853e-01,5.53856568884641853e-01,0.00000000000000000e+00,1.15190926733049054e+02,1.15190926733049054e+02,0.00000000000000000e+00,1.52524584044850975e-01,1.52524584044850975e-01,0.00000000000000000e+00,5.14699055957159368e-01,5.14699055957159368e-01,0.00000000000000000e+00,3.48337762780021650e-04,0.00000000000000000e+00,-3.48337762780021650e-04,4.09772401906671746e-03,0.00000000000000000e+00,-4.09772401906671746e-03,3.96077057090769946e+00,3.96077057090769946e+00,8.05762995087782374e-01,8.05762995087782374e-01,1.50824733100000685e+00,1,0,0,ok,local phi scan best endpoint
120,5120,256,8.39999999999999969e-01,free_ricci,sum_channel,voro_radical,voro_radical_fixed_topology,1,1,1.19374841120461303e-01,1.09346203102171954e-01,-1.00286380182893486e-02,7.63579034714939597e-02,7.82862602731184830e-12,-7.63579034636653331e-02,1.14764494873869180e-01,1.12115679512162197e-01,-2.64881536170698262e-03,5.53856568884641853e-01,5.28960345003826951e-11,-5.53856568831745832e-01,1.15190926733049054e+02,8.55727242550654691e-09,-1.15190926724491774e+02,1.52524584044850975e-01,2.45575469402327087e-10,-1.52524583799275498e-01,5.14699055957159368e-01,4.51377923686753694e-10,-5.14699055505781433e-01,3.48337762780021650e-04,4.17693765530228589e+00,4.17658931753950569e+00,4.09772401906671746e-03,5.99880330347890567e-01,5.95782606328823849e-01,3.96077057090769946e+00,5.24458265439285487e+00,8.05762995087782374e-01,9.21844099056412625e-01,1.25456059000043751e-01,1,1,1,ok,converged: max_abs_K < tol
120,5120,256,8.39999999999999969e-01,post_voro_surgery,topology,voro_radical,post_surgery_nonradical,1,1,1.19374841120461303e-01,1.36957251300893007e-01,1.75824101804317040e-02,7.63579034714939597e-02,6.71635889539804881e-02,-9.19431451751347162e-03,1.14764494873869180e-01,1.41861067427959231e-01,2.70965725540900509e-02,5.53856568884641853e-01,4.80632063204238624e-01,-7.32245056804032290e-02,1.15190926733049054e+02,7.71793316485593692e+01,-3.80115950844896844e+01,1.52524584044850975e-01,1.32128582045927145e-01,-2.03960019989238295e-02,5.14699055957159368e-01,3.73066911051545269e-01,-1.41632144905614099e-01,3.48337762780021650e-04,3.48337762780021650e-04,0.00000000000000000e+00,4.09772401906671746e-03,4.09772401906671746e-03,0.00000000000000000e+00,3.96077057090769946e+00,3.96077057090769946e+00,8.05762995087782374e-01,8.31289958448104715e-01,5.01768544070000644e+01,1,0,0,ok,light topology surgery; no longer radical
120,5120,256,8.39999999999999969e-01,radius_label_swap,sum_channel,voro_radical,voro_radical_rebuilt,1,1,1.19374841120461303e-01,1.19375365175705753e-01,5.24055244449650459e-07,7.63579034714939597e-02,7.63582210338828032e-02,3.17562388843506405e-07,1.14764494873869180e-01,1.14764431679570247e-01,-6.31942989326450544e-08,5.53856568884641853e-01,5.53860047990813120e-01,3.47910617126689914e-06,1.15190926733049054e+02,1.15190839774177917e+02,-8.69588711367441647e-05,1.52524584044850975e-01,1.52524360084893729e-01,-2.23959957246222530e-07,5.14699055957159368e-01,5.14699303749049375e-01,2.47791890006787696e-07,3.48337762780021650e-04,3.49762722317849132e-04,1.42495953782748172e-06,4.09772401906671746e-03,4.09772401906671746e-03,0.00000000000000000e+00,3.96077057090769946e+00,3.96077057090769946e+00,8.05762995087782374e-01,8.05762995087782374e-01,4.55402235700000801e+00,0,1,0,ok,radius labels permuted; distribution exactly preserved
120,5120,256,8.39999999999999969e-01,shape_descent,shape_channel,voro_radical,voro_radical_rebuilt,1,1,1.19374841120461303e-01,1.19315251633616490e-01,-5.95894868448132442e-05,7.63579034714939597e-02,7.63579034714939597e-02,0.00000000000000000e+00,1.14764494873869180e-01,1.14666568964591209e-01,-9.79259092779710683e-05,5.53856568884641853e-01,5.53856568884641853e-01,0.00000000000000000e+00,1.15190926733049054e+02,1.15190926733049054e+02,0.00000000000000000e+00,1.52524584044850975e-01,1.52524584044850975e-01,0.00000000000000000e+00,5.14699055957159368e-01,5.14699055957159368e-01,0.00000000000000000e+00,3.48337762780021650e-04,3.48337360719705078e-04,-4.02060316572090681e-10,4.09772401906671746e-03,4.09772401906671746e-03,0.00000000000000000e+00,3.96077057090769946e+00,3.96077057090769946e+00,8.05762995087782374e-01,8.05762995087782374e-01,5.55437618500002372e+00,0,1,0,ok,stochastic coordinate shape descent
121,5121,256,8.39999999999999969e-01,bounded_ricci_du010,sum_channel,voro_radical,voro_radical_fixed_topology,1,1,1.19871142940828956e-01,1.14538495082231517e-01,-5.33264785859743906e-03,7.04125257345508265e-02,5.11000517585597641e-02,-1.93124739759910624e-02,1.18619347261060645e-01,1.17039575177290842e-01,-1.57977208376980371e-03,5.11659268866855532e-01,3.72109644062509182e-01,-1.39549624804346351e-01,9.69614271904831355e+01,6.36260588114648158e+01,-3.33353683790183197e+01,1.42397849417807892e-01,1.11427467251178636e-01,-3.09703821666292567e-02,4.54690716586855892e-01,3.57040733642333130e-01,-9.76499829445227618e-02,7.79552723538420346e-04,1.37651436284051187e-01,1.36871883560512775e-01,5.03638789927141062e-03,9.16080629402089563e-02,8.65716750409375457e-02,3.96077057090769946e+00,4.04204663870420333e+00,8.23962565604831387e-01,8.82537858061544944e-01,1.20248095000079047e-01,1,1,1,ok,relative_bounded_ricci
121,5121,256,8.39999999999999969e-01,box_shear_aspect,shape_channel,voro_radical,voro_radical_rebuilt,1,1,1.19871142940828956e-01,1.19871142940828956e-01,0.00000000000000000e+00,7.04125257345508265e-02,7.04125257345508265e-02,0.00000000000000000e+00,1.18619347261060645e-01,1.18619347261060645e-01,0.00000000000000000e+00,5.11659268866855532e-01,5.11659268866855532e-01,0.00000000000000000e+00,9.69614271904831355e+01,9.69614271904831355e+01,0.00000000000000000e+00,1.42397849417807892e-01,1.42397849417807892e-01,0.00000000000000000e+00,4.54690716586855892e-01,4.54690716586855892e-01,0.00000000000000000e+00,7.79552723538420346e-04,7.79552723538420346e-04,0.00000000000000000e+00,5.03638789927141062e-03,5.03638789927141062e-03,0.00000000000000000e+00,3.96077057090769946e+00,3.96077057090769946e+00,8.23962565604831387e-01,8.23962565604831387e-01,4.80516007400001399e+00,0,0,0,ok,aspect-only box strain; shear omitted for rectangular voro++ container
121,5121,256,8.39999999999999969e-01,compression_step,coupled,voro_radical,voro_radical_rebuilt,1,1,1.19871142940828956e-01,1.19871142940828901e-01,-5.55111512312578270e-17,7.04125257345508265e-02,7.04125257345508404e-02,1.38777878078144568e-17,1.18619347261060645e-01,1.18619347261060701e-01,5.55111512312578270e-17,5.11659268866855532e-01,5.11659268866855532e-01,0.00000000000000000e+00,9.69614271904831355e+01,9.69614271904831355e+01,0.00000000000000000e+00,1.42397849417807892e-01,1.42397849417807892e-01,0.00000000000000000e+00,4.54690716586855892e-01,4.54690716586855892e-01,0.00000000000000000e+00,7.79552723538420346e-04,0.00000000000000000e+00,-7.79552723538420346e-04,5.03638789927141062e-03,0.00000000000000000e+00,-5.03638789927141062e-03,3.96077057090769946e+00,3.96077057090769946e+00,8.23962565604831387e-01,8.23962565604831387e-01,1.63871207700003652e+00,0,0,0,ok,local phi scan best endpoint
121,5121,256,8.39999999999999969e-01,free_ricci,sum_channel,voro_radical,voro_radical_fixed_topology,1,1,1.19871142940828956e-01,1.12870336044700412e-01,-7.00080689612854468e-03,7.04125257345508265e-02,6.94399488720039439e-12,-7.04125257276068256e-02,1.18619347261060645e-01,1.15345808876358702e-01,-3.27353838470194336e-03,5.11659268866855532e-01,4.86821781902193363e-11,-5.11659268818173363e-01,9.69614271904831355e+01,8.28432858853512331e-09,-9.69614271821988041e+01,1.42397849417807892e-01,2.28028777020846888e-10,-1.42397849189779102e-01,4.54690716586855892e-01,4.56954200964180234e-10,-4.54690716129901695e-01,7.79552723538420346e-04,4.18247008343998594e+00,4.18169053071644736e+00,5.03638789927141062e-03,4.95860426550954303e-01,4.90824038651682892e-01,3.96077057090769946e+00,4.88669391896684502e+00,8.23962565604831387e-01,9.23766795438179078e-01,1.71414936000019225e-01,1,1,1,ok,converged: max_abs_K < tol
121,5121,256,8.39999999999999969e-01,post_voro_surgery,topology,voro_radical,post_surgery_nonradical,1,1,1.19871142940828956e-01,1.36329593492272666e-01,1.64584505514437096e-02,7.04125257345508265e-02,6.58988967003924092e-02,-4.51362903415841732e-03,1.18619347261060645e-01,1.42853316849369777e-01,2.42339695883091316e-02,5.11659268866855532e-01,4.75234732619863931e-01,-3.64245362469916012e-02,9.69614271904831355e+01,6.94237550827522512e+01,-2.75376721077308844e+01,1.42397849417807892e-01,1.29758214864561350e-01,-1.26396345532465426e-02,4.54690716586855892e-01,3.28530187894316428e-01,-1.26160528692539464e-01,7.79552723538420346e-04,7.79552723538420346e-04,0.00000000000000000e+00,5.03638789927141062e-03,5.03638789927141062e-03,0.00000000000000000e+00,3.96077057090769946e+00,3.96077057090769946e+00,8.23962565604831387e-01,8.41216024194501255e-01,5.20819487340000933e+01,1,0,0,ok,light topology surgery; no longer radical
121,5121,256,8.39999999999999969e-01,radius_label_swap,sum_channel,voro_radical,voro_radical_rebuilt,1,1,1.19871142940828956e-01,1.19857941505667698e-01,-1.32014351612586012e-05,7.04125257345508265e-02,7.04036022325233019e-02,-8.92350202752467681e-06,1.18619347261060645e-01,1.18624586674606722e-01,5.23941354607648790e-06,5.11659268866855532e-01,5.11621110063565698e-01,-3.81588032898338980e-05,9.69614271904831355e+01,9.69654989459954919e+01,4.07175551235638977e-03,1.42397849417807892e-01,1.42404240183063996e-01,6.39076525610349222e-06,4.54690716586855892e-01,4.54694194975608090e-01,3.47838875219830257e-06,7.79552723538420346e-04,7.82953103007748242e-04,3.40037946932789624e-06,5.03638789927141062e-03,5.03638789927141062e-03,0.00000000000000000e+00,3.96077057090769946e+00,3.96077057090769946e+00,8.23962565604831387e-01,8.23962565604831387e-01,7.44898858500005190e+00,1,0,0,ok,radius labels permuted; distribution exactly preserved
121,5121,256,8.39999999999999969e-01,shape_descent,shape_channel,voro_radical,voro_radical_rebuilt,1,1,1.19871142940828956e-01,1.19777406878579393e-01,-9.37360622495636564e-05,7.04125257345508265e-02,7.04125257345508265e-02,0.00000000000000000e+00,1.18619347261060645e-01,1.18460373656490869e-01,-1.58973604569775939e-04,5.11659268866855532e-01,5.11659268866855532e-01,0.00000000000000000e+00,9.69614271904831355e+01,9.69614271904831355e+01,0.00000000000000000e+00,1.42397849417807892e-01,1.42397849417807892e-01,0.00000000000000000e+00,4.54690716586855892e-01,4.54690716586855892e-01,0.00000000000000000e+00,7.79552723538420346e-04,8.08370723020653209e-04,2.88179994822328634e-05,5.03638789927141062e-03,5.03638789927141062e-03,0.00000000000000000e+00,3.96077057090769946e+00,3.96077057090769946e+00,8.23962565604831387e-01,8.23962565604831387e-01,7.01069788699999208e+00,0,1,0,ok,stochastic coordinate shape descent
122,5122,256,8.39999999999999969e-01,bounded_ricci_du010,sum_channel,voro_radical,voro_radical_fixed_topology,1,1,1.22495272002991373e-01,1.16587277976982026e-01,-5.90799402600934720e-03,7.80052130503619684e-02,5.74501136574727678e-02,-2.05550993928892006e-02,1.19771869167883266e-01,1.18159816605421866e-01,-1.61205256246139961e-03,5.62699793719477537e-01,4.11714922366848257e-01,-1.50984871352629280e-01,1.03875530598410933e+02,7.15869895873655366e+01,-3.22885410110453961e+01,1.48626984515740967e-01,1.15082490793134637e-01,-3.35444937226063306e-02,4.71038370616803703e-01,3.98546838920657787e-01,-7.24915316961459166e-02,9.01416420856732429e-04,1.45717778777600476e-01,1.44816362356743750e-01,6.84459158873051976e-03,1.30398282836334367e-01,1.23553691247603847e-01,3.96077057090769946e+00,4.04882588340684801e+00,8.08513233562107581e-01,8.72470769260650370e-01,1.61825269000019034e-01,1,1,1,ok,relative_bounded_ricci
122,5122,256,8.39999999999999969e-01,box_shear_aspect,shape_channel,voro_radical,voro_radical_rebuilt,1,1,1.22495272002991373e-01,1.22495977394483813e-01,7.05391492439311207e-07,7.80052130503619684e-02,7.80052130503619545e-02,-1.38777878078144568e-17,1.19771869167883266e-01,1.19773305841976999e-01,1.43667409373271493e-06,5.62699793719477537e-01,5.62699793719477537e-01,0.00000000000000000e+00,1.03875530598410933e+02,1.03875530598410933e+02,0.00000000000000000e+00,1.48626984515740967e-01,1.48626984515740967e-01,0.00000000000000000e+00,4.71038370616803703e-01,4.71038370616803703e-01,0.00000000000000000e+00,9.01416420856732429e-04,8.96481273449092116e-04,-4.93514740764031297e-06,6.84459158873051976e-03,6.96732113215281501e-03,1.22729543422295251e-04,3.96077057090769946e+00,3.96077057090769946e+00,8.08513233562107581e-01,8.08513233562107581e-01,4.10866385100007392e+00,1,0,0,ok,aspect-only box strain; shear omitted for rectangular voro++ container
122,5122,256,8.39999999999999969e-01,compression_step,coupled,voro_radical,voro_radical_rebuilt,1,1,1.22495272002991373e-01,1.22495272002991470e-01,9.71445146547011973e-17,7.80052130503619684e-02,7.80052130503619823e-02,1.38777878078144568e-17,1.19771869167883266e-01,1.19771869167883308e-01,4.16333634234433703e-17,5.62699793719477537e-01,5.62699793719477537e-01,0.00000000000000000e+00,1.03875530598410933e+02,1.03875530598410933e+02,0.00000000000000000e+00,1.48626984515740967e-01,1.48626984515740967e-01,0.00000000000000000e+00,4.71038370616803703e-01,4.71038370616803703e-01,0.00000000000000000e+00,9.01416420856732429e-04,0.00000000000000000e+00,-9.01416420856732429e-04,6.84459158873051976e-03,0.00000000000000000e+00,-6.84459158873051976e-03,3.96077057090769946e+00,3.96077057090769946e+00,8.08513233562107581e-01,8.08513233562107581e-01,1.72915630999989389e+00,0,0,0,ok,local phi scan best endpoint
122,5122,256,8.39999999999999969e-01,free_ricci,sum_channel,voro_radical,voro_radical_fixed_topology,1,1,1.22495272002991373e-01,1.13388380040282330e-01,-9.10689196270904333e-03,7.80052130503619684e-02,7.63824645481054929e-12,-7.80052130427237173e-02,1.19771869167883266e-01,1.16085316456533888e-01,-3.68655271134937790e-03,5.62699793719477537e-01,5.21380256346239237e-11,-5.62699793667339465e-01,1.03875530598410933e+02,8.91775519341418209e-09,-1.03875530589493181e+02,1.48626984515740967e-01,2.45498072204798912e-10,-1.48626984270242901e-01,4.71038370616803703e-01,4.57283510175854895e-10,-4.71038370159520214e-01,9.01416420856732429e-04,4.35551948294793245e+00,4.35461806652707573e+00,6.84459158873051976e-03,6.05725757999466374e-01,5.98881166410735855e-01,3.96077057090769946e+00,4.52078015128638722e+00,8.08513233562107581e-01,9.26113068372172443e-01,1.96464341000023524e-01,1,1,1,ok,converged: max_abs_K < tol
122,5122,256,8.39999999999999969e-01,post_voro_surgery,topology,voro_radical,post_surgery_nonradical,1,1,1.22495272002991373e-01,1.49223352160628903e-01,2.67280801576375293e-02,7.80052130503619684e-02,6.30701919410263795e-02,-1.49350211093355889e-02,1.19771869167883266e-01,1.58318432548235993e-01,3.85465633803527274e-02,5.62699793719477537e-01,4.56411551334186871e-01,-1.06288242385290665e-01,1.03875530598410933e+02,6.71674320824969868e+01,-3.67080985159139459e+01,1.48626984515740967e-01,1.25199219310836107e-01,-2.34277652049048601e-02,4.71038370616803703e-01,3.30685372868119720e-01,-1.40352997748683983e-01,9.01416420856732429e-04,9.01416420856732429e-04,0.00000000000000000e+00,6.84459158873051976e-03,6.84459158873051976e-03,0.00000000000000000e+00,3.96077057090769946e+00,3.96077057090769946e+00,8.08513233562107581e-01,8.54269382314253312e-01,5.35935383109999748e+01,1,0,0,ok,light topology surgery; no longer radical
122,5122,256,8.39999999999999969e-01,radius_label_swap,sum_channel,voro_radical,voro_radical_rebuilt,1,1,1.22495272002991373e-01,1.22486552364978921e-01,-8.71963801245267955e-06,7.80052130503619684e-02,7.79900721799900026e-02,-1.51408703719657645e-05,1.19771869167883266e-01,1.19770489108234415e-01,-1.38005964885057342e-06,5.62699793719477537e-01,5.62523930128532523e-01,-1.75863590945013470e-04,1.03875530598410933e+02,1.03857939145762998e+02,-1.75914526479346023e-02,1.48626984515740967e-01,1.48599513510248582e-01,-2.74710054923854585e-05,4.71038370616803703e-01,4.71040942664297968e-01,2.57204749426476198e-06,9.01416420856732429e-04,9.01484449867671683e-04,6.80290109392536757e-08,6.84459158873051976e-03,6.84459158873051976e-03,0.00000000000000000e+00,3.96077057090769946e+00,3.96077057090769946e+00,8.08513233562107581e-01,8.08585187098554647e-01,5.91359715399994457e+00,1,1,1,ok,radius labels permuted; distribution exactly preserved
122,5122,256,8.39999999999999969e-01,shape_descent,shape_channel,voro_radical,voro_radical_rebuilt,1,1,1.22495272002991373e-01,1.22409839543747678e-01,-8.54324592436950248e-05,7.80052130503619684e-02,7.80052130503619684e-02,0.00000000000000000e+00,1.19771869167883266e-01,1.19697946023193169e-01,-7.39231446900967537e-05,5.62699793719477537e-01,5.62699793719477537e-01,0.00000000000000000e+00,1.03875530598410933e+02,1.03875530598410933e+02,0.00000000000000000e+00,1.48626984515740967e-01,1.48626984515740967e-01,0.00000000000000000e+00,4.71038370616803703e-01,4.71038370616803703e-01,0.00000000000000000e+00,9.01416420856732429e-04,9.25305530276416925e-04,2.38891094196844959e-05,6.84459158873051976e-03,6.84459158873051976e-03,0.00000000000000000e+00,3.96077057090769946e+00,3.96077057090769946e+00,8.08513233562107581e-01,8.08513233562107581e-01,6.28416929299999083e+00,0,1,0,ok,stochastic coordinate shape descent
123,5123,256,8.39999999999999969e-01,bounded_ricci_du010,sum_channel,voro_radical,voro_radical_fixed_topology,1,1,1.25624979973153972e-01,1.20027251739007801e-01,-5.59772823414617093e-03,7.55847284815990561e-02,5.72848234332004325e-02,-1.82999050483986236e-02,1.24466536516326887e-01,1.23021585112000523e-01,-1.44495140432636393e-03,5.56545318606319062e-01,4.19101048892277728e-01,-1.37444269714041334e-01,1.15741284348938677e+02,7.80014083115979702e+01,-3.77398760373407072e+01,1.52377571651050786e-01,1.21507430126017849e-01,-3.08701415250329375e-02,5.18290587927660917e-01,4.17117326592097770e-01,-1.01173261335563147e-01,2.09308204637893153e-03,1.18696252143274103e-01,1.16603170096895165e-01,8.62732656631060024e-03,1.12125022560234822e-01,1.03497695993924221e-01,3.96077057090769946e+00,3.84284305917401392e+00,7.84201857495268606e-01,8.43767962533736982e-01,1.75112624999997024e-01,1,1,1,ok,relative_bounded_ricci
123,5123,256,8.39999999999999969e-01,box_shear_aspect,shape_channel,voro_radical,voro_radical_rebuilt,1,1,1.25624979973153972e-01,1.25624927736952718e-01,-5.22362012533861275e-08,7.55847284815990561e-02,7.55847284815990422e-02,-1.38777878078144568e-17,1.24466536516326887e-01,1.24464848059594138e-01,-1.68845673274853336e-06,5.56545318606319062e-01,5.56545318606319062e-01,0.00000000000000000e+00,1.15741284348938677e+02,1.15741284348938677e+02,0.00000000000000000e+00,1.52377571651050786e-01,1.52377571651050786e-01,0.00000000000000000e+00,5.18290587927660917e-01,5.18290587927660917e-01,0.00000000000000000e+00,2.09308204637893153e-03,2.09268382147039791e-03,-3.98224908533615501e-07,8.62732656631060024e-03,8.63238751309358676e-03,5.06094678298651957e-06,3.96077057090769946e+00,3.96077057090769946e+00,7.84201857495268606e-01,7.84201857495268606e-01,3.75341756800003168e+00,1,1,1,ok,aspect-only box strain; shear omitted for rectangular voro++ container
123,5123,256,8.39999999999999969e-01,compression_step,coupled,voro_radical,voro_radical_rebuilt,1,1,1.25624979973153972e-01,1.25624979973154000e-01,2.77555756156289135e-17,7.55847284815990561e-02,7.55847284815990561e-02,0.00000000000000000e+00,1.24466536516326887e-01,1.24466536516326901e-01,1.38777878078144568e-17,5.56545318606319062e-01,5.56545318606319062e-01,0.00000000000000000e+00,1.15741284348938677e+02,1.15741284348938677e+02,0.00000000000000000e+00,1.52377571651050786e-01,1.52377571651050786e-01,0.00000000000000000e+00,5.18290587927660917e-01,5.18290587927660917e-01,0.00000000000000000e+00,2.09308204637893153e-03,0.00000000000000000e+00,-2.09308204637893153e-03,8.62732656631060024e-03,0.00000000000000000e+00,-8.62732656631060024e-03,3.96077057090769946e+00,3.96077057090769946e+00,7.84201857495268606e-01,7.84201857495268606e-01,1.26811006700006601e+00,0,0,0,ok,local phi scan best endpoint
123,5123,256,8.39999999999999969e-01,free_ricci,sum_channel,voro_radical,voro_radical_fixed_topology,1,1,1.25624979973153972e-01,1.17969784867571550e-01,-7.65519510558242133e-03,7.55847284815990561e-02,7.51070160237521481e-12,-7.55847284740883557e-02,1.24466536516326887e-01,1.21045280988801462e-01,-3.42125552752542417e-03,5.56545318606319062e-01,5.01822911222093754e-11,-5.56545318556136759e-01,1.15741284348938677e+02,8.03216101102067993e-09,-1.15741284340906518e+02,1.52377571651050786e-01,2.31895917542492844e-10,-1.52377571419154867e-01,5.18290587927660917e-01,4.46116685310991087e-10,-5.18290587481544218e-01,2.09308204637893153e-03,4.94863537132658937e+00,4.94654228928021045e+00,8.62732656631060024e-03,6.80128312273591273e-01,6.71500985707280673e-01,3.96077057090769946e+00,5.54614193190645999e+00,7.84201857495268606e-01,9.05463769995563661e-01,1.89465263999977651e-01,1,1,1,ok,converged: max_abs_K < tol
123,5123,256,8.39999999999999969e-01,post_voro_surgery,topology,voro_radical,post_surgery_nonradical,1,1,1.25624979973153972e-01,1.43317101719211776e-01,1.76921217460578040e-02,7.55847284815990561e-02,6.73232514466020754e-02,-8.26147703499698072e-03,1.24466536516326887e-01,1.50658728588692725e-01,2.61921920723658386e-02,5.56545318606319062e-01,4.88880076079992010e-01,-6.76652425263270518e-02,1.15741284348938677e+02,7.66754486470877197e+01,-3.90658357018509577e+01,1.52377571651050786e-01,1.38340820976540269e-01,-1.40367506745105175e-02,5.18290587927660917e-01,3.44172004193748327e-01,-1.74118583733912591e-01,2.09308204637893153e-03,2.09308204637893153e-03,0.00000000000000000e+00,8.62732656631060024e-03,8.62732656631060024e-03,0.00000000000000000e+00,3.96077057090769946e+00,3.96077057090769946e+00,7.84201857495268606e-01,8.33445341735964629e-01,5.38762130229999912e+01,1,0,0,ok,light topology surgery; no longer radical
123,5123,256,8.39999999999999969e-01,radius_label_swap,sum_channel,voro_radical,voro_radical_rebuilt,1,1,1.25624979973153972e-01,1.25623831581563788e-01,-1.14839159018331749e-06,7.55847284815990561e-02,7.55867369342851925e-02,2.00845268613636385e-06,1.24466536516326887e-01,1.24465319984258749e-01,-1.21653206813787662e-06,5.56545318606319062e-01,5.56540391512346133e-01,-4.92709397292845352e-06,1.15741284348938677e+02,1.15740741435585974e+02,-5.42913352703067176e-04,1.52377571651050786e-01,1.52375792730514825e-01,-1.77892053596084843e-06,5.18290587927660917e-01,5.18293876983173085e-01,3.28905551216784886e-06,2.09308204637893153e-03,2.08828321261761082e-03,-4.79883376132070327e-06,8.62732656631060024e-03,8.62732656631060024e-03,0.00000000000000000e+00,3.96077057090769946e+00,3.96077057090769946e+00,7.84201857495268606e-01,7.84179580693242340e-01,5.27288509300001351e+00,0,1,0,ok,radius labels permuted; distribution exactly preserved
123,5123,256,8.39999999999999969e-01,shape_descent,shape_channel,voro_radical,voro_radical_rebuilt,1,1,1.25624979973153972e-01,1.25649775887771514e-01,2.47959146175424916e-05,7.55847284815990561e-02,7.55847284815990561e-02,0.00000000000000000e+00,1.24466536516326887e-01,1.24489600733725919e-01,2.30642173990325272e-05,5.56545318606319062e-01,5.56545318606319062e-01,0.00000000000000000e+00,1.15741284348938677e+02,1.15741284348938677e+02,0.00000000000000000e+00,1.52377571651050786e-01,1.52377571651050786e-01,0.00000000000000000e+00,5.18290587927660917e-01,5.18290587927660917e-01,0.00000000000000000e+00,2.09308204637893153e-03,2.16034725304043882e-03,6.72652066615072979e-05,8.62732656631060024e-03,8.62732656631060024e-03,0.00000000000000000e+00,3.96077057090769946e+00,3.96077057090769946e+00,7.84201857495268606e-01,7.84201857495268606e-01,6.20721651899998506e+00,0,0,0,ok,stochastic coordinate shape descent
124,5124,256,8.39999999999999969e-01,bounded_ricci_du010,sum_channel,voro_radical,voro_radical_fixed_topology,1,1,1.17358501622041755e-01,1.12908298685323705e-01,-4.45020293671805067e-03,6.87700321545320903e-02,5.12045505186063468e-02,-1.75654816359257435e-02,1.17643809666845567e-01,1.16447626936790255e-01,-1.19618273005531184e-03,5.01678504671891901e-01,3.71594339525453177e-01,-1.30084165146438724e-01,9.43721066464865714e+01,6.33736065628679341e+01,-3.09985000836186373e+01,1.36854299516560834e-01,1.07654184018780963e-01,-2.92001154977798716e-02,4.60144822698690781e-01,3.69006528117622856e-01,-9.11382945810679246e-02,1.84532401280706874e-03,1.34745789315951714e-01,1.32900465303144644e-01,7.30526567500833224e-03,1.27341570914465185e-01,1.20036305239456853e-01,3.96077057090769946e+00,4.07285346372090284e+00,8.22257884316752841e-01,8.73122588729938087e-01,1.44768270999975357e-01,1,1,1,ok,relative_bounded_ricci
124,5124,256,8.39999999999999969e-01,box_shear_aspect,shape_channel,voro_radical,voro_radical_rebuilt,1,1,1.17358501622041755e-01,1.17358501622041755e-01,0.00000000000000000e+00,6.87700321545320903e-02,6.87700321545320903e-02,0.00000000000000000e+00,1.17643809666845567e-01,1.17643809666845567e-01,0.00000000000000000e+00,5.01678504671891901e-01,5.01678504671891901e-01,0.00000000000000000e+00,9.43721066464865714e+01,9.43721066464865714e+01,0.00000000000000000e+00,1.36854299516560834e-01,1.36854299516560834e-01,0.00000000000000000e+00,4.60144822698690781e-01,4.60144822698690781e-01,0.00000000000000000e+00,1.84532401280706874e-03,1.84532401280706874e-03,0.00000000000000000e+00,7.30526567500833224e-03,7.30526567500833224e-03,0.00000000000000000e+00,3.96077057090769946e+00,3.96077057090769946e+00,8.22257884316752841e-01,8.22257884316752841e-01,2.50448032199994941e+00,0,0,0,ok,aspect-only box strain; shear omitted for rectangular voro++ container
124,5124,256,8.39999999999999969e-01,compression_step,coupled,voro_radical,voro_radical_rebuilt,1,1,1.17358501622041755e-01,1.17358501622041630e-01,-1.24900090270330111e-16,6.87700321545320903e-02,6.87700321545321180e-02,2.77555756156289135e-17,1.17643809666845567e-01,1.17643809666845511e-01,-5.55111512312578270e-17,5.01678504671891901e-01,5.01678504671891901e-01,0.00000000000000000e+00,9.43721066464865714e+01,9.43721066464865714e+01,0.00000000000000000e+00,1.36854299516560834e-01,1.36854299516560834e-01,0.00000000000000000e+00,4.60144822698690781e-01,4.60144822698690781e-01,0.00000000000000000e+00,1.84532401280706874e-03,0.00000000000000000e+00,-1.84532401280706874e-03,7.30526567500833224e-03,0.00000000000000000e+00,-7.30526567500833224e-03,3.96077057090769946e+00,3.96077057090769946e+00,8.22257884316752841e-01,8.22257884316752841e-01,7.77331417000027614e-01,0,1,0,ok,local phi scan best endpoint
124,5124,256,8.39999999999999969e-01,free_ricci,sum_channel,voro_radical,voro_radical_fixed_topology,1,1,1.17358501622041755e-01,1.13569005627239358e-01,-3.78949599480239707e-03,6.87700321545320903e-02,6.69257573329608002e-12,-6.87700321478395132e-02,1.17643809666845567e-01,1.16134669354027012e-01,-1.50914031281855487e-03,5.01678504671891901e-01,4.62671758452618533e-11,-5.01678504625624688e-01,9.43721066464865714e+01,7.82926109704379282e-09,-9.43721066386573142e+01,1.36854299516560834e-01,2.16398250951934398e-10,-1.36854299300162574e-01,4.60144822698690781e-01,4.31690060898755717e-10,-4.60144822267000708e-01,1.84532401280706874e-03,3.60548293591292213e+00,3.60363761190011500e+00,7.30526567500833224e-03,5.49844810111682625e-01,5.42539544436674293e-01,3.96077057090769946e+00,4.95137704658020894e+00,8.22257884316752841e-01,9.16005240605752835e-01,1.34506451999982346e-01,1,1,1,ok,converged: max_abs_K < tol
124,5124,256,8.39999999999999969e-01,post_voro_surgery,topology,voro_radical,post_surgery_nonradical,1,1,1.17358501622041755e-01,1.34162734329079103e-01,1.68042327070373476e-02,6.87700321545320903e-02,6.46326407876041675e-02,-4.13739136692792275e-03,1.17643809666845567e-01,1.39198414274259441e-01,2.15546046074138742e-02,5.01678504671891901e-01,4.69109843130445181e-01,-3.25686615414467195e-02,9.43721066464865714e+01,7.72744900705177287e+01,-1.70976165759688428e+01,1.36854299516560834e-01,1.34721666645724686e-01,-2.13263287083614861e-03,4.60144822698690781e-01,3.63798872616380942e-01,-9.63459500823098391e-02,1.84532401280706874e-03,1.84532401280706874e-03,0.00000000000000000e+00,7.30526567500833224e-03,7.30526567500833224e-03,0.00000000000000000e+00,3.96077057090769946e+00,3.96077057090769946e+00,8.22257884316752841e-01,8.35156812639236690e-01,3.84584241909999491e+01,1,0,0,ok,light topology surgery; no longer radical
124,5124,256,8.39999999999999969e-01,radius_label_swap,sum_channel,voro_radical,voro_radical_rebuilt,1,1,1.17358501622041755e-01,1.17387626930407343e-01,2.91253083655879097e-05,6.87700321545320903e-02,6.87696474248516570e-02,-3.84729680433237853e-07,1.17643809666845567e-01,1.17602101804522949e-01,-4.17078623226180278e-05,5.01678504671891901e-01,5.02241192471849396e-01,5.62687799957495294e-04,9.43721066464865714e+01,9.44032566223102947e+01,3.11499758237232527e-02,1.36854299516560834e-01,1.36866018344378282e-01,1.17188278174473748e-05,4.60144822698690781e-01,4.60312142903127774e-01,1.67320204436993691e-04,1.84532401280706874e-03,1.83067610857575282e-03,-1.46479042313159193e-05,7.30526567500833224e-03,7.30526567500833224e-03,0.00000000000000000e+00,3.96077057090769946e+00,3.96077057090769946e+00,8.22257884316752841e-01,8.20856764837908481e-01,8.25933996300000217e+00,1,1,1,ok,radius labels permuted; distribution exactly preserved
124,5124,256,8.39999999999999969e-01,shape_descent,shape_channel,voro_radical,voro_radical_rebuilt,1,1,1.17358501622041755e-01,1.17341536965208715e-01,-1.69646568330406033e-05,6.87700321545320903e-02,6.87700321545320903e-02,0.00000000000000000e+00,1.17643809666845567e-01,1.17648532035592598e-01,4.72236874703158005e-06,5.01678504671891901e-01,5.01678504671891901e-01,0.00000000000000000e+00,9.43721066464865714e+01,9.43721066464865714e+01,0.00000000000000000e+00,1.36854299516560834e-01,1.36854299516560834e-01,0.00000000000000000e+00,4.60144822698690781e-01,4.60144822698690781e-01,0.00000000000000000e+00,1.84532401280706874e-03,1.87543416988517129e-03,3.01101570781025542e-05,7.30526567500833224e-03,7.30526567500833224e-03,0.00000000000000000e+00,3.96077057090769946e+00,3.96077057090769946e+00,8.22257884316752841e-01,8.22257884316752841e-01,3.65952371399998810e+00,0,0,0,ok,stochastic coordinate shape descent
125,5125,256,8.39999999999999969e-01,bounded_ricci_du010,sum_channel,voro_radical,voro_radical_fixed_topology,1,1,1.22667356164910771e-01,1.17923309217434491e-01,-4.74404694747627975e-03,7.31196403979622600e-02,5.88279423353998687e-02,-1.42916980625623913e-02,1.17299725550409545e-01,1.15803592444412531e-01,-1.49613310599701343e-03,5.40137301011905158e-01,4.34549649826056206e-01,-1.05587651185848952e-01,1.30804762563219782e+02,9.82743578571130740e+01,-3.25304047061067081e+01,1.50670531905421345e-01,1.26807057312313898e-01,-2.38634745931074477e-02,5.91233274739160319e-01,5.10462235264929509e-01,-8.07710394742308102e-02,4.69306968464455992e-04,7.63578469891500605e-02,7.58885400206856103e-02,4.47786305457587019e-03,6.70335461681514921e-02,6.25556831135756219e-02,3.96077057090769946e+00,3.79123452217801127e+00,7.98101560029675472e-01,8.45471183462354281e-01,1.45480668999994123e-01,1,1,1,ok,relative_bounded_ricci
125,5125,256,8.39999999999999969e-01,box_shear_aspect,shape_channel,voro_radical,voro_radical_rebuilt,1,1,1.22667356164910771e-01,1.22667162178539194e-01,-1.93986371577192784e-07,7.31196403979622600e-02,7.31196403979622878e-02,2.77555756156289135e-17,1.17299725550409545e-01,1.17299742695999909e-01,1.71455903641426488e-08,5.40137301011905158e-01,5.40137301011905158e-01,0.00000000000000000e+00,1.30804762563219782e+02,1.30804762563219782e+02,0.00000000000000000e+00,1.50670531905421345e-01,1.50670531905421345e-01,0.00000000000000000e+00,5.91233274739160319e-01,5.91233274739160319e-01,0.00000000000000000e+00,4.69306968464455992e-04,4.68953734899607946e-04,-3.53233564848046480e-07,4.47786305457587019e-03,4.47226736105865719e-03,-5.59569351721300734e-06,3.96077057090769946e+00,3.96077057090769946e+00,7.98101560029675472e-01,7.98101560029675472e-01,3.79998719200000323e+00,0,0,0,ok,aspect-only box strain; shear omitted for rectangular voro++ container
125,5125,256,8.39999999999999969e-01,compression_step,coupled,voro_radical,voro_radical_rebuilt,1,1,1.22667356164910771e-01,1.22667356164910701e-01,-6.93889390390722838e-17,7.31196403979622600e-02,7.31196403979622600e-02,0.00000000000000000e+00,1.17299725550409545e-01,1.17299725550409559e-01,1.38777878078144568e-17,5.40137301011905158e-01,5.40137301011905158e-01,0.00000000000000000e+00,1.30804762563219782e+02,1.30804762563219782e+02,0.00000000000000000e+00,1.50670531905421345e-01,1.50670531905421345e-01,0.00000000000000000e+00,5.91233274739160319e-01,5.91233274739160319e-01,0.00000000000000000e+00,4.69306968464455992e-04,0.00000000000000000e+00,-4.69306968464455992e-04,4.47786305457587019e-03,0.00000000000000000e+00,-4.47786305457587019e-03,3.96077057090769946e+00,3.96077057090769946e+00,7.98101560029675472e-01,7.98101560029675472e-01,1.20220368200000394e+00,0,0,0,ok,local phi scan best endpoint
125,5125,256,8.39999999999999969e-01,free_ricci,sum_channel,voro_radical,voro_radical_fixed_topology,1,1,1.22667356164910771e-01,1.10544616036007584e-01,-1.21227401289031866e-02,7.31196403979622600e-02,6.57104419790962800e-12,-7.31196403913912107e-02,1.17299725550409545e-01,1.13154314794510713e-01,-4.14541075589883179e-03,5.40137301011905158e-01,4.62208147963212838e-11,-5.40137300965684353e-01,1.30804762563219782e+02,7.75355232919448677e-09,-1.30804762555466226e+02,1.50670531905421345e-01,2.15440156755520296e-10,-1.50670531689981180e-01,5.91233274739160319e-01,4.45841048169402472e-10,-5.91233274293319289e-01,4.69306968464455992e-04,4.14495456434644005e+00,4.14448525737797535e+00,4.47786305457587019e-03,5.28798211656104744e-01,5.24320348601528874e-01,3.96077057090769946e+00,4.52426704435854976e+00,7.98101560029675472e-01,9.19953570370670826e-01,1.11261939999963033e-01,1,1,1,ok,converged: max_abs_K < tol
125,5125,256,8.39999999999999969e-01,post_voro_surgery,topology,voro_radical,post_surgery_nonradical,1,1,1.22667356164910771e-01,1.33823659682943436e-01,1.11563035180326647e-02,7.31196403979622600e-02,6.72298135585390755e-02,-5.88982683942318452e-03,1.17299725550409545e-01,1.34791171944291910e-01,1.74914463938823650e-02,5.40137301011905158e-01,5.04688349616990828e-01,-3.54489513949143298e-02,1.30804762563219782e+02,9.07097462082811035e+01,-4.00950163549386787e+01,1.50670531905421345e-01,1.36590298034083596e-01,-1.40802338713377495e-02,5.91233274739160319e-01,4.40648676484097834e-01,-1.50584598255062485e-01,4.69306968464455992e-04,4.69306968464455992e-04,0.00000000000000000e+00,4.47786305457587019e-03,4.47786305457587019e-03,0.00000000000000000e+00,3.96077057090769946e+00,3.96077057090769946e+00,7.98101560029675472e-01,8.14214233896463857e-01,4.84336408980000215e+01,1,0,0,ok,light topology surgery; no longer radical
125,5125,256,8.39999999999999969e-01,radius_label_swap,sum_channel,voro_radical,voro_radical_rebuilt,1,1,1.22667356164910771e-01,1.22667769633771198e-01,4.13468860427368412e-07,7.31196403979622600e-02,7.31182750083063659e-02,-1.36538965589405592e-06,1.17299725550409545e-01,1.17299701165809456e-01,-2.43846000891334569e-08,5.40137301011905158e-01,5.40171908932943312e-01,3.46079210381544655e-05,1.30804762563219782e+02,1.30816034887313322e+02,1.12723240935395097e-02,1.50670531905421345e-01,1.50677224066218501e-01,6.69216079715595491e-06,5.91233274739160319e-01,5.91262697150337413e-01,2.94224111770935437e-05,4.69306968464455992e-04,4.69306931950754587e-04,-3.65137014048978747e-11,4.47786305457587019e-03,4.47786305457587019e-03,0.00000000000000000e+00,3.96077057090769946e+00,3.96077057090769946e+00,7.98101560029675472e-01,7.98101560029675472e-01,3.85145417399996859e+00,1,1,1,ok,radius labels permuted; distribution exactly preserved
125,5125,256,8.39999999999999969e-01,shape_descent,shape_channel,voro_radical,voro_radical_rebuilt,1,1,1.22667356164910771e-01,1.22709774415023995e-01,4.24182501132241985e-05,7.31196403979622600e-02,7.31196403979622600e-02,0.00000000000000000e+00,1.17299725550409545e-01,1.17359851760160450e-01,6.01262097509047688e-05,5.40137301011905158e-01,5.40137301011905158e-01,0.00000000000000000e+00,1.30804762563219782e+02,1.30804762563219782e+02,0.00000000000000000e+00,1.50670531905421345e-01,1.50670531905421345e-01,0.00000000000000000e+00,5.91233274739160319e-01,5.91233274739160319e-01,0.00000000000000000e+00,4.69306968464455992e-04,4.73148385482730376e-04,3.84141701827438349e-06,4.47786305457587019e-03,4.47786305457587019e-03,0.00000000000000000e+00,3.96077057090769946e+00,3.96077057090769946e+00,7.98101560029675472e-01,7.98101560029675472e-01,4.39667351599996437e+00,0,0,0,ok,stochastic coordinate shape descent
126,5126,256,8.39999999999999969e-01,bounded_ricci_du010,sum_channel,voro_radical,voro_radical_fixed_topology,1,1,1.23203831497865804e-01,1.19129159129788234e-01,-4.07467236807756983e-03,6.80559341289625752e-02,5.03508022153990181e-02,-1.77051319135635571e-02,1.23925262440875011e-01,1.22512379935008936e-01,-1.41288250586607544e-03,5.28032223970371306e-01,3.87254746796784288e-01,-1.40777477173587018e-01,1.00363419351202111e+02,7.00506969865155611e+01,-3.03127223646865502e+01,1.44301717399871937e-01,1.13669007833025318e-01,-3.06327095668466193e-02,4.67089166305154124e-01,3.93065143538360362e-01,-7.40240227667937623e-02,2.44355028541339177e-03,1.52673489062605666e-01,1.50229938777192262e-01,9.69500996661709635e-03,1.18642968395587634e-01,1.08947958428970537e-01,3.96077057090769946e+00,3.68375025520193056e+00,8.04143748517165302e-01,8.62744594475503002e-01,1.49553299999979572e-01,1,1,1,ok,relative_bounded_ricci
126,5126,256,8.39999999999999969e-01,box_shear_aspect,shape_channel,voro_radical,voro_radical_rebuilt,1,1,1.23203831497865804e-01,1.23203006080451871e-01,-8.25417413932716393e-07,6.80559341289625752e-02,6.80559341289625891e-02,1.38777878078144568e-17,1.23925262440875011e-01,1.23924727717871705e-01,-5.34723003306480926e-07,5.28032223970371306e-01,5.28032223970371306e-01,0.00000000000000000e+00,1.00363419351202111e+02,1.00363419351202111e+02,0.00000000000000000e+00,1.44301717399871937e-01,1.44301717399871937e-01,0.00000000000000000e+00,4.67089166305154124e-01,4.67089166305154124e-01,0.00000000000000000e+00,2.44355028541339177e-03,2.44256784695124577e-03,-9.82438462145997227e-07,9.69500996661709635e-03,9.72194152423844216e-03,2.69315576213458030e-05,3.96077057090769946e+00,3.96077057090769946e+00,8.04143748517165302e-01,8.04143748517165302e-01,3.30855959300004088e+00,0,1,0,ok,aspect-only box strain; shear omitted for rectangular voro++ container
126,5126,256,8.39999999999999969e-01,compression_step,coupled,voro_radical,voro_radical_rebuilt,1,1,1.23203831497865804e-01,1.23638140519779685e-01,4.34309021913881210e-04,6.80559341289625752e-02,7.03046252793157606e-02,2.24869115035318534e-03,1.23925262440875011e-01,1.24329935016640206e-01,4.04672575765194220e-04,5.28032223970371306e-01,5.38348395115221701e-01,1.03161711448503945e-02,1.00363419351202111e+02,1.15435080039644220e+02,1.50716606884421083e+01,1.44301717399871937e-01,1.49906572515242920e-01,5.60485511537098247e-03,4.67089166305154124e-01,5.24550730114681452e-01,5.74615638095273273e-02,2.44355028541339177e-03,0.00000000000000000e+00,-2.44355028541339177e-03,9.69500996661709635e-03,0.00000000000000000e+00,-9.69500996661709635e-03,3.96077057090769946e+00,3.96077057090769946e+00,8.04143748517165302e-01,8.01587757654904753e-01,2.05803742199998396e+00,0,0,0,ok,local phi scan best endpoint
126,5126,256,8.39999999999999969e-01,free_ricci,sum_channel,voro_radical,voro_radical_fixed_topology,1,1,1.23203831497865804e-01,1.19310315577425274e-01,-3.89351592044052952e-03,6.80559341289625752e-02,6.70453188943396785e-12,-6.80559341222580494e-02,1.23925262440875011e-01,1.21870822664831124e-01,-2.05443977604388706e-03,5.28032223970371306e-01,4.76174078266249171e-11,-5.28032223922753952e-01,1.00363419351202111e+02,7.97564640020681454e-09,-1.00363419343226468e+02,1.44301717399871937e-01,2.21825681447272848e-10,-1.44301717178046268e-01,4.67089166305154124e-01,4.55292425836966453e-10,-4.67089165849861709e-01,2.44355028541339177e-03,4.37833879483774080e+00,4.37589524455232759e+00,9.69500996661709635e-03,5.63392906559999407e-01,5.53697896593382310e-01,3.96077057090769946e+00,4.47689774733585910e+00,8.04143748517165302e-01,9.18217011895449131e-01,1.81886650000024019e-01,1,1,1,ok,converged: max_abs_K < tol
126,5126,256,8.39999999999999969e-01,post_voro_surgery,topology,voro_radical,post_surgery_nonradical,1,1,1.23203831497865804e-01,1.34515510291841528e-01,1.13116787939757241e-02,6.80559341289625752e-02,5.87450309514885374e-02,-9.31090317747403778e-03,1.23925262440875011e-01,1.41114518885660373e-01,1.71892564447853613e-02,5.28032223970371306e-01,4.48710604065176988e-01,-7.93216199051943183e-02,1.00363419351202111e+02,7.28351248604820114e+01,-2.75282944907200999e+01,1.44301717399871937e-01,1.31301407687334643e-01,-1.30003097125372946e-02,4.67089166305154124e-01,3.46559120282379840e-01,-1.20530046022774284e-01,2.44355028541339177e-03,2.44355028541339177e-03,0.00000000000000000e+00,9.69500996661709635e-03,9.69500996661709635e-03,0.00000000000000000e+00,3.96077057090769946e+00,3.96077057090769946e+00,8.04143748517165302e-01,8.39817686318292012e-01,5.91762951939999766e+01,1,0,0,ok,light topology surgery; no longer radical
126,5126,256,8.39999999999999969e-01,radius_label_swap,sum_channel,voro_radical,voro_radical_rebuilt,1,1,1.23203831497865804e-01,1.23203831497865804e-01,0.00000000000000000e+00,6.80559341289625752e-02,6.80559341289625752e-02,0.00000000000000000e+00,1.23925262440875011e-01,1.23925262440875011e-01,0.00000000000000000e+00,5.28032223970371306e-01,5.28032223970371306e-01,0.00000000000000000e+00,1.00363419351202111e+02,1.00363419351202111e+02,0.00000000000000000e+00,1.44301717399871937e-01,1.44301717399871937e-01,0.00000000000000000e+00,4.67089166305154124e-01,4.67089166305154124e-01,0.00000000000000000e+00,2.44355028541339177e-03,2.44355028541339177e-03,0.00000000000000000e+00,9.69500996661709635e-03,9.69500996661709635e-03,0.00000000000000000e+00,3.96077057090769946e+00,3.96077057090769946e+00,8.04143748517165302e-01,8.04143748517165302e-01,5.42604949600001873e+00,0,0,0,ok,radius labels permuted; distribution exactly preserved
126,5126,256,8.39999999999999969e-01,shape_descent,shape_channel,voro_radical,voro_radical_rebuilt,1,1,1.23203831497865804e-01,1.23198395728805379e-01,-5.43576906042453345e-06,6.80559341289625752e-02,6.80559341289625752e-02,0.00000000000000000e+00,1.23925262440875011e-01,1.23918100609541837e-01,-7.16183133317449538e-06,5.28032223970371306e-01,5.28032223970371306e-01,0.00000000000000000e+00,1.00363419351202111e+02,1.00363419351202111e+02,0.00000000000000000e+00,1.44301717399871937e-01,1.44301717399871937e-01,0.00000000000000000e+00,4.67089166305154124e-01,4.67089166305154124e-01,0.00000000000000000e+00,2.44355028541339177e-03,2.49665792310035895e-03,5.31076376869671872e-05,9.69500996661709635e-03,9.69500996661709635e-03,0.00000000000000000e+00,3.96077057090769946e+00,3.96077057090769946e+00,8.04143748517165302e-01,8.04143748517165302e-01,5.94624820299998191e+00,0,1,0,ok,stochastic coordinate shape descent
127,5127,256,8.39999999999999969e-01,bounded_ricci_du010,sum_channel,voro_radical,voro_radical_fixed_topology,1,1,1.16879172141418311e-01,1.13405828721400412e-01,-3.47334342001789920e-03,6.54934936720770189e-02,5.16112043178831581e-02,-1.38822893541938608e-02,1.19028490415849036e-01,1.18078370048726553e-01,-9.50120367122483933e-04,4.92855056365155586e-01,3.87671697843546048e-01,-1.05183358521609538e-01,1.04133895578008207e+02,7.26355246446585880e+01,-3.14983709333496193e+01,1.36585511616315547e-01,1.12871657938151390e-01,-2.37138536781641568e-02,5.10536530942671152e-01,4.11046349356052110e-01,-9.94901815866190420e-02,7.27708276900787651e-04,7.56827926850599658e-02,7.49550844081591783e-02,4.41797148634881509e-03,7.32050500626437728e-02,6.87870785762949577e-02,3.96077057090769946e+00,3.89189745018911015e+00,8.11911243873969957e-01,8.56358140161528780e-01,2.16894279000030110e-01,1,1,1,ok,relative_bounded_ricci
127,5127,256,8.39999999999999969e-01,box_shear_aspect,shape_channel,voro_radical,voro_radical_rebuilt,1,1,1.16879172141418311e-01,1.16879172141418311e-01,0.00000000000000000e+00,6.54934936720770189e-02,6.54934936720770189e-02,0.00000000000000000e+00,1.19028490415849036e-01,1.19028490415849036e-01,0.00000000000000000e+00,4.92855056365155586e-01,4.92855056365155586e-01,0.00000000000000000e+00,1.04133895578008207e+02,1.04133895578008207e+02,0.00000000000000000e+00,1.36585511616315547e-01,1.36585511616315547e-01,0.00000000000000000e+00,5.10536530942671152e-01,5.10536530942671152e-01,0.00000000000000000e+00,7.27708276900787651e-04,7.27708276900787651e-04,0.00000000000000000e+00,4.41797148634881509e-03,4.41797148634881509e-03,0.00000000000000000e+00,3.96077057090769946e+00,3.96077057090769946e+00,8.11911243873969957e-01,8.11911243873969957e-01,3.41736334699999134e+00,0,0,0,ok,aspect-only box strain; shear omitted for rectangular voro++ container
127,5127,256,8.39999999999999969e-01,compression_step,coupled,voro_radical,voro_radical_rebuilt,1,1,1.16879172141418311e-01,1.16879172141418450e-01,1.38777878078144568e-16,6.54934936720770189e-02,6.54934936720770189e-02,0.00000000000000000e+00,1.19028490415849036e-01,1.19028490415849078e-01,4.16333634234433703e-17,4.92855056365155586e-01,4.92855056365155586e-01,0.00000000000000000e+00,1.04133895578008207e+02,1.04133895578008207e+02,0.00000000000000000e+00,1.36585511616315547e-01,1.36585511616315547e-01,0.00000000000000000e+00,5.10536530942671152e-01,5.10536530942671152e-01,0.00000000000000000e+00,7.27708276900787651e-04,0.00000000000000000e+00,-7.27708276900787651e-04,4.41797148634881509e-03,0.00000000000000000e+00,-4.41797148634881509e-03,3.96077057090769946e+00,3.96077057090769946e+00,8.11911243873969957e-01,8.11911243873969957e-01,1.63524982000001273e+00,0,0,0,ok,local phi scan best endpoint
127,5127,256,8.39999999999999969e-01,free_ricci,sum_channel,voro_radical,voro_radical_fixed_topology,1,1,1.16879172141418311e-01,1.12683729721892778e-01,-4.19544241952553298e-03,6.54934936720770189e-02,5.63850735144529825e-12,-6.54934936664385153e-02,1.19028490415849036e-01,1.16428555877041762e-01,-2.59993453880727476e-03,4.92855056365155586e-01,4.08120583357052979e-11,-4.92855056324343510e-01,1.04133895578008207e+02,7.06265063765117739e-09,-1.04133895570945555e+02,1.36585511616315547e-01,1.90696756064440768e-10,-1.36585511425618783e-01,5.10536530942671152e-01,4.04515149359574405e-10,-5.10536530538155953e-01,7.27708276900787651e-04,3.58221966224199484e+00,3.58149195396509423e+00,4.41797148634881509e-03,4.84932238440477725e-01,4.80514266954128910e-01,3.96077057090769946e+00,4.70283894197639718e+00,8.11911243873969957e-01,9.17265909491604803e-01,2.03707711999982166e-01,1,1,1,ok,converged: max_abs_K < tol
127,5127,256,8.39999999999999969e-01,post_voro_surgery,topology,voro_radical,post_surgery_nonradical,1,1,1.16879172141418311e-01,1.40231025062902082e-01,2.33518529214837706e-02,6.54934936720770189e-02,6.11507664956088132e-02,-4.34272717646820572e-03,1.19028490415849036e-01,1.47251082817057649e-01,2.82225924012086127e-02,4.92855056365155586e-01,4.40398969011745967e-01,-5.24560873534096195e-02,1.04133895578008207e+02,7.20940481257360943e+01,-3.20398474522721131e+01,1.36585511616315547e-01,1.25480238261047317e-01,-1.11052733552682303e-02,5.10536530942671152e-01,3.64569196659280170e-01,-1.45967334283390981e-01,7.27708276900787651e-04,7.27708276900787651e-04,0.00000000000000000e+00,4.41797148634881509e-03,4.41797148634881509e-03,0.00000000000000000e+00,3.96077057090769946e+00,3.96077057090769946e+00,8.11911243873969957e-01,8.31497844403160102e-01,5.93087968139999475e+01,1,0,0,ok,light topology surgery; no longer radical
127,5127,256,8.39999999999999969e-01,radius_label_swap,sum_channel,voro_radical,voro_radical_rebuilt,1,1,1.16879172141418311e-01,1.16819572667676119e-01,-5.95994737421917664e-05,6.54934936720770189e-02,6.54953408018977695e-02,1.84712982075063703e-06,1.19028490415849036e-01,1.19003506324688632e-01,-2.49840911604043425e-05,4.92855056365155586e-01,4.90441790964181057e-01,-2.41326540097452913e-03,1.04133895578008207e+02,9.48997629188252176e+01,-9.23413265918298976e+00,1.36585511616315547e-01,1.36132649339332668e-01,-4.52862276982879397e-04,5.10536530942671152e-01,4.64586546946119339e-01,-4.59499839965518131e-02,7.27708276900787651e-04,7.25394303874600153e-04,-2.31397302618749877e-06,4.41797148634881509e-03,4.41797148634881509e-03,0.00000000000000000e+00,3.96077057090769946e+00,3.96077057090769946e+00,8.11911243873969957e-01,8.11911243873969957e-01,3.72879582999996728e+00,0,1,0,ok,radius labels permuted; distribution exactly preserved
127,5127,256,8.39999999999999969e-01,shape_descent,shape_channel,voro_radical,voro_radical_rebuilt,1,1,1.16879172141418311e-01,1.16851220484952598e-01,-2.79516564657134037e-05,6.54934936720770189e-02,6.54934936720770189e-02,0.00000000000000000e+00,1.19028490415849036e-01,1.18957480217245601e-01,-7.10101986034356036e-05,4.92855056365155586e-01,4.92855056365155586e-01,0.00000000000000000e+00,1.04133895578008207e+02,1.04133895578008207e+02,0.00000000000000000e+00,1.36585511616315547e-01,1.36585511616315547e-01,0.00000000000000000e+00,5.10536530942671152e-01,5.10536530942671152e-01,0.00000000000000000e+00,7.27708276900787651e-04,7.36626826154008368e-04,8.91854925322071654e-06,4.41797148634881509e-03,4.41797148634881509e-03,0.00000000000000000e+00,3.96077057090769946e+00,3.96077057090769946e+00,8.11911243873969957e-01,8.11911243873969957e-01,5.28807607600003848e+00,0,1,0,ok,stochastic coordinate shape descent
